{"created_at": "Sat Oct 15 13:10:06 +0000 2011", "favorited": false, "id": 125196751387889665, "in_reply_to_screen_name": "Apple", "in_reply_to_user_id": 380749300, "lang": "en", "retweeted": false, "source": "<a href=\"http://twitter.com/download/android\" rel=\"nofollow\">Twitter for Android</a>", "text": "@Apple Scrapple. (:", "truncated": false, "user": {"created_at": "Thu Jun 30 04:28:12 +0000 2011", "favourites_count": 375, "followers_count": 379, "friends_count": 329, "geo_enabled": true, "id": 326582054, "lang": "en", "listed_count": 5, "name": "Stephanie Cardillo", "profile_background_color": "ACDED6", "profile_background_image_url": "http://pbs.twimg.com/profile_background_images/411081262/believe1.jpeg", "profile_background_tile": true, "profile_banner_url": "https://pbs.twimg.com/profile_banners/326582054/1397236250", "profile_image_url": "https://pbs.twimg.com/profile_images/461706304328065025/KHWmVWyY_normal.jpeg", "profile_link_color": "038543", "profile_sidebar_fill_color": "F6F6F6", "profile_text_color": "333333", "protected": false, "screen_name": "stefffcarrr", "statuses_count": 10419, "time_zone": "Eastern Time (US & Canada)", "utc_offset": -14400}, "user_mentions": [{"id": 380749300, "name": "@apple", "screen_name": "Apple"}]}