{"created_at": "Sat Oct 15 12:56:23 +0000 2011", "favorited": false, "id": 125193298624258049, "in_reply_to_screen_name": "stephiekrik", "in_reply_to_status_id": 125018905705054209, "in_reply_to_user_id": 40047915, "lang": "en", "retweeted": false, "source": "<a href=\"http://twitter.com\" rel=\"nofollow\">Twitter Web Client</a>", "text": "@tvnewschick @apple Oh no! Why not?! I want it to be love-love-love! It's a lot of dough to spend otherwise...", "truncated": false, "user": {"created_at": "Sat Feb 06 19:52:57 +0000 2010", "description": "Author of LoveHampton (St. Martin's Press). So obsessed w/the WEATHER that it's the theme of my 2nd novel. TV marketer. Freelance writer. Pop culture vulture.", "favourites_count": 12, "followers_count": 539, "friends_count": 1192, "geo_enabled": true, "id": 111967837, "lang": "en", "listed_count": 26, "location": "New York, NY", "name": "Sherri Rifkin", "profile_background_color": "311D39", "profile_background_image_url": "http://pbs.twimg.com/profile_background_images/117796110/LoveHampton_by_Sherri_Rifkin_Final_cover_art_small.jpg", "profile_background_tile": true, "profile_banner_url": "https://pbs.twimg.com/profile_banners/111967837/1354253388", "profile_image_url": "https://pbs.twimg.com/profile_images/3076338981/b0293a2f89e1e594ccc23abd73b42491_normal.jpeg", "profile_link_color": "9B8E7E", "profile_sidebar_fill_color": "C3CCAF", "profile_text_color": "67434F", "protected": false, "screen_name": "sherririfkin", "statuses_count": 3910, "time_zone": "Eastern Time (US & Canada)", "url": "http://t.co/1zuJlPFdik", "utc_offset": -14400}, "user_mentions": [{"id": 237950879, "name": "Stephanie Krikorian", "screen_name": "tvnewschick"}, {"id": 380749300, "name": "@apple", "screen_name": "Apple"}]}