{"created_at": "Sat Oct 15 18:46:52 +0000 2011", "favorited": false, "id": 125281502866059264, "lang": "en", "retweeted": false, "source": "<a href=\"http://twitter.com/download/iphone\" rel=\"nofollow\">Twitter for iPhone</a>", "text": "Iphone update is great but seriously @apple let me delete stuff I dont want like gamecenter. Steve wont mind...", "truncated": false, "user": {"created_at": "Tue Jul 20 19:12:26 +0000 2010", "description": "I'm an Alligator", "favourites_count": 77, "followers_count": 709, "friends_count": 171, "id": 168765989, "lang": "en", "location": "Raleigh", "name": "Marc-Andre", "profile_background_color": "C0DEED", "profile_background_image_url": "http://abs.twimg.com/images/themes/theme1/bg.png", "profile_background_tile": false, "profile_image_url": "https://pbs.twimg.com/profile_images/1361139619/008_normal.JPG", "profile_link_color": "0084B4", "profile_sidebar_fill_color": "DDEEF6", "profile_text_color": "333333", "protected": false, "screen_name": "MarcAndreGauvn", "statuses_count": 6215, "time_zone": "Quito", "utc_offset": -18000}, "user_mentions": [{"id": 380749300, "name": "@apple", "screen_name": "Apple"}]}