{"created_at": "Sat Oct 15 15:27:11 +0000 2011", "favorited": false, "id": 125231250247135233, "in_reply_to_screen_name": "realestateguy", "in_reply_to_status_id": 125067870668472320, "in_reply_to_user_id": 17197812, "lang": "en", "retweeted": false, "source": "<a href=\"https://about.twitter.com/products/tweetdeck\" rel=\"nofollow\">TweetDeck</a>", "text": "@RealEstateGuyWI All about yesterday's @Apple upgrade. Helpful but maddening", "truncated": false, "user": {"created_at": "Sat Sep 06 16:42:41 +0000 2008", "description": "Slightly geeky community activist. Pro-progressive. Boston accent seasoned in Madison. Consults on real estate/seniors housing. Dog's lineage questionable.", "favourites_count": 563, "followers_count": 1420, "friends_count": 1998, "geo_enabled": true, "id": 16158234, "lang": "en", "listed_count": 101, "location": "Madison, WI", "name": "Judy Karofsky", "profile_background_color": "FFFFFF", "profile_background_image_url": "http://pbs.twimg.com/profile_background_images/718234428/817f11f08a91a800d56a284a25fd6d8a.png", "profile_background_tile": true, "profile_banner_url": "https://pbs.twimg.com/profile_banners/16158234/1361659932", "profile_image_url": "https://pbs.twimg.com/profile_images/1522058202/Twitter_052110_normal.jpg", "profile_link_color": "000000", "profile_sidebar_fill_color": "FFFFFF", "profile_text_color": "000000", "protected": false, "screen_name": "Karofsky", "statuses_count": 5998, "time_zone": "Central Time (US & Canada)", "url": "http://t.co/ciUSEzVpza", "utc_offset": -18000}, "user_mentions": [{"id": 380749300, "name": "@apple", "screen_name": "Apple"}]}