{"created_at": "Sat Oct 15 17:25:31 +0000 2011", "favorited": false, "id": 125261029834899456, "lang": "en", "retweeted": false, "source": "<a href=\"http://stone.com/Twittelator\" rel=\"nofollow\">Twittelator</a>", "text": "Thinking more, I want Android to do an iMessage service & for @Google & @Apple to interconnect. They would if the cared about their users.", "truncated": false, "user": {"created_at": "Thu Mar 06 07:43:37 +0000 2008", "description": "Innovation consultant into useful technology, smart home design, fast cars. Prolific designer and builder of many things.", "favourites_count": 9, "followers_count": 536, "friends_count": 318, "geo_enabled": true, "id": 14087483, "lang": "en", "listed_count": 22, "location": "Ipswich, Suffolk", "name": "robcollingridge", "profile_background_color": "9AE4E8", "profile_background_image_url": "http://pbs.twimg.com/profile_background_images/470591995946086400/POZsPQ8f.jpeg", "profile_background_tile": false, "profile_banner_url": "https://pbs.twimg.com/profile_banners/14087483/1401032705", "profile_image_url": "https://pbs.twimg.com/profile_images/296671702/Portrait2_normal.jpg", "profile_link_color": "0084B4", "profile_sidebar_fill_color": "DDFFCC", "profile_text_color": "333333", "protected": false, "screen_name": "robcollingridge", "statuses_count": 14640, "time_zone": "London", "url": "http://t.co/1UZwpSDhkC", "utc_offset": 3600}, "user_mentions": [{"id": 20536157, "name": "A Googler", "screen_name": "google"}, {"id": 380749300, "name": "@apple", "screen_name": "Apple"}]}