{"created_at": "Sat Oct 15 18:56:17 +0000 2011", "favorited": false, "id": 125283873331494913, "in_reply_to_screen_name": "Samsungindex", "in_reply_to_user_id": 87319324, "lang": "en", "retweeted": false, "source": "<a href=\"http://twitter.com\" rel=\"nofollow\">Twitter Web Client</a>", "text": "@samsung and @apple never rest as they battle in court yet again over tablets.(not the pills)", "truncated": false, "user": {"created_at": "Mon Feb 28 20:14:12 +0000 2011", "description": "Tv-Show Maniac - 76th shows and counting! - League player", "favourites_count": 66, "followers_count": 168, "friends_count": 203, "id": 258926244, "lang": "en", "location": "Around Diagon alley", "name": "Nandy", "profile_background_color": "C6E2EE", "profile_background_image_url": "http://abs.twimg.com/images/themes/theme2/bg.gif", "profile_background_tile": false, "profile_image_url": "https://pbs.twimg.com/profile_images/428579752895459328/ttYgyKU4_normal.jpeg", "profile_link_color": "000000", "profile_sidebar_fill_color": "DAECF4", "profile_text_color": "663B12", "protected": false, "screen_name": "ThelastsSamurai", "statuses_count": 8047, "time_zone": "London", "utc_offset": 3600}, "user_mentions": [{"id": 97610612, "name": "samsung", "screen_name": "samsung"}, {"id": 380749300, "name": "@apple", "screen_name": "Apple"}]}