{"created_at": "Sat Oct 15 15:00:43 +0000 2011", "favorited": false, "hashtags": ["Siri"], "id": 125224588253741056, "lang": "en", "retweeted": false, "source": "<a href=\"http://twitter.com/download/iphone\" rel=\"nofollow\">Twitter for iPhone</a>", "text": "#Siri went down for a little while last night. Come on @apple! Get your shit together on this launch!", "truncated": false, "user": {"created_at": "Thu Apr 02 04:04:04 +0000 2009", "favourites_count": 1, "followers_count": 113, "friends_count": 118, "id": 28278137, "lang": "en", "listed_count": 1, "location": "Orlando, Florida", "name": "Brandon Metz", "profile_background_color": "022330", "profile_background_image_url": "http://abs.twimg.com/images/themes/theme15/bg.png", "profile_background_tile": false, "profile_image_url": "https://pbs.twimg.com/profile_images/1882644752/me_normal.jpg", "profile_link_color": "0084B4", "profile_sidebar_fill_color": "C0DFEC", "profile_text_color": "333333", "protected": false, "screen_name": "BrandonMetz", "statuses_count": 2401, "time_zone": "Eastern Time (US & Canada)", "utc_offset": -14400}, "user_mentions": [{"id": 380749300, "name": "@apple", "screen_name": "Apple"}]}