{"created_at": "Sat Oct 15 15:22:38 +0000 2011", "favorited": false, "id": 125230107580317696, "lang": "en", "retweeted": false, "source": "<a href=\"https://about.twitter.com/products/tweetdeck\" rel=\"nofollow\">TweetDeck</a>", "text": "This does not bode well. After charging all night, my @Apple iPhone 4S has 25% battery after only 3hr off charger with no calls & light use", "truncated": false, "user": {"created_at": "Wed May 13 21:59:28 +0000 2009", "description": "Father, hacker, runner, and general pain in the ass.  Space tweep, Disney fan... I'm not a geek, but I play one in real life.", "favourites_count": 20, "followers_count": 404, "friends_count": 525, "id": 39848301, "lang": "en", "listed_count": 59, "location": "Ashburn, VA", "name": "Todd Palino \u30c4", "profile_background_color": "709397", "profile_background_image_url": "http://abs.twimg.com/images/themes/theme6/bg.gif", "profile_background_tile": false, "profile_image_url": "https://pbs.twimg.com/profile_images/2071022877/avatar_normal.jpg", "profile_link_color": "FF3300", "profile_sidebar_fill_color": "A0C5C7", "profile_text_color": "333333", "protected": false, "screen_name": "bonkoif", "statuses_count": 8774, "time_zone": "Eastern Time (US & Canada)", "url": "http://t.co/tRFvq2E9E4", "utc_offset": -14400}, "user_mentions": [{"id": 380749300, "name": "@apple", "screen_name": "Apple"}]}