{"created_at": "Sat Oct 15 16:44:09 +0000 2011", "favorite_count": 1, "favorited": false, "hashtags": ["noreallyihearvoices"], "id": 125250617911418881, "in_reply_to_screen_name": "moLifer26", "in_reply_to_status_id": 125250078108684288, "in_reply_to_user_id": 71855109, "lang": "en", "retweet_count": 1, "retweeted": false, "source": "<a href=\"http://itunes.apple.com/us/app/twitter/id409789998?mt=12\" rel=\"nofollow\">Twitter for Mac</a>", "text": "@moLifer26 @apple When we find people standing in the middle of blood-soaked rooms saying, \"Siri told me to?\" #noreallyihearvoices", "truncated": false, "user": {"created_at": "Thu May 22 13:27:26 +0000 2008", "description": "Dad, writer/editor, techie, historian. One of those cultural elites you were warned about.", "favourites_count": 104, "followers_count": 671, "friends_count": 604, "geo_enabled": true, "id": 14868161, "lang": "en", "listed_count": 43, "location": "Montgomery County, PA, USA", "name": "David Powell", "profile_background_color": "9AE4E8", "profile_background_image_url": "http://pbs.twimg.com/profile_background_images/56703868/DSC00964_sm.jpg", "profile_background_tile": true, "profile_image_url": "https://pbs.twimg.com/profile_images/378800000425994331/50f7550929df4ef54473d35bbbd2946c_normal.jpeg", "profile_link_color": "0000FF", "profile_sidebar_fill_color": "E0FF92", "profile_text_color": "000000", "protected": false, "screen_name": "davidpowell", "statuses_count": 5558, "time_zone": "Eastern Time (US & Canada)", "url": "http://t.co/td67IWNfaq", "utc_offset": -14400}, "user_mentions": [{"id": 71855109, "name": "Molly or Maggie", "screen_name": "moLifer26"}, {"id": 380749300, "name": "@apple", "screen_name": "Apple"}]}