{"created_at": "Sat Oct 15 18:24:11 +0000 2011", "favorited": false, "hashtags": ["iPad"], "id": 125275795252977664, "lang": "en", "retweeted": false, "source": "<a href=\"https://about.twitter.com/products/tweetdeck\" rel=\"nofollow\">TweetDeck</a>", "text": "What do we have to do to get Flash on #iPad? @Apple please please please change your mind. Thank you in advance! @kusi_sk  @PeterNemcok", "truncated": false, "user": {"created_at": "Mon Jul 25 05:42:21 +0000 2011", "description": "I love finding ways for making @CiscoCollab & @CiscoCC deployments better. That's why I work @2Ring4UC. + #IceHockey #Soccer #Surface #DepecheMode #Runner", "favourites_count": 870, "followers_count": 544, "friends_count": 496, "geo_enabled": true, "id": 341931511, "lang": "en", "listed_count": 20, "location": "Sacramento | Trencin", "name": "Michal Grebac", "profile_background_color": "C6E2EE", "profile_background_image_url": "http://pbs.twimg.com/profile_background_images/378800000014707630/7dea8cee102911de287cfb5dbce3b87b.jpeg", "profile_background_tile": false, "profile_image_url": "https://pbs.twimg.com/profile_images/1509781258/2Ring_Grebac_TWITTER_01_normal.jpg", "profile_link_color": "1F98C7", "profile_sidebar_fill_color": "DAECF4", "profile_text_color": "663B12", "protected": false, "screen_name": "MichalGrebac", "statuses_count": 2828, "time_zone": "Pacific Time (US & Canada)", "url": "http://t.co/4TYOzE7Xwg", "utc_offset": -25200}, "user_mentions": [{"id": 380749300, "name": "@apple", "screen_name": "Apple"}, {"id": 15932244, "name": "Tomas Kusenda", "screen_name": "kusi_sk"}, {"id": 310738054, "name": "Peter Nem\u010dok", "screen_name": "PeterNemcok"}]}