{"created_at": "Sat Oct 15 17:06:45 +0000 2011", "favorited": false, "hashtags": ["iOs5"], "id": 125256305647693825, "lang": "en", "place": {"attributes": {}, "bounding_box": {"coordinates": [[[2.96801495870199, 50.6008050319182], [3.12638111623726, 50.6008050319182], [3.12638111623726, 50.6611970085724], [2.96801495870199, 50.6611970085724]]], "type": "Polygon"}, "contained_within": [], "country": "France", "country_code": "FR", "full_name": "Lille, Norte", "id": "11a7dbda138b278c", "name": "Lille", "place_type": "city", "url": "https://api.twitter.com/1.1/geo/id/11a7dbda138b278c.json"}, "retweeted": false, "source": "<a href=\"http://twitter.com\" rel=\"nofollow\">Twitter Web Client</a>", "text": "#iOs5 is nice and as it had to be ! Thanks @Apple", "truncated": false, "user": {"created_at": "Tue Jan 11 15:49:38 +0000 2011", "favourites_count": 4, "followers_count": 69, "friends_count": 230, "geo_enabled": true, "id": 236882387, "lang": "fr", "listed_count": 2, "location": "France", "name": "F.Lejeune", "profile_background_color": "131516", "profile_background_image_url": "http://abs.twimg.com/images/themes/theme14/bg.gif", "profile_background_tile": true, "profile_banner_url": "https://pbs.twimg.com/profile_banners/236882387/1353361803", "profile_image_url": "https://pbs.twimg.com/profile_images/2870791214/54ac1826e34b8ae106db487c8b4d26f8_normal.jpeg", "profile_link_color": "009999", "profile_sidebar_fill_color": "EFEFEF", "profile_text_color": "333333", "protected": false, "screen_name": "fran_lejeune", "statuses_count": 660, "time_zone": "Amsterdam", "utc_offset": 7200}, "user_mentions": [{"id": 380749300, "name": "@apple", "screen_name": "Apple"}]}