{"created_at": "Sat Oct 15 14:57:07 +0000 2011", "favorited": false, "hashtags": ["EpicFail"], "id": 125223685194915840, "in_reply_to_screen_name": "Ford", "in_reply_to_user_id": 15676492, "lang": "en", "retweeted": false, "source": "<a href=\"http://twitter.com/download/iphone\" rel=\"nofollow\">Twitter for iPhone</a>", "text": "@ford should have teamed up with @Apple instead of @microsoft to make this SYNC system in my new focus. \nCar is sweet SYNC is #EpicFail", "truncated": false, "user": {"created_at": "Fri Mar 27 01:44:47 +0000 2009", "description": "Humanist. Shade tree Philosopher. Savage. Caveman. Lover and Fighter.\nCandidate for Ottawa INNES Ward 2 in the great city of Ottawa!", "favourites_count": 1152, "followers_count": 3972, "friends_count": 413, "geo_enabled": true, "id": 26916944, "lang": "en", "listed_count": 64, "location": "Ottawa", "name": "Jody Mitic", "profile_background_color": "131516", "profile_background_image_url": "http://abs.twimg.com/images/themes/theme14/bg.gif", "profile_background_tile": true, "profile_banner_url": "https://pbs.twimg.com/profile_banners/26916944/1353348843", "profile_image_url": "https://pbs.twimg.com/profile_images/414487329722888192/lLIw28dS_normal.jpeg", "profile_link_color": "009999", "profile_sidebar_fill_color": "EFEFEF", "profile_text_color": "333333", "protected": false, "screen_name": "JODYMITIC", "statuses_count": 13832, "time_zone": "Eastern Time (US & Canada)", "url": "http://t.co/PoFbOyeBCk", "utc_offset": -14400}, "user_mentions": [{"id": 15676492, "name": "Ford Motor Company", "screen_name": "Ford"}, {"id": 380749300, "name": "@apple", "screen_name": "Apple"}, {"id": 74286565, "name": "Microsoft", "screen_name": "Microsoft"}]}