{"created_at": "Sat Oct 15 18:40:51 +0000 2011", "favorited": false, "hashtags": ["iphone4s"], "id": 125279987254300672, "lang": "en", "retweeted": false, "source": "<a href=\"https://about.twitter.com/products/tweetdeck\" rel=\"nofollow\">TweetDeck</a>", "text": "The #iphone4s is  amazing. Siri's voice recognition is absolutely a step above previous attempts. Bravo @apple", "truncated": false, "user": {"created_at": "Fri Oct 09 23:40:52 +0000 2009", "followers_count": 193, "friends_count": 495, "geo_enabled": true, "id": 81231757, "lang": "en", "location": "Boston, MA", "name": "TheAudioPod.com", "profile_background_color": "C0DEED", "profile_background_image_url": "http://pbs.twimg.com/profile_background_images/43983246/101_0257.JPG", "profile_background_tile": true, "profile_image_url": "https://pbs.twimg.com/profile_images/462094561/Screen_shot_2009-10-09_at_7.44.56_PM_normal.png", "profile_link_color": "0084B4", "profile_sidebar_fill_color": "DDEEF6", "profile_text_color": "333333", "protected": false, "screen_name": "TheAudioPod", "statuses_count": 573, "time_zone": "Quito", "url": "http://t.co/tBMeglhHlc", "utc_offset": -18000}, "user_mentions": [{"id": 380749300, "name": "@apple", "screen_name": "Apple"}]}