{"created_at": "Sat Oct 15 14:41:09 +0000 2011", "favorited": false, "id": 125219664488960000, "in_reply_to_screen_name": "rogriffo", "in_reply_to_status_id": 125219187634348032, "in_reply_to_user_id": 44808072, "lang": "pt", "retweeted": false, "source": "<a href=\"http://twitter.com\" rel=\"nofollow\">Twitter Web Client</a>", "text": "@rogriffo VC Viu ontem A @Apple Estava dando IPhone 3 No Site dos estados Unidos", "truncated": false, "user": {"created_at": "Fri Aug 12 02:30:19 +0000 2011", "description": "Ze povim quer meu fim, se esperar apodrece.. Camp\u00e3o, 16 anos, Whatsapp: 06792849466 , Instagram: bielbonfim_", "favourites_count": 39, "followers_count": 616, "friends_count": 459, "geo_enabled": true, "id": 353441959, "lang": "pt", "name": "Bonfim", "profile_background_color": "131516", "profile_background_image_url": "http://abs.twimg.com/images/themes/theme14/bg.gif", "profile_background_tile": true, "profile_banner_url": "https://pbs.twimg.com/profile_banners/353441959/1395004330", "profile_image_url": "https://pbs.twimg.com/profile_images/470637912770744321/N05rR_In_normal.jpeg", "profile_link_color": "009999", "profile_sidebar_fill_color": "EFEFEF", "profile_text_color": "333333", "protected": false, "screen_name": "Bielbonfim_", "statuses_count": 6525, "time_zone": "Brasilia", "utc_offset": -10800}, "user_mentions": [{"id": 44808072, "name": "rogriffo", "screen_name": "rogriffo"}, {"id": 380749300, "name": "@apple", "screen_name": "Apple"}]}