{"created_at": "Sat Oct 15 17:12:42 +0000 2011", "favorited": false, "hashtags": ["app", "iPad", "yyc"], "id": 125257803790159873, "lang": "en", "retweeted": false, "source": "<a href=\"https://about.twitter.com/products/tweetdeck\" rel=\"nofollow\">TweetDeck</a>", "text": "bored - need a new intriguing #app for my #iPad.  Any suggestions?  @apple #yyc @Gadget_Guy", "truncated": false, "user": {"created_at": "Tue Feb 10 15:53:58 +0000 2009", "description": "things I love: family, life, my garden, cooking, cigars, technology and real estate.  I'll write about it all.", "favourites_count": 1, "followers_count": 262, "friends_count": 664, "id": 20521355, "lang": "en", "listed_count": 8, "location": "Calgary, AB", "name": "Dan Welyk", "profile_background_color": "FFFFFF", "profile_background_image_url": "http://pbs.twimg.com/profile_background_images/731156809/867c5f8be8bb38e7c699e5863479e1ff.png", "profile_background_tile": false, "profile_image_url": "https://pbs.twimg.com/profile_images/1899338940/T21_29NOV2011-1060_normal.JPG", "profile_link_color": "444747", "profile_sidebar_fill_color": "C2BEBE", "profile_text_color": "0A0A0A", "protected": false, "screen_name": "findnewdigs", "statuses_count": 571, "url": "http://t.co/ys4ZwMTnIa"}, "user_mentions": [{"id": 380749300, "name": "@apple", "screen_name": "Apple"}, {"id": 21213782, "name": "Mike Yawney", "screen_name": "Gadget_Guy"}]}