{"created_at": "Sat Oct 15 17:21:50 +0000 2011", "favorited": false, "id": 125260105154437121, "in_reply_to_screen_name": "Apple", "in_reply_to_user_id": 380749300, "lang": "en", "retweeted": false, "source": "<a href=\"http://twitter.com/download/iphone\" rel=\"nofollow\">Twitter for iPhone</a>", "text": "@apple in Austin:  domain location - umbrellas are nice but being staffed properly would be better.", "truncated": false, "user": {"created_at": "Sun Mar 02 05:07:16 +0000 2008", "description": "Catholic husband and father of 6...well...I'm a husband to one wife and father of 6 children..and I'm not the hotel in Miami !!!!", "favourites_count": 186, "followers_count": 414, "friends_count": 777, "geo_enabled": true, "id": 14067642, "lang": "en", "listed_count": 5, "location": "Texas", "name": "Delano Mireles", "profile_background_color": "352726", "profile_background_image_url": "http://pbs.twimg.com/profile_background_images/547871757/twilk_background_4faae375c9434.jpg", "profile_background_tile": true, "profile_image_url": "https://pbs.twimg.com/profile_images/3540401324/11a2c6a1be7c28a20c869401b0c9187c_normal.jpeg", "profile_link_color": "D02B55", "profile_sidebar_fill_color": "99CC33", "profile_text_color": "3E4415", "protected": false, "screen_name": "delano", "statuses_count": 1641, "time_zone": "Central Time (US & Canada)", "url": "http://t.co/KUeAuVqZJR", "utc_offset": -18000}, "user_mentions": [{"id": 380749300, "name": "@apple", "screen_name": "Apple"}]}