{"created_at": "Sat Oct 15 17:49:57 +0000 2011", "favorited": false, "id": 125267178336419840, "in_reply_to_screen_name": "ericgreenspan", "in_reply_to_status_id": 125239522320584704, "in_reply_to_user_id": 32639070, "lang": "en", "retweeted": false, "source": "<a href=\"http://twitter.com/download/android\" rel=\"nofollow\">Twitter for Android</a>", "text": "Also @EricGreenspan, don't forget @Apple stop closing the app store after each bloody purchase...", "truncated": false, "user": {"created_at": "Tue Feb 22 00:19:52 +0000 2011", "description": "The ULTIMATE doggie escape artist.", "followers_count": 21, "friends_count": 41, "geo_enabled": true, "id": 255753930, "lang": "en", "location": "Reno, NV", "name": "Marrok", "profile_background_color": "131516", "profile_background_image_url": "http://abs.twimg.com/images/themes/theme14/bg.gif", "profile_background_tile": true, "profile_image_url": "https://pbs.twimg.com/profile_images/1408669443/image_normal.jpg", "profile_link_color": "009999", "profile_sidebar_fill_color": "EFEFEF", "profile_text_color": "333333", "protected": false, "screen_name": "thejabberwockey", "statuses_count": 119, "time_zone": "Pacific Time (US & Canada)", "utc_offset": -25200}, "user_mentions": [{"id": 32639070, "name": "Eric Greenspan", "screen_name": "ericgreenspan"}, {"id": 380749300, "name": "@apple", "screen_name": "Apple"}]}