{"created_at": "Sat Oct 15 13:49:58 +0000 2011", "favorited": false, "id": 125206785584922624, "lang": "en", "retweeted": false, "source": "<a href=\"http://ping.fm/\" rel=\"nofollow\">Ping.fm</a>", "text": "Today very cheap for Hemp For Fuel.And Free shipping for Hemp For Fuel too. http://t.co/8gyJLbMW@Farberware @Apple @Peeler", "truncated": false, "urls": {"http://t.co/8gyJLbMW": "http://hemp-for-fuel.hemps-discount.tk"}, "user": {"created_at": "Sun Oct 09 23:44:32 +0000 2011", "followers_count": 1, "id": 387972192, "lang": "en", "location": "Tennessee", "name": "May Kinnunen", "profile_background_color": "EBEBEB", "profile_background_image_url": "http://abs.twimg.com/images/themes/theme7/bg.gif", "profile_background_tile": false, "profile_image_url": "https://pbs.twimg.com/profile_images/1580749537/PPK-4639_normal.jpg", "profile_link_color": "990000", "profile_sidebar_fill_color": "F3F3F3", "profile_text_color": "333333", "protected": false, "screen_name": "Maydy01", "statuses_count": 491}, "user_mentions": [{"id": 380749300, "name": "@apple", "screen_name": "Apple"}, {"id": 35358671, "name": "Sandy Southall", "screen_name": "peeler"}]}