{"created_at": "Sat Oct 15 15:54:04 +0000 2011", "favorited": false, "id": 125238017299451905, "in_reply_to_screen_name": "Apple", "in_reply_to_user_id": 380749300, "lang": "en", "retweeted": false, "source": "<a href=\"http://twitter.com/download/iphone\" rel=\"nofollow\">Twitter for iPhone</a>", "text": "@Apple: Siri is amazing!!! I'm in love!", "truncated": false, "user": {"created_at": "Sat Mar 12 20:54:15 +0000 2011", "followers_count": 18, "friends_count": 10, "id": 265000164, "lang": "en", "location": "Denver, CO", "name": "Zachary Kiebler", "profile_background_color": "C0DEED", "profile_background_image_url": "http://abs.twimg.com/images/themes/theme1/bg.png", "profile_background_tile": false, "profile_image_url": "https://pbs.twimg.com/profile_images/1271730726/image_normal.jpg", "profile_link_color": "0084B4", "profile_sidebar_fill_color": "DDEEF6", "profile_text_color": "333333", "protected": false, "screen_name": "zachkiebler", "statuses_count": 265, "url": "http://t.co/BVcIC5Sgdx"}, "user_mentions": [{"id": 380749300, "name": "@apple", "screen_name": "Apple"}]}