{"created_at": "Sat Oct 15 15:48:52 +0000 2011", "favorited": false, "id": 125236708403970048, "lang": "en", "retweeted": false, "source": "<a href=\"http://twitter.com\" rel=\"nofollow\">Twitter Web Client</a>", "text": "total time on the phone with @apple: 1 hour 27 minutes. let's see how this goes.", "truncated": false, "user": {"created_at": "Fri Feb 06 17:36:02 +0000 2009", "description": "american radio programmer for @987ampradio #Detroit. 2013 SIN Large Market Top 40 PD of the Year #UNLV Rebel", "favourites_count": 104, "followers_count": 8335, "friends_count": 3730, "id": 20254323, "lang": "en", "listed_count": 100, "location": "#detroit.", "name": "rayne.", "profile_background_color": "1A1B1F", "profile_background_image_url": "http://abs.twimg.com/images/themes/theme9/bg.gif", "profile_background_tile": false, "profile_banner_url": "https://pbs.twimg.com/profile_banners/20254323/1356277584", "profile_image_url": "https://pbs.twimg.com/profile_images/448996732932595712/tZ8_F1VP_normal.jpeg", "profile_link_color": "2FC2EF", "profile_sidebar_fill_color": "252429", "profile_text_color": "666666", "protected": false, "screen_name": "rayne987amp", "statuses_count": 20855, "time_zone": "Eastern Time (US & Canada)", "utc_offset": -14400}, "user_mentions": [{"id": 380749300, "name": "@apple", "screen_name": "Apple"}]}