{"created_at": "Sat Oct 15 14:01:27 +0000 2011", "favorited": false, "hashtags": ["iPad", "tableta"], "id": 125209676416679936, "lang": "es", "retweeted": false, "source": "<a href=\"http://twitterrific.com\" rel=\"nofollow\">Twitterrific</a>", "text": "Sabias que.... RT @MkDirecto Los usuarios del #iPad desayunan y cenan con la #tableta de @Apple: http://t.co/eYXCQQmK", "truncated": false, "urls": {"http://t.co/eYXCQQmK": "http://bit.ly/nvZtKC"}, "user": {"created_at": "Mon Nov 10 21:14:32 +0000 2008", "description": "Fundador (1999) y director de la start up informativa, primer web portal de marketing y publicidad en espa\u00f1ol, http://t.co/3tcyEED9g2. \u00a1TODO por el marketing!", "favourites_count": 12, "followers_count": 16424, "friends_count": 256, "geo_enabled": true, "id": 17295262, "lang": "es", "listed_count": 1246, "location": "Madrid (y por el Mundo)", "name": "Javier Piedrahita", "profile_background_color": "0099B9", "profile_background_image_url": "http://abs.twimg.com/images/themes/theme4/bg.gif", "profile_background_tile": false, "profile_image_url": "https://pbs.twimg.com/profile_images/2651129816/7e3f894f3a299cd9ceb594b788887149_normal.jpeg", "profile_link_color": "0099B9", "profile_sidebar_fill_color": "95E8EC", "profile_text_color": "3C3940", "protected": false, "screen_name": "jpiedrahita", "statuses_count": 45515, "time_zone": "Madrid", "url": "http://t.co/p9IkVHHmnp", "utc_offset": 7200}, "user_mentions": [{"id": 18045145, "name": "MarketingDirecto.com", "screen_name": "MkDirecto"}, {"id": 380749300, "name": "@apple", "screen_name": "Apple"}]}