{"created_at": "Sat Oct 15 16:22:14 +0000 2011", "favorited": false, "hashtags": ["SoRude"], "id": 125245104859529216, "in_reply_to_screen_name": "Apple", "in_reply_to_user_id": 380749300, "lang": "en", "retweeted": false, "source": "<a href=\"http://twitter.com/download/iphone\" rel=\"nofollow\">Twitter for iPhone</a>", "text": "@apple took my Siri and made it exclusive to iPhone 4S  #SoRude", "truncated": false, "user": {"created_at": "Sat Dec 26 22:36:23 +0000 2009", "description": "Computer Geek Turned Med Student :) , And like the screen name  Im a Charger Fan ...Not an easy thing to be sometimes lol", "favourites_count": 13, "followers_count": 36, "friends_count": 179, "geo_enabled": true, "id": 99587649, "lang": "en", "location": "iphone", "name": "thatchargersfan", "profile_background_color": "131516", "profile_background_image_url": "http://pbs.twimg.com/profile_background_images/343087500/index.jpg", "profile_background_tile": true, "profile_image_url": "https://pbs.twimg.com/profile_images/422452336896655361/mEO7Xc7D_normal.jpeg", "profile_link_color": "009999", "profile_sidebar_fill_color": "EFEFEF", "profile_text_color": "333333", "protected": false, "screen_name": "chargerfan808", "statuses_count": 740}, "user_mentions": [{"id": 380749300, "name": "@apple", "screen_name": "Apple"}]}