{"created_at": "Sat Oct 15 16:44:33 +0000 2011", "favorited": false, "hashtags": ["Lion"], "id": 125250721280040961, "lang": "en", "retweeted": false, "source": "<a href=\"http://itunes.apple.com/us/app/twitter/id409789998?mt=12\" rel=\"nofollow\">Twitter for Mac</a>", "text": "And @Apple I still have an old MBP from 2006 which I use - which can't run #Lion, I still like to sync it!", "truncated": false, "user": {"created_at": "Wed Apr 22 21:05:21 +0000 2009", "description": "About what I find interesting at any give point in this crazy ride we call life. Tweets in EN and NO.", "favourites_count": 26, "followers_count": 98, "friends_count": 184, "geo_enabled": true, "id": 34397829, "lang": "en", "listed_count": 2, "location": "Oslo, Norway", "name": "H\u00e5kon K. Olafsen", "profile_background_color": "352726", "profile_background_image_url": "http://abs.twimg.com/images/themes/theme5/bg.gif", "profile_background_tile": false, "profile_image_url": "https://pbs.twimg.com/profile_images/260379783/HkoVidda_normal.JPG", "profile_link_color": "D02B55", "profile_sidebar_fill_color": "99CC33", "profile_text_color": "3E4415", "protected": false, "screen_name": "haakoo", "statuses_count": 4810, "time_zone": "Copenhagen", "utc_offset": 7200}, "user_mentions": [{"id": 380749300, "name": "@apple", "screen_name": "Apple"}]}