{"created_at": "Sat Oct 15 16:30:17 +0000 2011", "favorited": false, "hashtags": ["Siri"], "id": 125247130762883072, "lang": "en", "retweeted": false, "source": "<a href=\"http://twitter.com/download/iphone\" rel=\"nofollow\">Twitter for iPhone</a>", "text": "Hmmmm a lot of #Siri features don't work in Canada. Location and directions? Seriously @apple come on!", "truncated": false, "user": {"created_at": "Wed Apr 20 10:01:51 +0000 2011", "description": "Slightly left of Karl Marx.", "favourites_count": 12, "followers_count": 126, "friends_count": 281, "geo_enabled": true, "id": 284986680, "lang": "en", "listed_count": 1, "name": "Jeff Roffey", "profile_background_color": "C0DEED", "profile_background_image_url": "http://abs.twimg.com/images/themes/theme1/bg.png", "profile_background_tile": false, "profile_banner_url": "https://pbs.twimg.com/profile_banners/284986680/1357632236", "profile_image_url": "https://pbs.twimg.com/profile_images/428832538757320704/BxVt-OmP_normal.jpeg", "profile_link_color": "0084B4", "profile_sidebar_fill_color": "DDEEF6", "profile_text_color": "333333", "protected": false, "screen_name": "jtroffey", "statuses_count": 1688, "url": "http://t.co/dgCgSvyBBj"}, "user_mentions": [{"id": 380749300, "name": "@apple", "screen_name": "Apple"}]}