{"created_at": "Sat Oct 15 18:25:01 +0000 2011", "favorited": false, "hashtags": ["iOS5"], "id": 125276004817190914, "lang": "en", "retweeted": false, "source": "<a href=\"http://www.hootsuite.com\" rel=\"nofollow\">Hootsuite</a>", "text": "So \"cutting the cord\" makes podcasts even harder to manage?!? No subscriptions! WTH, @Apple? http://t.co/LD2i871x #iOS5 (via @carrypad)", "truncated": false, "urls": {"http://t.co/LD2i871x": "http://ow.ly/6YoIj"}, "user": {"created_at": "Thu Apr 23 23:52:22 +0000 2009", "description": "Freelance Writer. Amateur Blogger. Book Worm. Technophile. Web Surfer. Film Buff. Music Fan. Political Junkie. NPR Volunteer. Night Owl. Minor Observationist.", "favourites_count": 4844, "followers_count": 779, "friends_count": 2001, "id": 34776164, "lang": "en", "listed_count": 55, "location": "NY \u2708 IN", "name": "Kevin", "profile_background_color": "131516", "profile_background_image_url": "http://abs.twimg.com/images/themes/theme14/bg.gif", "profile_background_tile": true, "profile_banner_url": "https://pbs.twimg.com/profile_banners/34776164/1349385544", "profile_image_url": "https://pbs.twimg.com/profile_images/721178017/tumblr_icon_red_normal.jpg", "profile_link_color": "009999", "profile_sidebar_fill_color": "EFEFEF", "profile_text_color": "333333", "protected": false, "screen_name": "anglobibliofile", "statuses_count": 4885, "time_zone": "Eastern Time (US & Canada)", "url": "http://t.co/rd053H1MzZ", "utc_offset": -14400}, "user_mentions": [{"id": 380749300, "name": "@apple", "screen_name": "Apple"}, {"id": 92828780, "name": "Carrypad", "screen_name": "Carrypad"}]}