{"created_at": "Sat Oct 15 15:15:05 +0000 2011", "favorited": false, "id": 125228207002759168, "lang": "en", "retweeted": false, "source": "<a href=\"http://ping.fm/\" rel=\"nofollow\">Ping.fm</a>", "text": "Buy more products of Hemp Jewelry Instructions now.Free ship http://t.co/928bPS4t@Lehmans @Apple @Peeler", "truncated": false, "urls": {"http://t.co/928bPS4t": "http://hemp-jewelry-instructions.hemps-discount.tk"}, "user": {"created_at": "Mon Sep 19 16:21:01 +0000 2011", "followers_count": 5, "id": 376277750, "lang": "en", "location": "Tennessee", "name": "Brigitte Agro", "profile_background_color": "EDECE9", "profile_background_image_url": "http://abs.twimg.com/images/themes/theme3/bg.gif", "profile_background_tile": false, "profile_image_url": "https://pbs.twimg.com/profile_images/1550248492/kjhh-4667_normal.jpg", "profile_link_color": "088253", "profile_sidebar_fill_color": "E3E2DE", "profile_text_color": "634047", "protected": false, "screen_name": "Brigittexj086", "statuses_count": 492}, "user_mentions": [{"id": 380749300, "name": "@apple", "screen_name": "Apple"}, {"id": 35358671, "name": "Sandy Southall", "screen_name": "peeler"}]}