{"created_at": "Sat Oct 15 15:25:10 +0000 2011", "favorited": false, "id": 125230743990444032, "lang": "en", "retweeted": false, "source": "<a href=\"http://twitter.com/download/iphone\" rel=\"nofollow\">Twitter for iPhone</a>", "text": "It's been 24hrs since I reported @ups theft of my iPhone and @apple has done nothing. No return call as promised. Nothing.", "truncated": false, "user": {"created_at": "Thu Feb 08 19:31:28 +0000 2007", "description": "VP of Product Development @bedrocket. I travel, take photographs, read non-fiction, drink red wine and walk my dog.", "favourites_count": 117, "followers_count": 1105, "friends_count": 461, "geo_enabled": true, "id": 758319, "lang": "en", "listed_count": 52, "location": "Brooklyn, NY", "name": "Angela Rutherford", "profile_background_color": "FFFFFF", "profile_background_image_url": "http://pbs.twimg.com/profile_background_images/163095210/iPadBackgroundTexture-grey.png", "profile_background_tile": true, "profile_banner_url": "https://pbs.twimg.com/profile_banners/758319/1347981810", "profile_image_url": "https://pbs.twimg.com/profile_images/1211020241/n664211275_494383_5544_normal.jpg", "profile_link_color": "C12F2F", "profile_sidebar_fill_color": "FFFFFF", "profile_text_color": "323232", "protected": false, "screen_name": "angirutherford", "statuses_count": 3521, "time_zone": "Eastern Time (US & Canada)", "url": "http://t.co/R15xWxDcbo", "utc_offset": -14400}, "user_mentions": [{"id": 158129535, "name": "UPS", "screen_name": "UPS"}, {"id": 380749300, "name": "@apple", "screen_name": "Apple"}]}