{"created_at": "Sat Oct 15 17:49:19 +0000 2011", "favorited": false, "id": 125267017942052866, "lang": "ro", "retweet_count": 2, "retweeted": false, "retweeted_status": {"created_at": "Sat Oct 15 17:33:40 +0000 2011", "favorited": false, "id": 125263082380472320, "lang": "ro", "retweet_count": 2, "retweeted": false, "source": "<a href=\"http://www.google.com/\" rel=\"nofollow\">Google</a>", "text": "Sprint, Verizon & AT&T @Apple Stores http://t.co/ZOzR0UUz", "truncated": false, "urls": {"http://t.co/ZOzR0UUz": "http://goo.gl/fb/pqS7o"}, "user": {"created_at": "Wed May 26 02:28:44 +0000 2010", "description": "Organized #Apple #Mac News, Reviews & More. Visit us at http://t.co/CKC8xXUI7h", "favourites_count": 1, "followers_count": 2815, "friends_count": 1523, "geo_enabled": true, "id": 148190576, "lang": "en", "listed_count": 128, "location": "Chicagoland", "name": "TheMacMob", "profile_background_color": "FAFAFA", "profile_background_image_url": "http://pbs.twimg.com/profile_background_images/292715179/pattern1.png", "profile_background_tile": true, "profile_image_url": "https://pbs.twimg.com/profile_images/1406502079/tmm_twitter_normal.png", "profile_link_color": "BE16D8", "profile_sidebar_fill_color": "B3B3B3", "profile_text_color": "333333", "protected": false, "screen_name": "TheMacMob", "statuses_count": 2262, "url": "http://t.co/CKC8xXUI7h"}, "user_mentions": [{"id": 380749300, "name": "@apple", "screen_name": "Apple"}]}, "source": "<a href=\"http://twitter.com/download/iphone\" rel=\"nofollow\">Twitter for iPhone</a>", "text": "RT @TheMacMob: Sprint, Verizon & AT&T @Apple Stores http://t.co/ZOzR0UUz", "truncated": false, "urls": {"http://t.co/ZOzR0UUz": "http://goo.gl/fb/pqS7o"}, "user": {"created_at": "Sun Oct 02 22:39:45 +0000 2011", "description": "A Kentucky Liberal, forced to open an anonymous blog and twitter account for fear of reprisal, whether through work or in life.  Original thoughts to come!", "favourites_count": 2, "followers_count": 212, "friends_count": 743, "geo_enabled": true, "id": 384014901, "lang": "en", "listed_count": 4, "location": "A Kentucky Liberal", "name": "Anon Intellectual", "profile_background_color": "352726", "profile_background_image_url": "http://abs.twimg.com/images/themes/theme5/bg.gif", "profile_background_tile": false, "profile_image_url": "https://pbs.twimg.com/profile_images/1570996889/image_normal.jpg", "profile_link_color": "D02B55", "profile_sidebar_fill_color": "99CC33", "profile_text_color": "3E4415", "protected": false, "screen_name": "AnonIntellect", "statuses_count": 2706, "time_zone": "Eastern Time (US & Canada)", "url": "http://t.co/2c1gRKoH62", "utc_offset": -14400}, "user_mentions": [{"id": 148190576, "name": "TheMacMob", "screen_name": "TheMacMob"}, {"id": 380749300, "name": "@apple", "screen_name": "Apple"}]}