{"created_at": "Sat Oct 15 17:44:09 +0000 2011", "favorited": false, "id": 125265721281351680, "in_reply_to_screen_name": "Apple", "in_reply_to_user_id": 380749300, "lang": "und", "retweeted": false, "source": "<a href=\"http://twitter.com\" rel=\"nofollow\">Twitter Web Client</a>", "text": "@apple cu", "truncated": false, "user": {"created_at": "Sun Jul 25 11:22:54 +0000 2010", "followers_count": 34, "friends_count": 95, "geo_enabled": true, "id": 170650205, "lang": "pt", "location": "tristeza", "name": "talisson da silva", "profile_background_color": "030303", "profile_background_image_url": "http://pbs.twimg.com/profile_background_images/349348425/talisson.png", "profile_background_tile": true, "profile_image_url": "https://pbs.twimg.com/profile_images/1606291193/twitterAvatar_normal.png", "profile_link_color": "039403", "profile_sidebar_fill_color": "EFEFEF", "profile_text_color": "333333", "protected": false, "screen_name": "talisson0204", "statuses_count": 559, "time_zone": "Brasilia", "utc_offset": -10800}, "user_mentions": [{"id": 380749300, "name": "@apple", "screen_name": "Apple"}]}