{"created_at": "Sat Oct 15 16:24:55 +0000 2011", "favorited": false, "hashtags": ["siri"], "id": 125245780192792576, "in_reply_to_screen_name": "Apple", "in_reply_to_user_id": 380749300, "lang": "en", "place": {"attributes": {}, "bounding_box": {"coordinates": [[[-80.095586, 40.3615796], [-79.8657933, 40.3615796], [-79.8657933, 40.501198], [-80.095586, 40.501198]]], "type": "Polygon"}, "contained_within": [], "country": "United States", "country_code": "US", "full_name": "Pittsburgh, PA", "id": "946ccd22e1c9cda1", "name": "Pittsburgh", "place_type": "city", "url": "https://api.twitter.com/1.1/geo/id/946ccd22e1c9cda1.json"}, "retweeted": false, "source": "<a href=\"https://about.twitter.com/products/tweetdeck\" rel=\"nofollow\">TweetDeck</a>", "text": "@apple, #siri can't connect to the network -- it's LESS useful that VoiceControl now... :(", "truncated": false, "user": {"created_at": "Tue Sep 02 16:09:01 +0000 2008", "description": "Developer, Entrepreneur, specializing in PHP and mobile web development.  Now building iPhone/Android apps", "favourites_count": 253, "followers_count": 372, "friends_count": 654, "geo_enabled": true, "id": 16098636, "lang": "en", "listed_count": 33, "location": "Cleveland, OH", "name": "Nicholas Zographos", "profile_background_color": "131516", "profile_background_image_url": "http://abs.twimg.com/images/themes/theme14/bg.gif", "profile_background_tile": true, "profile_image_url": "https://pbs.twimg.com/profile_images/836420376/n620419286_4724_normal.jpg", "profile_link_color": "0D0F0F", "profile_sidebar_fill_color": "EFEFEF", "profile_text_color": "333333", "protected": false, "screen_name": "nzographos", "statuses_count": 1177, "time_zone": "Eastern Time (US & Canada)", "url": "http://t.co/s54uz5GK1O", "utc_offset": -14400}, "user_mentions": [{"id": 380749300, "name": "@apple", "screen_name": "Apple"}]}