{"created_at": "Sat Oct 15 16:50:23 +0000 2011", "favorited": false, "hashtags": ["Bellevue"], "id": 125252188065902592, "lang": "en", "retweeted": false, "source": "<a href=\"http://twitter.com/download/iphone\" rel=\"nofollow\">Twitter for iPhone</a>", "text": "Good support fm Kevin @apple #Bellevue store 4 biz customers TY!", "truncated": false, "user": {"created_at": "Sat Nov 29 19:16:15 +0000 2008", "description": "Marketing and Communications Director, HaloSource, a global water tech company. Formerly with EcoMaven Associates. Tweets are my own.", "favourites_count": 295, "followers_count": 1401, "friends_count": 2001, "geo_enabled": true, "id": 17739746, "lang": "en", "listed_count": 76, "location": "Greater Seattle Area", "name": "Alexandra Steele", "profile_background_color": "352726", "profile_background_image_url": "http://abs.twimg.com/images/themes/theme5/bg.gif", "profile_background_tile": false, "profile_banner_url": "https://pbs.twimg.com/profile_banners/17739746/1390371533", "profile_image_url": "https://pbs.twimg.com/profile_images/2692276691/a62d3062f2be3221caee9290a469bd15_normal.png", "profile_link_color": "D02B55", "profile_sidebar_fill_color": "99CC33", "profile_text_color": "3E4415", "protected": false, "screen_name": "EcomavenNW", "statuses_count": 5774, "time_zone": "Pacific Time (US & Canada)", "url": "http://t.co/826TQ4X7la", "utc_offset": -25200}, "user_mentions": [{"id": 380749300, "name": "@apple", "screen_name": "Apple"}]}