{"created_at": "Sat Oct 15 17:26:32 +0000 2011", "favorited": false, "hashtags": ["ios5"], "id": 125261285083447296, "lang": "en", "retweeted": false, "source": "<a href=\"http://www.hootsuite.com\" rel=\"nofollow\">Hootsuite</a>", "text": "*sigh* @apple store seems stumped what to do about my catastrophically bad battery life after upgrading to #ios5", "truncated": false, "user": {"created_at": "Thu Sep 10 23:46:11 +0000 2009", "description": "Many have tried to corrige, none succeeded. Gay bloviating pedantic irreverent British-born midwest-raised New England Smartass Nerdbear. Bf2 @intrepidbssnist", "favourites_count": 6588, "followers_count": 1570, "friends_count": 1994, "geo_enabled": true, "id": 73254800, "lang": "en", "listed_count": 80, "location": "Boston", "name": "Justin", "profile_background_color": "001342", "profile_background_image_url": "http://pbs.twimg.com/profile_background_images/832096771/44f5788853ca295dd861973e5e4a4e17.jpeg", "profile_background_tile": true, "profile_banner_url": "https://pbs.twimg.com/profile_banners/73254800/1399834801", "profile_image_url": "https://pbs.twimg.com/profile_images/465566821760778240/C1Kzy8MH_normal.jpeg", "profile_link_color": "009999", "profile_sidebar_fill_color": "EFEFEF", "profile_text_color": "333333", "protected": false, "screen_name": "thejjmg", "statuses_count": 36962, "time_zone": "Eastern Time (US & Canada)", "url": "http://t.co/S1jA98t2nm", "utc_offset": -14400}, "user_mentions": [{"id": 380749300, "name": "@apple", "screen_name": "Apple"}]}