{"created_at": "Sat Oct 15 15:46:43 +0000 2011", "favorited": false, "hashtags": ["PCam"], "id": 125236166151774208, "lang": "en", "retweeted": false, "source": "<a href=\"http://www.cloudhopper.com/\" rel=\"nofollow\">Cloudhopper</a>", "text": "Waited in line for nothing, fucking genius @Apple called an app for \"John\" not \"jean\" stop fucking up my name im not a French boy. #PCam ...", "truncated": false, "user": {"created_at": "Sat Oct 16 05:36:02 +0000 2010", "description": "aka : Cola. graphic designer in Brooklyn. \nOh, and did I mention I have a habit of traveling the world?", "favourites_count": 1, "followers_count": 50, "friends_count": 90, "geo_enabled": true, "id": 203405972, "lang": "en", "listed_count": 5, "location": "Brooklyn,NY", "name": "Jean Coletta Hodges", "profile_background_color": "000000", "profile_background_image_url": "http://pbs.twimg.com/profile_background_images/162288094/twitter_profile.jpg", "profile_background_tile": false, "profile_banner_url": "https://pbs.twimg.com/profile_banners/203405972/1393872389", "profile_image_url": "https://pbs.twimg.com/profile_images/1145813283/48814_1233750131_6116420_q_normal.jpg", "profile_link_color": "C42351", "profile_sidebar_fill_color": "160024", "profile_text_color": "D3B2FF", "protected": false, "screen_name": "ColaHodges", "statuses_count": 886, "time_zone": "Quito", "url": "http://t.co/VnHG5Kubgm", "utc_offset": -18000}, "user_mentions": [{"id": 380749300, "name": "@apple", "screen_name": "Apple"}]}