{"created_at": "Sat Oct 15 16:42:00 +0000 2011", "favorited": false, "hashtags": ["iphone4s", "Siri", "apple"], "id": 125250078108684288, "lang": "en", "retweeted": false, "source": "<a href=\"http://twitter.com/download/iphone\" rel=\"nofollow\">Twitter for iPhone</a>", "text": "...now with Siri were talking to our iPhones... how will we ever know if people are really truly crazy? :P \n#iphone4s #Siri #apple @apple", "truncated": false, "user": {"created_at": "Sat Sep 05 17:56:11 +0000 2009", "description": "Opinionated\\Reviewer\\WordNerd\\TechJunky Photographer\\Blogger\\DealHunter\\Mommy Weaknesses: Tech\u2022Cars\u2022Apps\u2022Tablets\nSocialNetworks\u2022Apple\nStarbucks\u2022RedBull\u2022Sprite", "favourites_count": 303, "followers_count": 603, "friends_count": 2001, "id": 71855109, "lang": "en", "listed_count": 15, "location": "Philadelphia, Pa", "name": "Molly or Maggie", "profile_background_color": "B2DFDA", "profile_background_image_url": "http://abs.twimg.com/images/themes/theme13/bg.gif", "profile_background_tile": false, "profile_banner_url": "https://pbs.twimg.com/profile_banners/71855109/1348009096", "profile_image_url": "https://pbs.twimg.com/profile_images/422083946932092928/fSE7rEyg_normal.jpeg", "profile_link_color": "93A644", "profile_sidebar_fill_color": "FFFFFF", "profile_text_color": "333333", "protected": false, "screen_name": "moLifer26", "statuses_count": 3473, "time_zone": "Eastern Time (US & Canada)", "url": "http://t.co/u9f8o5QdHM", "utc_offset": -14400}, "user_mentions": [{"id": 380749300, "name": "@apple", "screen_name": "Apple"}]}