{"created_at": "Sat Oct 15 16:51:24 +0000 2011", "favorited": false, "hashtags": ["iOS5"], "id": 125252442836320256, "in_reply_to_screen_name": "Na_La_Bee", "in_reply_to_status_id": 125187867684257792, "in_reply_to_user_id": 30787450, "lang": "en", "retweeted": false, "source": "<a href=\"http://www.echofon.com/\" rel=\"nofollow\">Echofon</a>", "text": "@KeepnUpWitTBoyd @AppStore @iTunesMusic they fixed a bug Thursday after I had done my update? Thus my issue, spent Fri @apple  #iOS5", "truncated": false, "user": {"created_at": "Sat Jan 16 03:28:18 +0000 2010", "description": "Hard working, lover of God, & country, GOD BLESS AMERICA & PROTECT US FROM THE #Teaparty! #BOURBON COUNTRY #LOUISVILLE #CARDNATION #vipmovingar", "favourites_count": 12073, "followers_count": 660, "friends_count": 1998, "id": 105357244, "lang": "en", "listed_count": 10, "location": "The South", "name": "ECT", "profile_background_color": "131516", "profile_background_image_url": "http://abs.twimg.com/images/themes/theme14/bg.gif", "profile_background_tile": true, "profile_banner_url": "https://pbs.twimg.com/profile_banners/105357244/1389881068", "profile_image_url": "https://pbs.twimg.com/profile_images/473648496063836160/U8Ss2KBI_normal.jpeg", "profile_link_color": "009999", "profile_sidebar_fill_color": "EFEFEF", "profile_text_color": "333333", "protected": false, "screen_name": "prinerin", "statuses_count": 62721, "time_zone": "Central Time (US & Canada)", "utc_offset": -18000}, "user_mentions": [{"id": 74594552, "name": "App Store ", "screen_name": "AppStore"}, {"id": 74580436, "name": "iTunes Music", "screen_name": "iTunesMusic"}, {"id": 380749300, "name": "@apple", "screen_name": "Apple"}]}