{"coordinates": {"coordinates": [-73.82745322, 40.87977591], "type": "Point"}, "created_at": "Sat Oct 15 14:09:52 +0000 2011", "favorited": false, "geo": {"coordinates": [40.87977591, -73.82745322], "type": "Point"}, "id": 125211793655218178, "in_reply_to_screen_name": "DragonMobileApp", "in_reply_to_user_id": 14181135, "lang": "ro", "place": {"attributes": {}, "bounding_box": {"coordinates": [[[-74.04725, 40.541722], [-73.699793, 40.541722], [-73.699793, 40.91533], [-74.04725, 40.91533]]], "type": "Polygon"}, "contained_within": [], "country": "United States", "country_code": "US", "full_name": "New York, NY", "id": "27485069891a7938", "name": "New York", "place_type": "city", "url": "https://api.twitter.com/1.1/geo/id/27485069891a7938.json"}, "retweeted": false, "source": "<a href=\"http://twitter.com/download/iphone\" rel=\"nofollow\">Twitter for iPhone</a>", "text": "@vlingo is a POOR substitute for Siri!! Yo @APPLE, gimmie Siri!!!!", "truncated": false, "user": {"created_at": "Sat Feb 12 03:29:57 +0000 2011", "description": "Complex individual who demands more from himself now that he has looked into his life mirror and sees the path he must take to his destiny", "favourites_count": 16, "followers_count": 30, "friends_count": 137, "geo_enabled": true, "id": 250939816, "lang": "en", "location": "life somewhere in thisuniverse", "name": "Eric Finkley", "profile_background_color": "C0DEED", "profile_background_image_url": "http://pbs.twimg.com/profile_background_images/336114201/026.JPG", "profile_background_tile": true, "profile_image_url": "https://pbs.twimg.com/profile_images/1557587524/image_normal.jpg", "profile_link_color": "0084B4", "profile_sidebar_fill_color": "DDEEF6", "profile_text_color": "333333", "protected": false, "screen_name": "BBQking78", "statuses_count": 323}, "user_mentions": [{"id": 900793638, "name": "Vlingo", "screen_name": "Vlingo"}, {"id": 380749300, "name": "@apple", "screen_name": "Apple"}]}