{"created_at": "Sat Oct 15 17:57:50 +0000 2011", "favorited": false, "hashtags": ["iphone"], "id": 125269161327865856, "lang": "en", "retweeted": false, "source": "<a href=\"https://about.twitter.com/products/tweetdeck\" rel=\"nofollow\">TweetDeck</a>", "text": "Well @apple seems 2b screwing #iphone 4s resellars. They still dont have 4s. Yet were promised. Similar 2 Ma Bell's monopolistic prctices?", "truncated": false, "user": {"created_at": "Tue Mar 03 22:06:07 +0000 2009", "description": "Chief Storyteller for My #CondoSeniors and #DrivingTheDivas. #NASASocial, Photographer Writer, Poet, Rugby, Grand Prix, Sailing, #Vet, Contemporary Artist.", "favourites_count": 3095, "followers_count": 16181, "friends_count": 14441, "geo_enabled": true, "id": 22688529, "lang": "en", "listed_count": 585, "location": "St Petersburg, FL", "name": "5WA - Robert Neff", "profile_background_color": "C0DEED", "profile_background_image_url": "http://pbs.twimg.com/profile_background_images/775808544/ba24f89a1c654ebeb8a3f74591ac0e65.jpeg", "profile_background_tile": true, "profile_banner_url": "https://pbs.twimg.com/profile_banners/22688529/1399098201", "profile_image_url": "https://pbs.twimg.com/profile_images/3261194706/31deb5483a246b424bc0e8f38b680226_normal.jpeg", "profile_link_color": "0084B4", "profile_sidebar_fill_color": "DDFFCC", "profile_text_color": "333333", "protected": false, "screen_name": "5wa", "statuses_count": 141133, "time_zone": "Eastern Time (US & Canada)", "url": "http://t.co/X58QNwuGfs", "utc_offset": -14400}, "user_mentions": [{"id": 380749300, "name": "@apple", "screen_name": "Apple"}]}