{"coordinates": {"coordinates": [-71.08244666, 42.36778192], "type": "Point"}, "created_at": "Sat Oct 15 17:58:08 +0000 2011", "favorited": false, "geo": {"coordinates": [42.36778192, -71.08244666], "type": "Point"}, "hashtags": ["iOS5"], "id": 125269239207706624, "lang": "en", "place": {"attributes": {}, "bounding_box": {"coordinates": [[[-71.160356, 42.352429], [-71.064647, 42.352429], [-71.064647, 42.4039663], [-71.160356, 42.4039663]]], "type": "Polygon"}, "contained_within": [], "country": "United States", "country_code": "US", "full_name": "Cambridge, MA", "id": "8193d87541f11dfb", "name": "Cambridge", "place_type": "city", "url": "https://api.twitter.com/1.1/geo/id/8193d87541f11dfb.json"}, "retweeted": false, "source": "<a href=\"http://twitter.com/download/iphone\" rel=\"nofollow\">Twitter for iPhone</a>", "text": "In less than an hour my post- #iOS5 iPhone has gone from 100% to 73% battery charge and the @apple store folks have no solution for me :(", "truncated": false, "user": {"created_at": "Thu Sep 10 23:46:11 +0000 2009", "description": "Many have tried to corrige, none succeeded. Gay bloviating pedantic irreverent British-born midwest-raised New England Smartass Nerdbear. Bf2 @intrepidbssnist", "favourites_count": 6588, "followers_count": 1570, "friends_count": 1994, "geo_enabled": true, "id": 73254800, "lang": "en", "listed_count": 80, "location": "Boston", "name": "Justin", "profile_background_color": "001342", "profile_background_image_url": "http://pbs.twimg.com/profile_background_images/832096771/44f5788853ca295dd861973e5e4a4e17.jpeg", "profile_background_tile": true, "profile_banner_url": "https://pbs.twimg.com/profile_banners/73254800/1399834801", "profile_image_url": "https://pbs.twimg.com/profile_images/465566821760778240/C1Kzy8MH_normal.jpeg", "profile_link_color": "009999", "profile_sidebar_fill_color": "EFEFEF", "profile_text_color": "333333", "protected": false, "screen_name": "thejjmg", "statuses_count": 36962, "time_zone": "Eastern Time (US & Canada)", "url": "http://t.co/S1jA98t2nm", "utc_offset": -14400}, "user_mentions": [{"id": 380749300, "name": "@apple", "screen_name": "Apple"}]}