{"created_at": "Sat Oct 15 16:25:22 +0000 2011", "favorited": false, "id": 125245892814045184, "in_reply_to_screen_name": "fabi_m", "in_reply_to_status_id": 125244731251884032, "in_reply_to_user_id": 23320904, "lang": "en", "retweeted": false, "source": "<a href=\"http://blackberry.com/twitter\" rel=\"nofollow\">Twitter for BlackBerry\u00ae</a>", "text": "@fabi_m not that I know of. I think it is only on iOS, should get @apple to make a desktop app :)", "truncated": false, "user": {"created_at": "Sun Sep 20 16:44:30 +0000 2009", "description": "Father of 3. Business Consultant. Speedaholic. Biker. Diver. Driver - http://t.co/D8yD0j2teB", "followers_count": 213, "friends_count": 263, "id": 75823465, "lang": "en", "listed_count": 3, "location": "Earth", "name": "Mark Kanda Bali", "profile_background_color": "1A1B1F", "profile_background_image_url": "http://abs.twimg.com/images/themes/theme9/bg.gif", "profile_background_tile": false, "profile_image_url": "https://pbs.twimg.com/profile_images/1420070286/maw_avatar_normal.jpg", "profile_link_color": "2FC2EF", "profile_sidebar_fill_color": "252429", "profile_text_color": "666666", "protected": false, "screen_name": "simarkbotak", "statuses_count": 2495, "time_zone": "Pacific Time (US & Canada)", "url": "http://t.co/gxLKl2cAdK", "utc_offset": -25200}, "user_mentions": [{"id": 23320904, "name": "Fabian Me\u00dfner", "screen_name": "fabi_m"}, {"id": 380749300, "name": "@apple", "screen_name": "Apple"}]}