{"created_at": "Sat Oct 15 15:57:53 +0000 2011", "favorited": false, "hashtags": ["coolness"], "id": 125238977417580544, "lang": "en", "retweeted": false, "source": "<a href=\"http://twitter.com/download/iphone\" rel=\"nofollow\">Twitter for iPhone</a>", "text": "Wow I am loving this new @apple update for my touch. #coolness Well done", "truncated": false, "user": {"created_at": "Sun Aug 02 18:13:13 +0000 2009", "description": "Vox/Guitarist for Colors of the Wicked. Solo Artist, My muse is a woman who lives by the gardens, Keats, Poe, Shelley are my boys\nhttp://t.co/W27gcJno2T", "favourites_count": 3178, "followers_count": 1033, "friends_count": 1430, "geo_enabled": true, "id": 62314924, "lang": "en", "listed_count": 18, "location": "Where the bullet comes...", "name": "Matt Mass", "profile_background_color": "C6E2EE", "profile_background_image_url": "http://abs.twimg.com/images/themes/theme2/bg.gif", "profile_background_tile": false, "profile_banner_url": "https://pbs.twimg.com/profile_banners/62314924/1400687706", "profile_image_url": "https://pbs.twimg.com/profile_images/473187441944592384/bXRwlA-F_normal.jpeg", "profile_link_color": "1F98C7", "profile_sidebar_fill_color": "B9E7FA", "profile_text_color": "195422", "protected": false, "screen_name": "matt_mass", "statuses_count": 10787, "time_zone": "Eastern Time (US & Canada)", "url": "http://t.co/umg5M0Mnuz", "utc_offset": -14400}, "user_mentions": [{"id": 380749300, "name": "@apple", "screen_name": "Apple"}]}