{"created_at": "Sat Oct 15 18:23:57 +0000 2011", "favorited": false, "id": 125275735815491584, "lang": "pt", "retweeted": false, "source": "<a href=\"http://www.echofon.com/\" rel=\"nofollow\">Echofon</a>", "text": "to reiniciando meu computador. \u00f3 as id\u00e9ia @apple", "truncated": false, "user": {"created_at": "Tue Oct 19 16:22:09 +0000 2010", "description": "i believe in the kindness of strangers", "favourites_count": 1329, "followers_count": 364, "friends_count": 329, "geo_enabled": true, "id": 204855740, "lang": "en", "listed_count": 8, "location": "sp", "name": "gigi", "profile_background_color": "131516", "profile_background_image_url": "http://abs.twimg.com/images/themes/theme14/bg.gif", "profile_background_tile": true, "profile_banner_url": "https://pbs.twimg.com/profile_banners/204855740/1389674513", "profile_image_url": "https://pbs.twimg.com/profile_images/422951304131264512/2r1qaBuX_normal.jpeg", "profile_link_color": "009999", "profile_sidebar_fill_color": "EFEFEF", "profile_text_color": "333333", "protected": false, "screen_name": "gigi0vanna", "statuses_count": 33085, "time_zone": "Pacific Time (US & Canada)", "utc_offset": -25200}, "user_mentions": [{"id": 380749300, "name": "@apple", "screen_name": "Apple"}]}