{"created_at": "Sat Oct 15 15:13:37 +0000 2011", "favorited": false, "id": 125227837438435328, "lang": "en", "retweeted": false, "source": "<a href=\"http://www.echofon.com/\" rel=\"nofollow\">Echofon</a>", "text": "Houston we have a problem!! My iPad has been restoring for 12+ hours after installing @apple IOS5. This can't be right....", "truncated": false, "user": {"created_at": "Fri Jul 31 00:12:54 +0000 2009", "description": "photography - music - fast cars - the beach - cruisin the bike - making memories", "favourites_count": 207, "followers_count": 121, "friends_count": 437, "id": 61639921, "lang": "en", "listed_count": 1, "name": "Ciaran Wilcox", "profile_background_color": "FFFFFF", "profile_background_image_url": "http://pbs.twimg.com/profile_background_images/438246882/beach.jpg", "profile_background_tile": false, "profile_banner_url": "https://pbs.twimg.com/profile_banners/61639921/1385120085", "profile_image_url": "https://pbs.twimg.com/profile_images/466906948794081281/jL0v0fow_normal.jpeg", "profile_link_color": "0084B4", "profile_sidebar_fill_color": "AFD8FB", "profile_text_color": "333333", "protected": false, "screen_name": "CiaranWilcox", "statuses_count": 7315, "time_zone": "Eastern Time (US & Canada)", "utc_offset": -14400}, "user_mentions": [{"id": 380749300, "name": "@apple", "screen_name": "Apple"}]}