{"created_at": "Sat Oct 15 18:22:09 +0000 2011", "favorited": false, "id": 125275280678993920, "in_reply_to_screen_name": "ireton", "in_reply_to_status_id": 125053581652013056, "in_reply_to_user_id": 16511109, "lang": "en", "retweeted": false, "source": "<a href=\"http://proxlet.com\" rel=\"nofollow\">Proxlet</a>", "text": "@ireton Perhaps it's time for @Apple to come out with an app called iSuck that lets you know which apps are killing your battery life", "truncated": false, "user": {"created_at": "Tue Aug 07 22:50:32 +0000 2007", "description": "I work in Silicon Valley doing web analytics and business intelligence. I like to chat about tech, music, and great food.", "favourites_count": 158, "followers_count": 688, "friends_count": 198, "geo_enabled": true, "id": 8040402, "lang": "en", "listed_count": 20, "location": "San Francisco Bay Area, CA", "name": "John Bixby", "profile_background_color": "1A1B1F", "profile_background_image_url": "http://pbs.twimg.com/profile_background_images/542258164/Screen_Shot_2012-05-02_at_7.45.09_PM.png", "profile_background_tile": true, "profile_banner_url": "https://pbs.twimg.com/profile_banners/8040402/1398924648", "profile_image_url": "https://pbs.twimg.com/profile_images/3552156587/5afe13b7e190c1b44875553cfcc5a433_normal.jpeg", "profile_link_color": "335CFF", "profile_sidebar_fill_color": "252429", "profile_text_color": "666666", "protected": false, "screen_name": "johnbixby", "statuses_count": 3517, "time_zone": "Pacific Time (US & Canada)", "url": "http://t.co/kBL4C3SlRI", "utc_offset": -25200}, "user_mentions": [{"id": 16511109, "name": "adam ", "screen_name": "ireton"}, {"id": 380749300, "name": "@apple", "screen_name": "Apple"}]}