{"created_at": "Sat Oct 15 14:34:57 +0000 2011", "favorited": false, "hashtags": ["Win", "PampersHelloApps"], "id": 125218106778992640, "lang": "en", "retweeted": false, "source": "<a href=\"http://twitter.com\" rel=\"nofollow\">Twitter Web Client</a>", "text": "\"#Win an @Apple iPod Touch from @Mommy_gaga, get the @Pampers Hello World Baby Memories App! http://t.co/g8Uof7uz #PampersHelloApps\"", "truncated": false, "urls": {"http://t.co/g8Uof7uz": "http://bit.ly/p5FaLB"}, "user": {"created_at": "Fri Oct 29 16:35:26 +0000 2010", "favourites_count": 1, "followers_count": 102, "friends_count": 469, "id": 209653502, "lang": "en", "name": "maricruz uribe", "profile_background_color": "FF6699", "profile_background_image_url": "http://abs.twimg.com/images/themes/theme11/bg.gif", "profile_background_tile": true, "profile_image_url": "https://abs.twimg.com/sticky/default_profile_images/default_profile_2_normal.png", "profile_link_color": "B40B43", "profile_sidebar_fill_color": "E5507E", "profile_text_color": "362720", "protected": false, "screen_name": "marycruz89", "statuses_count": 7740}, "user_mentions": [{"id": 380749300, "name": "@apple", "screen_name": "Apple"}, {"id": 44436909, "name": "Deanna, mommyGAGA", "screen_name": "Mommy_Gaga"}, {"id": 54548089, "name": "Pampers", "screen_name": "Pampers"}]}