{"created_at": "Sat Oct 15 20:52:23 +0000 2011", "favorited": false, "id": 125313088160411649, "in_reply_to_screen_name": "Apple", "in_reply_to_user_id": 380749300, "lang": "en", "retweeted": false, "source": "<a href=\"http://mobile.twitter.com\" rel=\"nofollow\">Mobile Web</a>", "text": "@apple has changed life.", "truncated": false, "user": {"created_at": "Thu May 12 03:43:13 +0000 2011", "description": "The only person who I have to prove something to, is Myself.", "favourites_count": 263, "followers_count": 267, "friends_count": 132, "id": 297207296, "lang": "en", "listed_count": 2, "location": "Atlanta", "name": "Quinton Stephens", "profile_background_color": "040914", "profile_background_image_url": "http://pbs.twimg.com/profile_background_images/427968150/293396_2187744526973_1047858802_32063320_1017300122_n__1_.jpg", "profile_background_tile": true, "profile_banner_url": "https://pbs.twimg.com/profile_banners/297207296/1398662669", "profile_image_url": "https://pbs.twimg.com/profile_images/460650738533007360/D3dclKtF_normal.jpeg", "profile_link_color": "E87E0E", "profile_sidebar_fill_color": "141014", "profile_text_color": "1C58BF", "protected": false, "screen_name": "Ice_Stephens22", "statuses_count": 4646, "time_zone": "Quito", "utc_offset": -18000}, "user_mentions": [{"id": 380749300, "name": "@apple", "screen_name": "Apple"}]}