{"created_at": "Sun Oct 16 00:48:58 +0000 2011", "favorited": false, "id": 125372628746768384, "in_reply_to_screen_name": "_courtneytaylor", "in_reply_to_status_id": 125356807626559488, "in_reply_to_user_id": 167168572, "lang": "en", "retweeted": false, "source": "<a href=\"http://twitter.com\" rel=\"nofollow\">Twitter Web Client</a>", "text": "@_courtneytaylor @apple did you get a 4S?", "truncated": false, "user": {"created_at": "Fri Apr 11 01:11:50 +0000 2008", "description": "interaction designer. nerd.", "favourites_count": 80, "followers_count": 313, "friends_count": 263, "geo_enabled": true, "id": 14357060, "lang": "en", "listed_count": 15, "location": "Vancouver", "name": "Dylan Yee", "profile_background_color": "F1F1F2", "profile_background_image_url": "http://pbs.twimg.com/profile_background_images/222333744/linen_small.jpg", "profile_background_tile": true, "profile_banner_url": "https://pbs.twimg.com/profile_banners/14357060/1401135938", "profile_image_url": "https://pbs.twimg.com/profile_images/416822098468696064/F2n8dPZp_normal.jpeg", "profile_link_color": "C2C2C2", "profile_sidebar_fill_color": "A1DDD3", "profile_text_color": "6E6E6E", "protected": false, "screen_name": "dylanyee", "statuses_count": 1484, "time_zone": "Pacific Time (US & Canada)", "url": "http://t.co/5RZw7yU3my", "utc_offset": -25200}, "user_mentions": [{"id": 167168572, "name": "courtneyc", "screen_name": "_courtneytaylor"}, {"id": 380749300, "name": "@apple", "screen_name": "Apple"}]}