{"created_at": "Sat Oct 15 20:23:14 +0000 2011", "favorited": false, "id": 125305753903964161, "lang": "es", "retweeted": false, "source": "<a href=\"http://twitter.com\" rel=\"nofollow\">Twitter Web Client</a>", "text": "Esperaba mas de &quot;IOS 5&quot; @Apple", "truncated": false, "user": {"created_at": "Tue Aug 31 22:01:38 +0000 2010", "description": "My name is Aaron, who the fuck are you? #skateeverydamnday or die!", "favourites_count": 434, "followers_count": 145, "friends_count": 328, "geo_enabled": true, "id": 185395746, "lang": "es", "name": "AaronOverboard.", "profile_background_color": "131516", "profile_background_image_url": "http://pbs.twimg.com/profile_background_images/734389991/f6ff7d2b915b049568ac6356d45cdbb1.jpeg", "profile_background_tile": true, "profile_banner_url": "https://pbs.twimg.com/profile_banners/185395746/1401258037", "profile_image_url": "https://pbs.twimg.com/profile_images/468621722741010432/H_-G8Q_D_normal.jpeg", "profile_link_color": "1F331F", "profile_sidebar_fill_color": "EFEFEF", "profile_text_color": "333333", "protected": false, "screen_name": "eironee", "statuses_count": 6027, "time_zone": "Mexico City", "utc_offset": -18000}, "user_mentions": [{"id": 380749300, "name": "@apple", "screen_name": "Apple"}]}