{"coordinates": {"coordinates": [-71.14853139, 42.37539251], "type": "Point"}, "created_at": "Sat Oct 15 22:32:14 +0000 2011", "favorited": false, "geo": {"coordinates": [42.37539251, -71.14853139], "type": "Point"}, "hashtags": ["iOS5"], "id": 125338216411828224, "lang": "en", "place": {"attributes": {}, "bounding_box": {"coordinates": [[[-71.160356, 42.352429], [-71.064647, 42.352429], [-71.064647, 42.4039663], [-71.160356, 42.4039663]]], "type": "Polygon"}, "contained_within": [], "country": "United States", "country_code": "US", "full_name": "Cambridge, MA", "id": "8193d87541f11dfb", "name": "Cambridge", "place_type": "city", "url": "https://api.twitter.com/1.1/geo/id/8193d87541f11dfb.json"}, "retweeted": false, "source": "<a href=\"http://twitter.com/download/iphone\" rel=\"nofollow\">Twitter for iPhone</a>", "text": "I am crazy about #iOS5 . The photo cropping is the best! @apple", "truncated": false, "user": {"created_at": "Sat Apr 25 06:01:11 +0000 2009", "description": "Marketing @bonme | @BentleyU Alum | Boston Restaurant Connoisseur | Creator of The Local Table @Pinterest 'Blog'", "favourites_count": 1289, "followers_count": 526, "friends_count": 547, "geo_enabled": true, "id": 35161162, "lang": "en", "listed_count": 10, "location": "Boston, MA", "name": "Erica Normandeau", "profile_background_color": "DBE9ED", "profile_background_image_url": "http://abs.twimg.com/images/themes/theme17/bg.gif", "profile_background_tile": false, "profile_banner_url": "https://pbs.twimg.com/profile_banners/35161162/1373859395", "profile_image_url": "https://pbs.twimg.com/profile_images/456949395041562624/0Dn4B9Ld_normal.jpeg", "profile_link_color": "CC3366", "profile_sidebar_fill_color": "E6F6F9", "profile_text_color": "333333", "protected": false, "screen_name": "Enormandeau", "statuses_count": 6684, "time_zone": "Eastern Time (US & Canada)", "url": "http://t.co/C3FQOWTOXH", "utc_offset": -14400}, "user_mentions": [{"id": 380749300, "name": "@apple", "screen_name": "Apple"}]}