{"created_at": "Sat Oct 15 21:12:01 +0000 2011", "favorited": false, "id": 125318029390249984, "lang": "en", "retweeted": false, "source": "<a href=\"http://twitter.com/download/iphone\" rel=\"nofollow\">Twitter for iPhone</a>", "text": "Just had a look on eBay for iPhone 4s and some have 13,16,24 bids at well over \u00a3500 some \u00a3530 (16gb white) , they are \u00a3499 delivered @apple", "truncated": false, "user": {"created_at": "Tue Jan 06 17:42:12 +0000 2009", "description": "I live on the Isle of Wight in the United Kingdom and am a lifelong follower of Grimsby Town Football Club.", "favourites_count": 66, "followers_count": 1213, "friends_count": 1866, "geo_enabled": true, "id": 18685908, "lang": "en", "listed_count": 17, "location": "iPhone: 50.695671,-1.291476", "name": "peter bruce", "profile_background_color": "FFFFFF", "profile_background_image_url": "http://pbs.twimg.com/profile_background_images/155564446/x93e4fe928351d859de60a77d28e430a.jpg", "profile_background_tile": false, "profile_banner_url": "https://pbs.twimg.com/profile_banners/18685908/1366218207", "profile_image_url": "https://pbs.twimg.com/profile_images/417769566006435840/kaRwXZfj_normal.jpeg", "profile_link_color": "9DDD95", "profile_sidebar_fill_color": "1A3F57", "profile_text_color": "72B9BF", "protected": false, "screen_name": "peterbruce", "statuses_count": 22497, "time_zone": "London", "utc_offset": 3600}, "user_mentions": [{"id": 380749300, "name": "@apple", "screen_name": "Apple"}]}