{"created_at": "Sat Oct 15 21:16:31 +0000 2011", "favorited": false, "id": 125319163366473728, "lang": "en", "retweet_count": 2, "retweeted": false, "retweeted_status": {"created_at": "Sat Oct 15 21:12:40 +0000 2011", "favorited": false, "id": 125318195929300992, "lang": "en", "retweet_count": 2, "retweeted": false, "source": "<a href=\"http://twitter.com\" rel=\"nofollow\">Twitter Web Client</a>", "text": "I FU*KING LOVE YOU @APPLE this phone is the best thing ever !! SIRI = BEST THING EVER MADE", "truncated": false, "user": {"created_at": "Sat May 16 04:47:13 +0000 2009", "description": "Well since your so damn curious, I guess I like Food, The Black Keys, Cool People, My Pet Lion, World Travel, Girls Who Cook Grilled Cheeses & Directing Movies.", "favourites_count": 1047, "followers_count": 568442, "friends_count": 471, "geo_enabled": true, "id": 40411743, "lang": "en", "listed_count": 1589, "location": "Consiousness", "name": "Sawyer Hartman", "profile_background_color": "131516", "profile_background_image_url": "http://abs.twimg.com/images/themes/theme14/bg.gif", "profile_background_tile": true, "profile_banner_url": "https://pbs.twimg.com/profile_banners/40411743/1402280335", "profile_image_url": "https://pbs.twimg.com/profile_images/475826148027666432/dIw3pLw1_normal.jpeg", "profile_link_color": "009999", "profile_sidebar_fill_color": "EFEFEF", "profile_text_color": "333333", "protected": false, "screen_name": "SawyerHartman", "statuses_count": 17219, "time_zone": "Quito", "url": "http://t.co/2raPoSCkp8", "utc_offset": -18000}, "user_mentions": [{"id": 380749300, "name": "@apple", "screen_name": "Apple"}]}, "source": "<a href=\"http://twitter.com\" rel=\"nofollow\">Twitter Web Client</a>", "text": "RT @SawyerHartman: I FU*KING LOVE YOU @APPLE this phone is the best thing ever !! SIRI = BEST THING EVER MADE", "truncated": false, "user": {"created_at": "Fri Jul 01 19:10:21 +0000 2011", "description": "Kill em' with kindness \u2728 | Instagram - dejaniamarie (:", "favourites_count": 6012, "followers_count": 189, "friends_count": 184, "id": 327551073, "lang": "en", "listed_count": 2, "name": "D\u00e9'Jania Marie", "profile_background_color": "FF6699", "profile_background_image_url": "http://pbs.twimg.com/profile_background_images/460512832866357249/-1NrdVn-.jpeg", "profile_background_tile": true, "profile_banner_url": "https://pbs.twimg.com/profile_banners/327551073/1401855928", "profile_image_url": "https://pbs.twimg.com/profile_images/475314263439851520/sGvJm_Os_normal.jpeg", "profile_link_color": "F74DBB", "profile_sidebar_fill_color": "E6F6F9", "profile_text_color": "333333", "protected": false, "screen_name": "DejaniaMarie", "statuses_count": 8238, "time_zone": "Arizona", "utc_offset": -25200}, "user_mentions": [{"id": 40411743, "name": "Sawyer Hartman", "screen_name": "SawyerHartman"}, {"id": 380749300, "name": "@apple", "screen_name": "Apple"}]}