{"created_at": "Sat Oct 15 21:59:44 +0000 2011", "favorited": false, "hashtags": ["iPhone4", "iOS5"], "id": 125330038248849408, "in_reply_to_screen_name": "Apple", "in_reply_to_user_id": 380749300, "lang": "en", "retweeted": false, "source": "<a href=\"http://twitter.com/download/iphone\" rel=\"nofollow\">Twitter for iPhone</a>", "text": "@apple why does #iPhone4 plus #iOS5 equal half the battery life?", "truncated": false, "user": {"created_at": "Sun Sep 25 08:09:17 +0000 2011", "description": "Midwestern guy transplanted to the west coast. Currently in Oakland finding myself. I have blogs and stuff, but I need to refocus them.", "favourites_count": 604, "followers_count": 23, "friends_count": 47, "geo_enabled": true, "id": 379617558, "lang": "en", "listed_count": 1, "location": "Oakland, CA", "name": "Zander Maverick", "profile_background_color": "C0DEED", "profile_background_image_url": "http://abs.twimg.com/images/themes/theme1/bg.png", "profile_background_tile": false, "profile_image_url": "https://pbs.twimg.com/profile_images/419656203451379712/BGXmRNtx_normal.jpeg", "profile_link_color": "0084B4", "profile_sidebar_fill_color": "DDEEF6", "profile_text_color": "333333", "protected": false, "screen_name": "ZanderMaverick", "statuses_count": 620}, "user_mentions": [{"id": 380749300, "name": "@apple", "screen_name": "Apple"}]}