{"created_at": "Sat Oct 15 21:46:42 +0000 2011", "favorited": false, "id": 125326760769372160, "lang": "en", "retweeted": false, "source": "<a href=\"http://itunes.apple.com/us/app/twitter/id409789998?mt=12\" rel=\"nofollow\">Twitter for Mac</a>", "text": "when is @apple gonna update the fact that i can't see emoji on twitter for mac?", "truncated": false, "user": {"created_at": "Fri May 01 12:34:18 +0000 2009", "description": "You're not successful until you create a successor...put yourself in a position to help somebody else -Marvin McQuitty, Jr. Live.Laugh.Love", "favourites_count": 127, "followers_count": 1392, "friends_count": 478, "id": 36933064, "lang": "en", "listed_count": 32, "location": "Nashville, TN", "name": "SherylRaeReid", "profile_background_color": "9AE4E8", "profile_background_image_url": "http://pbs.twimg.com/profile_background_images/15177345/elephant.jpg", "profile_background_tile": true, "profile_banner_url": "https://pbs.twimg.com/profile_banners/36933064/1393625405", "profile_image_url": "https://pbs.twimg.com/profile_images/2846211339/6167f88f60a174c4417359bef9074a95_normal.png", "profile_link_color": "0084B4", "profile_sidebar_fill_color": "DDFFCC", "profile_text_color": "333333", "protected": false, "screen_name": "UmmSugaRae", "statuses_count": 82410, "time_zone": "Eastern Time (US & Canada)", "url": "http://t.co/xAwwgOYTPs", "utc_offset": -14400}, "user_mentions": [{"id": 380749300, "name": "@apple", "screen_name": "Apple"}]}