{"created_at": "Sun Oct 16 00:21:54 +0000 2011", "favorited": false, "hashtags": ["Ineedthosepictures"], "id": 125365814579826688, "lang": "en", "retweeted": false, "source": "<a href=\"http://twitter.com\" rel=\"nofollow\">Twitter Web Client</a>", "text": "Dear @Apple,Congratulations, I am suing my insurance company and you just managed to make it to the top of my shit list. #Ineedthosepictures", "truncated": false, "user": {"created_at": "Thu May 14 15:34:17 +0000 2009", "description": "I really like pizza, smiling, @BryanAKay, and our sweet puppy #IndyBooKay.", "favourites_count": 1093, "followers_count": 530, "friends_count": 1804, "geo_enabled": true, "id": 40016803, "lang": "en", "listed_count": 9, "location": "raleigh, north carolina ", "name": "emiliecarol", "profile_background_color": "DBE9ED", "profile_background_image_url": "http://abs.twimg.com/images/themes/theme17/bg.gif", "profile_background_tile": false, "profile_banner_url": "https://pbs.twimg.com/profile_banners/40016803/1401472741", "profile_image_url": "https://pbs.twimg.com/profile_images/473415070714580992/uOFEtaCG_normal.jpeg", "profile_link_color": "CC3366", "profile_sidebar_fill_color": "E6F6F9", "profile_text_color": "333333", "protected": false, "screen_name": "EmilieCarol", "statuses_count": 17116, "time_zone": "Eastern Time (US & Canada)", "url": "http://t.co/1ynhOILbQ6", "utc_offset": -14400}, "user_mentions": [{"id": 380749300, "name": "@apple", "screen_name": "Apple"}]}