{"created_at": "Sat Oct 15 23:23:18 +0000 2011", "favorited": false, "id": 125351067620880385, "in_reply_to_screen_name": "robcollingridge", "in_reply_to_user_id": 14087483, "lang": "en", "retweeted": false, "source": "<a href=\"http://www.myplume.com/\" rel=\"nofollow\">Plume\u00a0for\u00a0Android</a>", "text": "@robcollingridge @Apple @Google and with a URL that works http://t.co/vGSf529q", "truncated": false, "urls": {"http://t.co/vGSf529q": "http://bit.ly/oICWHF"}, "user": {"created_at": "Thu Mar 25 00:58:11 +0000 2010", "description": "Still a kid at heart with an amazing wife and two beautiful daughters. Enjoy technology, photography and F1. I'm a veggie but mustn't be fed after midnight!", "favourites_count": 36, "followers_count": 252, "friends_count": 216, "id": 126160214, "lang": "en", "listed_count": 10, "location": "Bury St Edmunds", "name": "GizmoGuy", "profile_background_color": "022330", "profile_background_image_url": "http://pbs.twimg.com/profile_background_images/515080200/blog-1293.jpg", "profile_background_tile": false, "profile_image_url": "https://pbs.twimg.com/profile_images/814050027/Twitter-0659_normal.jpg", "profile_link_color": "AA3333", "profile_sidebar_fill_color": "C0DFEC", "profile_text_color": "333333", "protected": false, "screen_name": "GizmoGuy", "statuses_count": 5360, "time_zone": "London", "url": "http://t.co/mfpE6s8XLC", "utc_offset": 3600}, "user_mentions": [{"id": 14087483, "name": "robcollingridge", "screen_name": "robcollingridge"}, {"id": 380749300, "name": "@apple", "screen_name": "Apple"}, {"id": 20536157, "name": "A Googler", "screen_name": "google"}]}