{"created_at": "Sun Oct 16 00:15:18 +0000 2011", "favorited": false, "id": 125364154629492737, "lang": "en", "retweeted": false, "source": "<a href=\"http://twitter.com/download/iphone\" rel=\"nofollow\">Twitter for iPhone</a>", "text": "Proof that my dad loves my sis more. RT @AnnaCorinne16 woke up to my dad at my door w my new iphone. he surprised me & went to @apple!", "truncated": false, "user": {"created_at": "Tue May 27 02:18:50 +0000 2008", "description": "*obsessive creative disorder* designer, photographer, crafter and aspiring farmer.", "favourites_count": 42, "followers_count": 312, "friends_count": 132, "id": 14915870, "lang": "en", "listed_count": 9, "location": "a tennessean living in alabama", "name": "grahamyelton", "profile_background_color": "FFFFFF", "profile_background_image_url": "http://pbs.twimg.com/profile_background_images/802946093/306a17e8c1abe8649782b4773cc8010e.jpeg", "profile_background_tile": false, "profile_image_url": "https://pbs.twimg.com/profile_images/1734487949/avatar_normal.jpg", "profile_link_color": "807E7E", "profile_sidebar_fill_color": "F5F5F5", "profile_text_color": "B3B3B3", "protected": false, "screen_name": "grahamyelton", "statuses_count": 5612, "time_zone": "Central Time (US & Canada)", "url": "http://t.co/LVwR44Qvw9", "utc_offset": -18000}, "user_mentions": [{"id": 24041874, "name": "Anna Corinne", "screen_name": "AnnaCorinne16"}, {"id": 380749300, "name": "@apple", "screen_name": "Apple"}]}