{"created_at": "Sat Oct 15 22:10:59 +0000 2011", "favorited": false, "hashtags": ["SlowSprint", "iphone", "iphone4", "iphone4s", "Siri", "android", "TheBufferingNetwork"], "id": 125332871174037504, "in_reply_to_screen_name": "sprint", "in_reply_to_user_id": 14626738, "lang": "en", "retweeted": false, "source": "<a href=\"http://twitter.com\" rel=\"nofollow\">Twitter Web Client</a>", "text": "@sprint is slow, slow, slow. beware when signing with #SlowSprint. @apple #iphone #iphone4 #iphone4s #Siri #android #TheBufferingNetwork", "truncated": false, "user": {"created_at": "Sat Aug 01 21:20:15 +0000 2009", "description": "Ya ain't promised tomorrow.\n#Nintendo #3DS FC: 3282-3433-7986 \nPizza.", "favourites_count": 938, "followers_count": 252, "friends_count": 783, "id": 62120930, "lang": "en-gb", "listed_count": 2, "location": "not boston", "name": "akaJoeTea\u2122", "profile_background_color": "FF6699", "profile_background_image_url": "http://abs.twimg.com/images/themes/theme11/bg.gif", "profile_background_tile": true, "profile_banner_url": "https://pbs.twimg.com/profile_banners/62120930/1349723174", "profile_image_url": "https://pbs.twimg.com/profile_images/469303032753438720/vtVqUMPo_normal.jpeg", "profile_link_color": "B40B43", "profile_sidebar_fill_color": "E5507E", "profile_text_color": "362720", "protected": false, "screen_name": "akaJoeTea", "statuses_count": 31753, "time_zone": "Eastern Time (US & Canada)", "url": "http://t.co/heSWpMOHrH", "utc_offset": -14400}, "user_mentions": [{"id": 14626738, "name": "Sprint", "screen_name": "sprint"}, {"id": 380749300, "name": "@apple", "screen_name": "Apple"}]}