{"created_at": "Sun Oct 16 00:28:34 +0000 2011", "favorited": false, "id": 125367492976717824, "in_reply_to_screen_name": "Apple", "in_reply_to_user_id": 380749300, "lang": "und", "retweeted": false, "source": "<a href=\"http://blackberry.com/twitter\" rel=\"nofollow\">Twitter for BlackBerry\u00ae</a>", "text": "@apple http://t.co/awASwV5u", "truncated": false, "urls": {"http://t.co/awASwV5u": "http://yfrog.com/oeoiwyvj"}, "user": {"created_at": "Thu Sep 10 02:17:47 +0000 2009", "description": "Realist", "favourites_count": 247, "followers_count": 194, "friends_count": 98, "geo_enabled": true, "id": 73017995, "lang": "en", "listed_count": 1, "name": "Jason Salamon", "profile_background_color": "EDC0D9", "profile_background_image_url": "http://pbs.twimg.com/profile_background_images/217241715/KiD_CuDi_Man_On_The_Moon_Iii_Prelude_To_The_Wizar-front.jpg", "profile_background_tile": true, "profile_banner_url": "https://pbs.twimg.com/profile_banners/73017995/1388961729", "profile_image_url": "https://pbs.twimg.com/profile_images/420112096047943680/hry_5Q9S_normal.jpeg", "profile_link_color": "FF0C00", "profile_sidebar_fill_color": "06003B", "profile_text_color": "FFE300", "protected": false, "screen_name": "JasonSalamon", "statuses_count": 2124, "time_zone": "Quito", "utc_offset": -18000}, "user_mentions": [{"id": 380749300, "name": "@apple", "screen_name": "Apple"}]}