{"created_at": "Sun Oct 16 00:20:58 +0000 2011", "favorited": false, "id": 125365581170999296, "lang": "en", "retweeted": false, "source": "<a href=\"http://twitter.com/download/iphone\" rel=\"nofollow\">Twitter for iPhone</a>", "text": "Dear @Apple: You must let me turn off iCloud to save bandwidth and NOT delete EVERY document on my iPad. That's BULLSHIT!", "truncated": false, "user": {"created_at": "Wed Jul 21 01:03:35 +0000 2010", "description": "Maker and dealer in municipal news, social gossip, political wisdom and Yankee philosophy.", "favourites_count": 495, "followers_count": 919, "friends_count": 1415, "geo_enabled": true, "id": 168883597, "lang": "en", "listed_count": 56, "location": "ME - Terra Onde di Mala Gente", "name": "Wm. Duke Harrington", "profile_background_color": "C0DEED", "profile_background_image_url": "http://abs.twimg.com/images/themes/theme1/bg.png", "profile_background_tile": false, "profile_banner_url": "https://pbs.twimg.com/profile_banners/168883597/1380583861", "profile_image_url": "https://pbs.twimg.com/profile_images/432554816670539776/Sp2d4FEk_normal.jpeg", "profile_link_color": "0084B4", "profile_sidebar_fill_color": "DDEEF6", "profile_text_color": "333333", "protected": false, "screen_name": "DirigoDuke", "statuses_count": 26007, "time_zone": "Eastern Time (US & Canada)", "utc_offset": -14400}, "user_mentions": [{"id": 380749300, "name": "@apple", "screen_name": "Apple"}]}