{"created_at": "Sat Oct 15 23:06:16 +0000 2011", "favorited": false, "id": 125346783390990337, "lang": "en", "retweeted": false, "source": "<a href=\"http://www.echofon.com/\" rel=\"nofollow\">Echofon</a>", "text": "Never purchasing another item from @apple.", "truncated": false, "user": {"created_at": "Fri Jun 11 21:30:56 +0000 2010", "description": "A manic schizophrenic with a charming smile. @jesusiscummingonmary Instabitch.", "favourites_count": 804, "followers_count": 391, "friends_count": 1, "geo_enabled": true, "id": 154659282, "lang": "en", "location": "Narcotics Anonymous ", "name": "Mickey. ", "profile_background_color": "FFFFFF", "profile_background_image_url": "http://pbs.twimg.com/profile_background_images/796179625/0c37cf054d243c2946526e4e169a6b9f.jpeg", "profile_background_tile": true, "profile_banner_url": "https://pbs.twimg.com/profile_banners/154659282/1360025935", "profile_image_url": "https://pbs.twimg.com/profile_images/3696037862/7efbc03feead205ea12ae11e99bf5ca9_normal.jpeg", "profile_link_color": "FF0000", "profile_sidebar_fill_color": "1D10CF", "profile_text_color": "21B849", "protected": false, "screen_name": "xCuntNuggetx", "statuses_count": 57321, "time_zone": "Quito", "url": "http://t.co/285ctwIlY5", "utc_offset": -18000}, "user_mentions": [{"id": 380749300, "name": "@apple", "screen_name": "Apple"}]}