{"created_at": "Sat Oct 15 23:28:37 +0000 2011", "favorited": false, "id": 125352405482217473, "lang": "pt", "retweeted": false, "source": "<a href=\"http://twitter.com\" rel=\"nofollow\">Twitter Web Client</a>", "text": "Causando na loja da @apple", "truncated": false, "user": {"created_at": "Wed Apr 27 19:26:16 +0000 2011", "description": "deixa a vida me leva, vida leva eu", "favourites_count": 885, "followers_count": 611, "friends_count": 418, "geo_enabled": true, "id": 288963120, "lang": "pt", "location": "taubat\u00e9", "name": "quem te faz t\u00e3o bem", "profile_background_color": "F7F7F7", "profile_background_image_url": "http://pbs.twimg.com/profile_background_images/746706171/8a1aaa1f5974e01a5be51f2186054731.jpeg", "profile_background_tile": true, "profile_banner_url": "https://pbs.twimg.com/profile_banners/288963120/1348109942", "profile_image_url": "https://pbs.twimg.com/profile_images/378800000462571428/fe579fe1c1f432add30e7ee5a886940e_normal.jpeg", "profile_link_color": "2B12E6", "profile_sidebar_fill_color": "F5F5F5", "profile_text_color": "080808", "protected": false, "screen_name": "patrick_bono", "statuses_count": 25787, "time_zone": "Brasilia", "utc_offset": -10800}, "user_mentions": [{"id": 380749300, "name": "@apple", "screen_name": "Apple"}]}