{"created_at": "Sat Oct 15 20:48:01 +0000 2011", "favorited": false, "hashtags": ["MobileMe", "iCloud"], "id": 125311989751877632, "in_reply_to_screen_name": "azrael", "in_reply_to_user_id": 773294, "lang": "en", "retweeted": false, "source": "<a href=\"http://www.cloudhopper.com/\" rel=\"nofollow\">Cloudhopper</a>", "text": "@azrael: RT @DavideGori: And again #MobileMe is down. Issues when syncing, accessing mail... is this a good premise for #iCloud? @Apple, ...", "truncated": false, "user": {"created_at": "Wed Jun 06 00:15:20 +0000 2007", "description": "mom, architect, entrepreneur, wife, urbanlifelover", "favourites_count": 209, "followers_count": 938, "friends_count": 635, "geo_enabled": true, "id": 6606392, "lang": "en", "listed_count": 54, "location": "Cleveland", "name": "Jennifer Coleman", "profile_background_color": "FFFFFF", "profile_background_image_url": "http://pbs.twimg.com/profile_background_images/2746091/silhouettes_copy.jpg", "profile_background_tile": true, "profile_banner_url": "https://pbs.twimg.com/profile_banners/6606392/1398615234", "profile_image_url": "https://pbs.twimg.com/profile_images/27964852/600x400-IMG_5444_normal.jpg", "profile_link_color": "7D7272", "profile_sidebar_fill_color": "DA0F0F", "profile_text_color": "000000", "protected": false, "screen_name": "cityprowl_jen", "statuses_count": 5421, "time_zone": "Eastern Time (US & Canada)", "url": "http://t.co/KnMI6rwVhS", "utc_offset": -14400}, "user_mentions": [{"id": 773294, "name": "Alessandro", "screen_name": "azrael"}, {"id": 380008173, "name": "Davide Gori", "screen_name": "DavideGori"}, {"id": 380749300, "name": "@apple", "screen_name": "Apple"}]}