{"created_at": "Sun Oct 16 00:45:36 +0000 2011", "favorited": false, "hashtags": ["iOS"], "id": 125371779039502336, "lang": "en", "retweeted": false, "source": "<a href=\"http://twitter.com/download/iphone\" rel=\"nofollow\">Twitter for iPhone</a>", "text": "Only thing #iOS.5 has done is deleted my tiger woods game and made impossible to retrieve. Thanks @Apple!", "truncated": false, "user": {"created_at": "Mon Aug 08 20:36:15 +0000 2011", "description": "I'm just living on a perfect day, riding on a perfect wave, waiting for the end to come.", "favourites_count": 114, "followers_count": 99, "friends_count": 115, "id": 351123709, "lang": "en", "name": "Chris Goodrich", "profile_background_color": "022330", "profile_background_image_url": "http://abs.twimg.com/images/themes/theme15/bg.png", "profile_background_tile": false, "profile_banner_url": "https://pbs.twimg.com/profile_banners/351123709/1371190920", "profile_image_url": "https://pbs.twimg.com/profile_images/413979316276310016/C8mf2LHN_normal.jpeg", "profile_link_color": "0084B4", "profile_sidebar_fill_color": "C0DFEC", "profile_text_color": "333333", "protected": false, "screen_name": "cWizzy_G", "statuses_count": 2642}, "user_mentions": [{"id": 380749300, "name": "@apple", "screen_name": "Apple"}]}