{"created_at": "Sun Oct 16 00:03:36 +0000 2011", "favorited": false, "hashtags": ["iPhone4S"], "id": 125361209137565696, "in_reply_to_screen_name": "Apple", "in_reply_to_user_id": 380749300, "lang": "en", "retweeted": false, "source": "<a href=\"http://twitter.com/download/iphone\" rel=\"nofollow\">Twitter for iPhone</a>", "text": "@apple iphone 4s arrival on Tuesday!! #iPhone4S", "truncated": false, "user": {"created_at": "Wed Sep 28 01:39:30 +0000 2011", "description": "Rainbowland is not real! It's not real! -Cam Brady", "favourites_count": 11, "followers_count": 41, "friends_count": 124, "id": 381274217, "lang": "en", "location": "NY", "name": "Donish S", "profile_background_color": "1A1B1F", "profile_background_image_url": "http://abs.twimg.com/images/themes/theme9/bg.gif", "profile_background_tile": false, "profile_image_url": "https://pbs.twimg.com/profile_images/2540720904/ujm4s54lr0ojeov4af9f_normal.jpeg", "profile_link_color": "2FC2EF", "profile_sidebar_fill_color": "252429", "profile_text_color": "666666", "protected": false, "screen_name": "DonishS", "statuses_count": 586, "time_zone": "Eastern Time (US & Canada)", "utc_offset": -14400}, "user_mentions": [{"id": 380749300, "name": "@apple", "screen_name": "Apple"}]}