{"created_at": "Sat Oct 15 20:13:09 +0000 2011", "favorited": false, "id": 125303217214062592, "in_reply_to_screen_name": "Apple", "in_reply_to_user_id": 380749300, "lang": "en", "retweeted": false, "source": "<a href=\"http://twitter.com/download/iphone\" rel=\"nofollow\">Twitter for iPhone</a>", "text": "@apple thanks apple for ios 5 and losing all my contacts!", "truncated": false, "user": {"created_at": "Tue Jun 16 13:51:23 +0000 2009", "description": "Rule # 32 Enjoy the little things", "favourites_count": 315, "followers_count": 171, "friends_count": 495, "geo_enabled": true, "id": 47628047, "lang": "en", "listed_count": 1, "location": "hakuna matata", "name": "Brian Fritz", "profile_background_color": "C0DEED", "profile_background_image_url": "http://abs.twimg.com/images/themes/theme1/bg.png", "profile_background_tile": false, "profile_banner_url": "https://pbs.twimg.com/profile_banners/47628047/1400460594", "profile_image_url": "https://pbs.twimg.com/profile_images/468191794820153344/yuOZ5oZ9_normal.jpeg", "profile_link_color": "0084B4", "profile_sidebar_fill_color": "DDEEF6", "profile_text_color": "333333", "protected": false, "screen_name": "BriFritz", "statuses_count": 2593, "time_zone": "Quito", "utc_offset": -18000}, "user_mentions": [{"id": 380749300, "name": "@apple", "screen_name": "Apple"}]}