{"created_at": "Sat Oct 15 23:57:35 +0000 2011", "favorited": false, "id": 125359697770450944, "lang": "en", "retweeted": false, "source": "<a href=\"http://twitter.com/download/iphone\" rel=\"nofollow\">Twitter for iPhone</a>", "text": "At the Genius Bar... Waiting @apple store", "truncated": false, "user": {"created_at": "Sat Mar 21 16:41:18 +0000 2009", "description": "Photographer. Tech Support. Promotional Marketing Expertise. Business Owner.\nhttp://t.co/vIe9OptSiV", "favourites_count": 80, "followers_count": 143, "friends_count": 354, "geo_enabled": true, "id": 25694327, "lang": "en", "listed_count": 2, "name": "Spencer Lefevre", "profile_background_color": "C0DEED", "profile_background_image_url": "http://abs.twimg.com/images/themes/theme1/bg.png", "profile_background_tile": false, "profile_image_url": "https://pbs.twimg.com/profile_images/378800000217468171/8ac7042911bf3d77d377dc2b6c897b51_normal.jpeg", "profile_link_color": "0084B4", "profile_sidebar_fill_color": "DDEEF6", "profile_text_color": "333333", "protected": false, "screen_name": "SLphoto26", "statuses_count": 2839, "time_zone": "Quito", "url": "http://t.co/eAqHNrbn", "utc_offset": -18000}, "user_mentions": [{"id": 380749300, "name": "@apple", "screen_name": "Apple"}]}