{"created_at": "Sat Oct 15 23:02:03 +0000 2011", "favorited": false, "id": 125345723020607488, "lang": "en", "retweeted": false, "source": "<a href=\"http://twitter.com/download/iphone\" rel=\"nofollow\">Twitter for iPhone</a>", "text": "Siri is cool but more importantly handy and FUNNY. @Apple please configure it for Canada. What's with the racism, EH?", "truncated": false, "user": {"created_at": "Wed Oct 28 00:34:35 +0000 2009", "favourites_count": 2, "followers_count": 51, "friends_count": 68, "id": 85704152, "lang": "en", "location": "Toronto", "name": "Mohammed Deshmukh", "profile_background_color": "C0DEED", "profile_background_image_url": "http://pbs.twimg.com/profile_background_images/70898118/IMG_2145.JPG", "profile_background_tile": false, "profile_image_url": "https://pbs.twimg.com/profile_images/428934893628710912/GyJ9CMKi_normal.jpeg", "profile_link_color": "0084B4", "profile_sidebar_fill_color": "DDEEF6", "profile_text_color": "333333", "protected": false, "screen_name": "AbuZainab_MD", "statuses_count": 146, "time_zone": "Eastern Time (US & Canada)", "utc_offset": -14400}, "user_mentions": [{"id": 380749300, "name": "@apple", "screen_name": "Apple"}]}