{"created_at": "Sun Oct 16 00:52:09 +0000 2011", "favorited": false, "id": 125373427661029376, "lang": "en", "retweeted": false, "source": "<a href=\"http://itunes.apple.com/us/app/twitter/id409789998?mt=12\" rel=\"nofollow\">Twitter for Mac</a>", "text": "Do wish @hudl would come up with a native @apple Mac version of their video editor especially with HD video.  But love everything @hudl", "truncated": false, "user": {"created_at": "Fri Aug 08 05:56:13 +0000 2008", "description": "Husband/Dad/Teacher/HS Coach", "favourites_count": 235, "followers_count": 126, "friends_count": 353, "id": 15774871, "lang": "en", "listed_count": 2, "location": "Oak Harbor", "name": "Mike Fisher", "profile_background_color": "C0DEED", "profile_background_image_url": "http://abs.twimg.com/images/themes/theme1/bg.png", "profile_background_tile": false, "profile_image_url": "https://pbs.twimg.com/profile_images/1256062522/photo-6_normal.jpg", "profile_link_color": "0084B4", "profile_sidebar_fill_color": "DDEEF6", "profile_text_color": "333333", "protected": false, "screen_name": "mfisherwa", "statuses_count": 2539, "time_zone": "Pacific Time (US & Canada)", "utc_offset": -25200}, "user_mentions": [{"id": 19012368, "name": "Hudl", "screen_name": "Hudl"}, {"id": 380749300, "name": "@apple", "screen_name": "Apple"}, {"id": 19012368, "name": "Hudl", "screen_name": "Hudl"}]}