{"created_at": "Sat Oct 15 22:26:36 +0000 2011", "favorited": false, "hashtags": ["dallas", "4GSiPhone"], "id": 125336798690942977, "lang": "de", "retweeted": false, "source": "<a href=\"http://www.hootsuite.com\" rel=\"nofollow\">Hootsuite</a>", "text": "http://t.co/CvEKdOIQ line at @Apple northpark #dallas mall. #4GSiPhone", "truncated": false, "urls": {"http://t.co/CvEKdOIQ": "http://ow.ly/i/jg21"}, "user": {"created_at": "Sat Apr 25 00:13:56 +0000 2009", "description": "Co-Founder of @DMDLLC. @BNI & @ClubCorp member. I love digital marketing, OU, and country music.", "favourites_count": 4, "followers_count": 1098, "friends_count": 1241, "geo_enabled": true, "id": 35087188, "lang": "en", "listed_count": 54, "location": "Dallas, TX", "name": "Jackie Clews", "profile_background_color": "C6E2EE", "profile_background_image_url": "http://abs.twimg.com/images/themes/theme2/bg.gif", "profile_background_tile": false, "profile_banner_url": "https://pbs.twimg.com/profile_banners/35087188/1377633959", "profile_image_url": "https://pbs.twimg.com/profile_images/1525397358/274275_194604831_4818487_n_normal.jpg", "profile_link_color": "1F98C7", "profile_sidebar_fill_color": "DAECF4", "profile_text_color": "663B12", "protected": false, "screen_name": "JackieClews", "statuses_count": 1626, "time_zone": "Mountain Time (US & Canada)", "utc_offset": -21600}, "user_mentions": [{"id": 380749300, "name": "@apple", "screen_name": "Apple"}]}