{"created_at": "Sat Oct 15 21:48:47 +0000 2011", "favorited": false, "hashtags": ["RIPSteve"], "id": 125327281181835264, "lang": "en", "retweeted": false, "source": "<a href=\"http://www.apple.com\" rel=\"nofollow\">Camera on iOS</a>", "text": "In honor of Steve Jobs. @apple #RIPSteve http://t.co/NyjhkNoU", "truncated": false, "user": {"created_at": "Mon Jun 22 12:25:51 +0000 2009", "description": "Father, husband, man.", "favourites_count": 56, "followers_count": 265, "friends_count": 247, "geo_enabled": true, "id": 49612855, "lang": "en", "listed_count": 4, "location": "Lexington, KY", "name": "Neil Gregory", "profile_background_color": "C6E2EE", "profile_background_image_url": "http://abs.twimg.com/images/themes/theme2/bg.gif", "profile_background_tile": false, "profile_banner_url": "https://pbs.twimg.com/profile_banners/49612855/1348373612", "profile_image_url": "https://pbs.twimg.com/profile_images/3004742468/2901d7ded2df418dbafb69bfda93f622_normal.jpeg", "profile_link_color": "1F98C7", "profile_sidebar_fill_color": "DAECF4", "profile_text_color": "663B12", "protected": false, "screen_name": "NeilGregory_", "statuses_count": 4021, "time_zone": "Eastern Time (US & Canada)", "url": "http://t.co/BPWRPyaE7b", "utc_offset": -14400}, "user_mentions": [{"id": 380749300, "name": "@apple", "screen_name": "Apple"}]}