{"created_at": "Sat Oct 15 20:39:54 +0000 2011", "favorited": false, "id": 125309946723188736, "lang": "en", "retweeted": false, "source": "<a href=\"http://www.twhirl.org\" rel=\"nofollow\">Seesmic twhirl</a>", "text": "Mad props to the @apple employee that didn't charge me to replace the back plate on my iPhone! Made my day!", "truncated": false, "user": {"created_at": "Tue Mar 27 02:37:57 +0000 2007", "description": "Native New Yorker now trying to make it anywhere, but namely in Silicon Valley", "favourites_count": 469, "followers_count": 4037, "friends_count": 183, "id": 2393711, "lang": "en", "listed_count": 292, "location": "San Jose, CA", "name": "Patrick Duffy", "profile_background_color": "9AE4E8", "profile_background_image_url": "http://pbs.twimg.com/profile_background_images/177848659/foursquare-badges-400x227.jpg", "profile_background_tile": true, "profile_image_url": "https://pbs.twimg.com/profile_images/1259248770/9a7eefee-85ac-435e-aa6a-15e8a8aee77f_normal.png", "profile_link_color": "0000FF", "profile_sidebar_fill_color": "E0FF92", "profile_text_color": "000000", "protected": false, "screen_name": "PopTarts", "statuses_count": 8375, "time_zone": "Eastern Time (US & Canada)", "url": "http://t.co/sh4ZDFa7Nl", "utc_offset": -14400}, "user_mentions": [{"id": 380749300, "name": "@apple", "screen_name": "Apple"}]}