{"created_at": "Sat Oct 15 20:29:46 +0000 2011", "favorited": false, "hashtags": ["Siri"], "id": 125307394640199680, "lang": "en", "retweeted": false, "source": "<a href=\"http://www.apple.com\" rel=\"nofollow\">Camera on iOS</a>", "text": "Disappointing visual merchandising, @apple. Simple, but lacks elegance. And sequence doesn't even tell us about #Siri. http://t.co/XV2q3gfi", "truncated": false, "user": {"created_at": "Fri Aug 21 05:33:15 +0000 2009", "description": "#Detroit Native, #Chicago Resident, @thisurbanlife Creator, Advertising Professional for @OtherwiseInc, Amateur Photographer, World Traveler", "favourites_count": 65, "followers_count": 320, "friends_count": 822, "geo_enabled": true, "id": 67535680, "lang": "en", "listed_count": 6, "location": "\u00dcT: 41.880108,-87.625104", "name": "Mike Weiss", "profile_background_color": "022330", "profile_background_image_url": "http://abs.twimg.com/images/themes/theme15/bg.png", "profile_background_tile": false, "profile_image_url": "https://pbs.twimg.com/profile_images/1239455706/Statue_normal.jpg", "profile_link_color": "0084B4", "profile_sidebar_fill_color": "C0DFEC", "profile_text_color": "333333", "protected": false, "screen_name": "weiss1mf", "statuses_count": 772, "time_zone": "Central Time (US & Canada)", "url": "http://t.co/Xlg7C6fw6c", "utc_offset": -18000}, "user_mentions": [{"id": 380749300, "name": "@apple", "screen_name": "Apple"}]}