{"created_at": "Sun Oct 16 02:36:52 +0000 2011", "favorited": false, "id": 125399780527570944, "in_reply_to_screen_name": "Apple", "in_reply_to_user_id": 380749300, "lang": "en", "retweeted": false, "source": "<a href=\"http://ubersocial.com\" rel=\"nofollow\">UberSocial for BlackBerry</a>", "text": "@apple I'm still waiting for you to deliver my phone to @sprint", "truncated": false, "user": {"created_at": "Tue Feb 17 06:06:46 +0000 2009", "description": "Producer.", "favourites_count": 197, "followers_count": 1185, "friends_count": 229, "id": 21068544, "lang": "en", "listed_count": 40, "name": "Jinesis", "profile_background_color": "010608", "profile_background_image_url": "http://pbs.twimg.com/profile_background_images/437010159185850368/8deZFA-B.jpeg", "profile_background_tile": false, "profile_banner_url": "https://pbs.twimg.com/profile_banners/21068544/1398735172", "profile_image_url": "https://pbs.twimg.com/profile_images/437010757058707456/i3kM_sNf_normal.jpeg", "profile_link_color": "F20E21", "profile_sidebar_fill_color": "000000", "profile_text_color": "8A8A8A", "protected": false, "screen_name": "Jinesis", "statuses_count": 19958, "time_zone": "Central Time (US & Canada)", "url": "http://t.co/G4ms8yeDbM", "utc_offset": -18000}, "user_mentions": [{"id": 380749300, "name": "@apple", "screen_name": "Apple"}, {"id": 14626738, "name": "Sprint", "screen_name": "sprint"}]}