{"created_at": "Sun Oct 16 00:32:06 +0000 2011", "favorited": false, "id": 125368381728763904, "lang": "en", "retweeted": false, "source": "<a href=\"http://www.apple.com\" rel=\"nofollow\">Camera on iOS</a>", "text": "Still a line @apple store Hillsdale mall #94402 http://t.co/wzVxNz8E", "truncated": false, "user": {"created_at": "Sat Jul 25 00:06:10 +0000 2009", "description": "Guy who works pretty hard just to be pretty bad at cyclocross but pretty good at drinkg good beer.", "favourites_count": 272, "followers_count": 188, "friends_count": 850, "geo_enabled": true, "id": 59926614, "lang": "en", "listed_count": 1, "location": "Nor-Cal", "name": "John Paradine", "profile_background_color": "9AE4E8", "profile_background_image_url": "http://pbs.twimg.com/profile_background_images/458770812435042304/JYTQedPY.jpeg", "profile_background_tile": false, "profile_banner_url": "https://pbs.twimg.com/profile_banners/59926614/1358018276", "profile_image_url": "https://pbs.twimg.com/profile_images/1209494989/TypographicBicycle_web_normal.png", "profile_link_color": "0084B4", "profile_sidebar_fill_color": "9A9750", "profile_text_color": "374B3F", "protected": false, "screen_name": "JohnParadine", "statuses_count": 1582, "time_zone": "Pacific Time (US & Canada)", "utc_offset": -25200}, "user_mentions": [{"id": 380749300, "name": "@apple", "screen_name": "Apple"}]}