{"created_at": "Sat Oct 15 23:10:25 +0000 2011", "favorited": false, "id": 125347828754169856, "in_reply_to_screen_name": "thejcurt", "in_reply_to_status_id": 125342805278208000, "in_reply_to_user_id": 109954573, "lang": "en", "retweeted": false, "source": "<a href=\"http://www.echofon.com/\" rel=\"nofollow\">Echofon</a>", "text": "@thejcurt unlocking it at @apple store. RIP, Mr. Jobs.", "truncated": false, "user": {"created_at": "Tue Mar 25 01:22:54 +0000 2008", "description": "Copywriter. Sports fan: Jax Jaguars, UF Gators, Red Sox, and Orl Magic. For bookings, DM me.", "favourites_count": 35, "followers_count": 299, "friends_count": 1119, "geo_enabled": true, "id": 14212248, "lang": "en", "listed_count": 13, "location": "New York City", "name": "The Squeegie", "profile_background_color": "000000", "profile_background_image_url": "http://abs.twimg.com/images/themes/theme1/bg.png", "profile_background_tile": false, "profile_image_url": "https://pbs.twimg.com/profile_images/3742582222/dee4133ce8c9e324308bee92763e7364_normal.jpeg", "profile_link_color": "75489B", "profile_sidebar_fill_color": "FAFAFA", "profile_text_color": "333333", "protected": false, "screen_name": "bnkumar", "statuses_count": 2945, "time_zone": "Eastern Time (US & Canada)", "utc_offset": -14400}, "user_mentions": [{"id": 109954573, "name": "Jelani Curtis", "screen_name": "thejcurt"}, {"id": 380749300, "name": "@apple", "screen_name": "Apple"}]}