{"created_at": "Sat Oct 15 20:37:55 +0000 2011", "favorited": false, "hashtags": ["iCloud", "sadmac"], "id": 125309448108519424, "lang": "en", "retweeted": false, "source": "<a href=\"http://www.echofon.com/\" rel=\"nofollow\">Echofon</a>", "text": "Bummer that @Apple #iCloud syncs on Windows only w/ Outlook (not Thunderbird) & IE (not Firefox, Chrome). #sadmac", "truncated": false, "user": {"created_at": "Wed Sep 24 20:56:53 +0000 2008", "description": "All about the best user experience. And me.", "favourites_count": 2, "followers_count": 132, "friends_count": 36, "geo_enabled": true, "id": 16441000, "lang": "en", "listed_count": 15, "location": "SF Bay Area", "name": "Chuck Martin", "profile_background_color": "642D8B", "profile_background_image_url": "http://abs.twimg.com/images/themes/theme10/bg.gif", "profile_background_tile": true, "profile_image_url": "https://pbs.twimg.com/profile_images/1833031791/selfportraitApr08_normal.jpg", "profile_link_color": "FF0000", "profile_sidebar_fill_color": "7AC3EE", "profile_text_color": "3D1957", "protected": false, "screen_name": "chuck_martin", "statuses_count": 3211, "time_zone": "Pacific Time (US & Canada)", "url": "http://t.co/3wgvsFOR5V", "utc_offset": -25200}, "user_mentions": [{"id": 380749300, "name": "@apple", "screen_name": "Apple"}]}