{"created_at": "Sun Oct 16 02:13:10 +0000 2011", "favorited": false, "hashtags": ["iOS5"], "id": 125393816470568961, "lang": "en", "retweeted": false, "source": "<a href=\"http://twitter.com/download/iphone\" rel=\"nofollow\">Twitter for iPhone</a>", "text": "#iOS5 update submitted to @apple! Thanks for all the support!", "truncated": false, "user": {"created_at": "Fri Jul 01 19:38:07 +0000 2011", "description": "Welcome to Beer Buddy's Twitter page. Beer Buddy allows you to access the @ratebeer database of 300,000+ beers by scanning barcodes! Drink, Rate, Share, Enjoy!", "favourites_count": 232, "followers_count": 1725, "friends_count": 2001, "geo_enabled": true, "id": 327565451, "lang": "en", "listed_count": 50, "name": "Beer Buddy", "profile_background_color": "C0DEED", "profile_background_image_url": "http://pbs.twimg.com/profile_background_images/444965859/app-background_2x.png", "profile_background_tile": true, "profile_banner_url": "https://pbs.twimg.com/profile_banners/327565451/1352127893", "profile_image_url": "https://pbs.twimg.com/profile_images/1458381836/Icon_2x_normal.png", "profile_link_color": "0084B4", "profile_sidebar_fill_color": "DDEEF6", "profile_text_color": "333333", "protected": false, "screen_name": "beerbuddy_app", "statuses_count": 3443, "time_zone": "Quito", "url": "http://t.co/0fNNwLFtGU", "utc_offset": -18000}, "user_mentions": [{"id": 380749300, "name": "@apple", "screen_name": "Apple"}]}