{"created_at": "Sat Oct 15 20:49:28 +0000 2011", "favorited": false, "id": 125312357797863425, "lang": "en", "retweet_count": 1, "retweeted": false, "retweeted_status": {"created_at": "Sat Oct 15 19:18:04 +0000 2011", "favorited": false, "id": 125289353558761474, "lang": "en", "retweet_count": 1, "retweeted": false, "source": "<a href=\"http://www.hootsuite.com\" rel=\"nofollow\">Hootsuite</a>", "text": "Wall to wall people, security and a huge line outside just to get in the @Apple store.  http://t.co/i1khkgJm", "truncated": false, "urls": {"http://t.co/i1khkgJm": "http://ow.ly/i/jfxR"}, "user": {"created_at": "Wed Aug 06 18:07:53 +0000 2008", "description": "Italy & France travel planner, Melange Travel. Culinary, culture, slow & authentic experiences. Carry-on Queen. Love food, wine, coffee & my westie. Can I help?", "favourites_count": 513, "followers_count": 9793, "friends_count": 1019, "geo_enabled": true, "id": 15752953, "lang": "en", "listed_count": 860, "location": "Italy - France - NY", "name": "Robin Locker Lacey", "profile_background_color": "ACDED6", "profile_background_image_url": "http://pbs.twimg.com/profile_background_images/57224930/securedownload-1.jpeg", "profile_background_tile": false, "profile_banner_url": "https://pbs.twimg.com/profile_banners/15752953/1399660411", "profile_image_url": "https://pbs.twimg.com/profile_images/1710185369/DSC00069_2_2_normal.JPG", "profile_link_color": "60876F", "profile_sidebar_fill_color": "8A6A19", "profile_text_color": "B5BA97", "protected": false, "screen_name": "MyMelange", "statuses_count": 66031, "time_zone": "Eastern Time (US & Canada)", "url": "http://t.co/7Ue4zULLqO", "utc_offset": -14400}, "user_mentions": [{"id": 380749300, "name": "@apple", "screen_name": "Apple"}]}, "source": "<a href=\"http://blackberry.com/twitter\" rel=\"nofollow\">Twitter for BlackBerry\u00ae</a>", "text": "RT @MyMelange: Wall to wall people, security and a huge line outside just to get in the @Apple store.  http://t.co/i1khkgJm", "truncated": false, "urls": {"http://t.co/i1khkgJm": "http://ow.ly/i/jfxR"}, "user": {"created_at": "Wed Sep 21 01:50:00 +0000 2011", "description": "merangkak, belajar, memulai perjalanan menggali pengetahuan kota layak huni | berbagi dan bertutur mengenai ruang kota | ruangkota@yahoo.com", "favourites_count": 565, "followers_count": 725, "friends_count": 539, "id": 377119818, "lang": "en", "listed_count": 18, "location": "Indonesia", "name": "ruangkota", "profile_background_color": "EBEBEB", "profile_background_image_url": "http://abs.twimg.com/images/themes/theme7/bg.gif", "profile_background_tile": false, "profile_image_url": "https://pbs.twimg.com/profile_images/1552517472/ruangkota_normal.jpg", "profile_link_color": "990000", "profile_sidebar_fill_color": "F3F3F3", "profile_text_color": "333333", "protected": false, "screen_name": "ruangkota", "statuses_count": 8058, "time_zone": "Bangkok", "utc_offset": 25200}, "user_mentions": [{"id": 15752953, "name": "Robin Locker Lacey", "screen_name": "MyMelange"}, {"id": 380749300, "name": "@apple", "screen_name": "Apple"}]}