{"created_at": "Sat Oct 15 20:21:49 +0000 2011", "favorited": false, "id": 125305396842856448, "lang": "en", "retweeted": false, "source": "<a href=\"http://twitter.com\" rel=\"nofollow\">Twitter Web Client</a>", "text": "has been on terminal hold with @apple support!  She must not be the only person having trouble with the new iphone and synching!", "truncated": false, "user": {"created_at": "Mon Feb 23 01:06:13 +0000 2009", "description": "PR Pro, CityGal, Political Junkie, Newspaper and Magazine-aholic, Movie Buff, Bookstore Lover, Avid cupcake baker", "favourites_count": 146, "followers_count": 1013, "friends_count": 1860, "geo_enabled": true, "id": 21618273, "lang": "en", "listed_count": 16, "location": "Houston", "name": "Cindy Clifford", "profile_background_color": "352726", "profile_background_image_url": "http://abs.twimg.com/images/themes/theme5/bg.gif", "profile_background_tile": false, "profile_image_url": "https://pbs.twimg.com/profile_images/95688912/Cindy_normal.jpg", "profile_link_color": "D02B55", "profile_sidebar_fill_color": "99CC33", "profile_text_color": "3E4415", "protected": false, "screen_name": "cindy8000", "statuses_count": 4532, "time_zone": "Central Time (US & Canada)", "url": "http://t.co/GpcQaIgvkW", "utc_offset": -18000}, "user_mentions": [{"id": 380749300, "name": "@apple", "screen_name": "Apple"}]}