{"created_at": "Sat Oct 15 21:09:07 +0000 2011", "favorited": false, "id": 125317300860620801, "in_reply_to_screen_name": "thatstevegray", "in_reply_to_status_id": 125311083891265536, "in_reply_to_user_id": 15147462, "lang": "en", "retweeted": false, "source": "<a href=\"http://twitter.com/download/iphone\" rel=\"nofollow\">Twitter for iPhone</a>", "text": "@thatstevegray done that buddy, just  surprised that there's no option from @apple & if you turn it back on it brings back the pics u delete", "truncated": false, "user": {"created_at": "Sun Jun 28 22:43:10 +0000 2009", "description": "The funniest thing I've ever heard, is laughter :-)", "favourites_count": 21, "followers_count": 211, "friends_count": 256, "id": 51869894, "lang": "en", "listed_count": 3, "location": "Middle England", "name": "Mark Grigg", "profile_background_color": "FF6666", "profile_background_image_url": "http://pbs.twimg.com/profile_background_images/304714954/tumblr_lmx6lwjXxV1qjsq1jo1_500.jpg", "profile_background_tile": true, "profile_banner_url": "https://pbs.twimg.com/profile_banners/51869894/1349201126", "profile_image_url": "https://pbs.twimg.com/profile_images/3050228088/d6658e21b118d6f0e440cdd2a346f174_normal.jpeg", "profile_link_color": "121010", "profile_sidebar_fill_color": "D49B46", "profile_text_color": "DE3131", "protected": false, "screen_name": "Grigga", "statuses_count": 3668, "time_zone": "London", "utc_offset": 3600}, "user_mentions": [{"id": 15147462, "name": "Steve Gray", "screen_name": "thatstevegray"}, {"id": 380749300, "name": "@apple", "screen_name": "Apple"}]}