{"created_at": "Sat Oct 15 22:15:16 +0000 2011", "favorited": false, "id": 125333948556521472, "lang": "en", "retweeted": false, "source": "<a href=\"http://itunes.apple.com/us/app/twitter/id409789998?mt=12\" rel=\"nofollow\">Twitter for Mac</a>", "text": "\u2026and only the first 23 images in my Photo Roll made it over? Seriously, @apple, how did you fuck this up so much?", "truncated": false, "user": {"created_at": "Thu Aug 30 15:34:40 +0000 2007", "description": "I write code, climb rocks, ride bikes. I'm a pragmatic optimist and a deep believer in cities as machines for living. Zero-sum really isn't my style.", "favourites_count": 52, "followers_count": 508, "friends_count": 224, "id": 8537112, "lang": "en", "listed_count": 34, "location": "(South) Philly", "name": "Ben", "profile_background_color": "709397", "profile_background_image_url": "http://abs.twimg.com/images/themes/theme6/bg.gif", "profile_background_tile": false, "profile_banner_url": "https://pbs.twimg.com/profile_banners/8537112/1398198160", "profile_image_url": "https://pbs.twimg.com/profile_images/1107140447/IMG_0984-2_normal.jpg", "profile_link_color": "FF3300", "profile_sidebar_fill_color": "A0C5C7", "profile_text_color": "333333", "protected": false, "screen_name": "titlecharacter", "statuses_count": 26706, "time_zone": "Eastern Time (US & Canada)", "url": "http://t.co/ITnhuHBCQC", "utc_offset": -14400}, "user_mentions": [{"id": 380749300, "name": "@apple", "screen_name": "Apple"}]}