{"created_at": "Sun Oct 16 02:17:19 +0000 2011", "favorited": false, "id": 125394863255588864, "lang": "en", "retweeted": false, "source": "<a href=\"http://twitter.com\" rel=\"nofollow\">Twitter Web Client</a>", "text": "I will never purchase another @Apple product for the rest of my life. I am glad Steve Jobs is fucking dead. MAY YOU FUCKING ROT IN HELL!!!!!", "truncated": false, "user": {"created_at": "Fri Feb 11 19:31:04 +0000 2011", "followers_count": 41, "friends_count": 27, "id": 250769604, "lang": "en", "listed_count": 1, "name": "The Drunken Cyclist", "profile_background_color": "C6E2EE", "profile_background_image_url": "http://abs.twimg.com/images/themes/theme2/bg.gif", "profile_background_tile": false, "profile_image_url": "https://pbs.twimg.com/profile_images/1247488647/twitterIcon_normal.jpg", "profile_link_color": "1F98C7", "profile_sidebar_fill_color": "DAECF4", "profile_text_color": "663B12", "protected": false, "screen_name": "TheDrunkCyclist", "statuses_count": 263}, "user_mentions": [{"id": 380749300, "name": "@apple", "screen_name": "Apple"}]}