{"created_at": "Sun Oct 16 00:59:43 +0000 2011", "favorited": false, "id": 125375333162684416, "lang": "ja", "retweeted": false, "source": "<a href=\"http://twitter.com/download/iphone\" rel=\"nofollow\">Twitter for iPhone</a>", "text": "iphone\u884c\u5217\u4e26\u3093\u3060\u30fc@apple store\u9280\u5ea7 \u3069\u306e\u304f\u3089\u3044\u304b\u304b\u308b\u304b\u306d\u300216G\u3057\u304b\u306a\u3044\u305d\u3046\u3067\u3059\u3002", "truncated": false, "user": {"created_at": "Mon Dec 22 05:13:13 +0000 2008", "description": "blog:http://t.co/hFweB81G", "favourites_count": 305, "followers_count": 108, "friends_count": 191, "id": 18301264, "lang": "ja", "listed_count": 4, "location": "Tokyo", "name": "cowsys", "profile_background_color": "352726", "profile_background_image_url": "http://pbs.twimg.com/profile_background_images/99406027/twitter-background-saoud01-n.jpg", "profile_background_tile": false, "profile_image_url": "https://pbs.twimg.com/profile_images/1183046229/Kermit_normal.jpg", "profile_link_color": "D02B55", "profile_sidebar_fill_color": "99CC33", "profile_text_color": "3E4415", "protected": false, "screen_name": "cowsys", "statuses_count": 2809, "time_zone": "Tokyo", "utc_offset": 32400}, "user_mentions": [{"id": 380749300, "name": "@apple", "screen_name": "Apple"}]}