{"created_at": "Sat Oct 15 20:40:01 +0000 2011", "favorited": false, "hashtags": ["iphone4"], "id": 125309975881977857, "lang": "en", "retweeted": false, "source": "<a href=\"http://twitter.com\" rel=\"nofollow\">Twitter Web Client</a>", "text": "need @apple help!! installing new ios on #iphone4 and am stuck on the Find My iPhone screen :( i keep clicking next but it doesn't work", "truncated": false, "user": {"created_at": "Sun Mar 29 01:55:31 +0000 2009", "description": "Partner @patiosocial | #GolfNut | #BCWine fan | Member @YESVancouver", "favourites_count": 199, "followers_count": 1251, "friends_count": 1998, "geo_enabled": true, "id": 27357000, "lang": "en", "listed_count": 44, "location": "Vancouver, BC", "name": "Candice Pedersen", "profile_background_color": "FFFFFF", "profile_background_image_url": "http://pbs.twimg.com/profile_background_images/672489088/590769d4fb14ad6f3a9f6ea73b8d7923.jpeg", "profile_background_tile": true, "profile_banner_url": "https://pbs.twimg.com/profile_banners/27357000/1400643576", "profile_image_url": "https://pbs.twimg.com/profile_images/378800000811426154/3b2b124677187f866f063d1c4fd627a0_normal.jpeg", "profile_link_color": "069C0B", "profile_sidebar_fill_color": "191A1A", "profile_text_color": "F5F2F5", "protected": false, "screen_name": "pedersencandice", "statuses_count": 2462, "time_zone": "Pacific Time (US & Canada)", "url": "http://t.co/Ch1HEHI7DV", "utc_offset": -25200}, "user_mentions": [{"id": 380749300, "name": "@apple", "screen_name": "Apple"}]}