{"created_at": "Sun Oct 16 02:17:05 +0000 2011", "favorited": false, "hashtags": ["iPhone4S", "Space", "nasa"], "id": 125394805449699329, "lang": "it", "retweeted": false, "source": "<a href=\"https://dev.twitter.com/docs/tfw\" rel=\"nofollow\">Twitter for Websites</a>", "text": "#iPhone4S in #Space http://t.co/glOaXhLe via @youtube\n\n#nasa @apple", "truncated": false, "urls": {"http://t.co/glOaXhLe": "http://www.youtube.com/watch?v=IHjX7LlS7OY&feature=share"}, "user": {"created_at": "Sun Jun 28 22:08:12 +0000 2009", "description": "Blah blah blahhh. Yah blah blah area with blah and blah!", "followers_count": 154, "friends_count": 882, "geo_enabled": true, "id": 51860455, "lang": "en", "listed_count": 2, "location": "SD California", "name": "SimpleTom", "profile_background_color": "131516", "profile_background_image_url": "http://pbs.twimg.com/profile_background_images/798538931/dc374a09387522e1062e19462ff5fe2f.jpeg", "profile_background_tile": false, "profile_banner_url": "https://pbs.twimg.com/profile_banners/51860455/1398733823", "profile_image_url": "https://pbs.twimg.com/profile_images/378800000619087209/2e7ad520fa4ef73ccb5aeea17c3874bb_normal.jpeg", "profile_link_color": "009999", "profile_sidebar_fill_color": "EFEFEF", "profile_text_color": "333333", "protected": false, "screen_name": "TweakedCulture", "statuses_count": 5769, "time_zone": "Alaska", "url": "http://t.co/ft4sOBKyiA", "utc_offset": -28800}, "user_mentions": [{"id": 10228272, "name": "YouTube", "screen_name": "YouTube"}, {"id": 380749300, "name": "@apple", "screen_name": "Apple"}]}