{"created_at": "Sat Oct 15 23:57:17 +0000 2011", "favorited": false, "id": 125359622193295360, "lang": "en", "retweeted": false, "source": "<a href=\"http://twitter.com/download/iphone\" rel=\"nofollow\">Twitter for iPhone</a>", "text": "no kidding \u201c@thejabberwockey: Also @EricGreenspan, don't forget @Apple stop closing the app store after each bloody purchase...\u201d", "truncated": false, "user": {"created_at": "Fri Apr 17 22:50:32 +0000 2009", "description": "I love making something out of nothing, uniquely marketing it really well, my sons and shoes.", "favourites_count": 68, "followers_count": 17850, "friends_count": 2525, "geo_enabled": true, "id": 32639070, "lang": "en", "listed_count": 1011, "location": "Santa Barbara, CA", "name": "Eric Greenspan", "profile_background_color": "022330", "profile_background_image_url": "http://pbs.twimg.com/profile_background_images/378800000165644635/2OkxSBmV.jpeg", "profile_background_tile": true, "profile_banner_url": "https://pbs.twimg.com/profile_banners/32639070/1401252683", "profile_image_url": "https://pbs.twimg.com/profile_images/445953875996971008/h9ZrxOaO_normal.png", "profile_link_color": "0084B4", "profile_sidebar_fill_color": "C0DFEC", "profile_text_color": "333333", "protected": false, "screen_name": "ericgreenspan", "statuses_count": 9833, "url": "http://t.co/tydC2BnhTg"}, "user_mentions": [{"id": 255753930, "name": "Marrok", "screen_name": "thejabberwockey"}, {"id": 32639070, "name": "Eric Greenspan", "screen_name": "ericgreenspan"}, {"id": 380749300, "name": "@apple", "screen_name": "Apple"}]}