{"created_at": "Sat Oct 15 23:05:14 +0000 2011", "favorited": false, "id": 125346522618535937, "lang": "pt", "retweeted": false, "source": "<a href=\"http://twitter.com\" rel=\"nofollow\">Twitter Web Client</a>", "text": "Fico manso os pre\u00e7os desses IPHONEs,absurdos R$ 2.500! Assim n\u00e3o d\u00e1 F\u00eda @apple, S\u00f3 se eu fizesse programa na Beira Mar :(", "truncated": false, "user": {"created_at": "Sun Apr 11 14:05:12 +0000 2010", "description": "Cear\u00e1", "favourites_count": 456, "followers_count": 236, "friends_count": 279, "geo_enabled": true, "id": 131840752, "lang": "pt", "listed_count": 15, "location": "Brasil", "name": "Bergson Matos", "profile_background_color": "EBEBEB", "profile_background_image_url": "http://abs.twimg.com/images/themes/theme7/bg.gif", "profile_background_tile": false, "profile_banner_url": "https://pbs.twimg.com/profile_banners/131840752/1397919955", "profile_image_url": "https://pbs.twimg.com/profile_images/457153159811461120/rYAZzXU5_normal.jpeg", "profile_link_color": "008299", "profile_sidebar_fill_color": "F3F3F3", "profile_text_color": "333333", "protected": false, "screen_name": "bergsonmatos", "statuses_count": 8832, "time_zone": "Brasilia", "utc_offset": -10800}, "user_mentions": [{"id": 380749300, "name": "@apple", "screen_name": "Apple"}]}