{"created_at": "Sat Oct 15 22:09:57 +0000 2011", "favorited": false, "id": 125332609428496384, "lang": "en", "retweeted": false, "source": "<a href=\"http://www.htc.com\" rel=\"nofollow\">  HTC Peep</a>", "text": "Waiting on line @Apple store at west 14th Street.", "truncated": false, "user": {"created_at": "Wed Aug 26 02:41:46 +0000 2009", "description": "Bow Wow Doe #15", "favourites_count": 265, "followers_count": 233, "friends_count": 376, "id": 68881139, "lang": "en", "listed_count": 6, "location": "Trutherville", "name": "Harry T Nacious", "profile_background_color": "9AE4E8", "profile_background_image_url": "http://abs.twimg.com/images/themes/theme16/bg.gif", "profile_background_tile": false, "profile_image_url": "https://pbs.twimg.com/profile_images/378800000443275106/2636cbaa01730879dafd174bb1037c22_normal.jpeg", "profile_link_color": "0084B4", "profile_sidebar_fill_color": "DDFFCC", "profile_text_color": "333333", "protected": false, "screen_name": "HarryTNacious", "statuses_count": 43005, "time_zone": "Tokyo", "utc_offset": 32400}, "user_mentions": [{"id": 380749300, "name": "@apple", "screen_name": "Apple"}]}