{"created_at": "Sun Oct 16 00:02:35 +0000 2011", "favorited": false, "hashtags": ["FirstWorldProblems"], "id": 125360952878182400, "lang": "en", "retweeted": false, "source": "<a href=\"http://www.apple.com\" rel=\"nofollow\">Camera on iOS</a>", "text": "Too many iPhones.  @apple @dcoult #FirstWorldProblems http://t.co/Ck4yfFSY", "truncated": false, "user": {"created_at": "Sun Jul 13 00:40:59 +0000 2008", "description": "Director of Events at @auntritas in Phoenix. Lover of #weightlifting, #hiking, @reddit, & all things events. All tweets and opinions are my own. RT\u2260endorsement", "favourites_count": 80, "followers_count": 377, "friends_count": 438, "geo_enabled": true, "id": 15409918, "lang": "en", "listed_count": 8, "location": "33.583702,-111.999877", "name": "CJ Minott", "profile_background_color": "000D24", "profile_background_image_url": "http://pbs.twimg.com/profile_background_images/378800000181588561/0IeZ4omz.jpeg", "profile_background_tile": false, "profile_banner_url": "https://pbs.twimg.com/profile_banners/15409918/1348373688", "profile_image_url": "https://pbs.twimg.com/profile_images/474972519326572544/Lk6L5tbu_normal.jpeg", "profile_link_color": "5900FF", "profile_sidebar_fill_color": "DDEEF6", "profile_text_color": "333333", "protected": false, "screen_name": "cjminott", "statuses_count": 2266, "time_zone": "Arizona", "url": "http://t.co/IrxzEOyVkV", "utc_offset": -25200}, "user_mentions": [{"id": 380749300, "name": "@apple", "screen_name": "Apple"}, {"id": 21070770, "name": "David Coulter", "screen_name": "dcoult"}]}