{"created_at": "Sun Oct 16 00:53:04 +0000 2011", "favorited": false, "hashtags": ["Win", "PampersHelloApps"], "id": 125373658389692416, "lang": "en", "retweeted": false, "source": "<a href=\"http://twitter.com\" rel=\"nofollow\">Twitter Web Client</a>", "text": "\"#Win an @Apple iPod Touch from @Mommy_gaga, get the @Pampers Hello World Baby Memories App! http://t.co/DLLabuAK #PampersHelloApps\"", "truncated": false, "urls": {"http://t.co/DLLabuAK": "http://bit.ly/p5FaLB"}, "user": {"created_at": "Fri Nov 05 21:56:24 +0000 2010", "favourites_count": 1, "followers_count": 69, "friends_count": 316, "id": 212367091, "lang": "en", "name": "veronica leon", "profile_background_color": "C0DEED", "profile_background_image_url": "http://abs.twimg.com/images/themes/theme1/bg.png", "profile_background_tile": false, "profile_image_url": "https://abs.twimg.com/sticky/default_profile_images/default_profile_6_normal.png", "profile_link_color": "0084B4", "profile_sidebar_fill_color": "DDEEF6", "profile_text_color": "333333", "protected": false, "screen_name": "verolc2010", "statuses_count": 4417}, "user_mentions": [{"id": 380749300, "name": "@apple", "screen_name": "Apple"}, {"id": 44436909, "name": "Deanna, mommyGAGA", "screen_name": "Mommy_Gaga"}, {"id": 54548089, "name": "Pampers", "screen_name": "Pampers"}]}