{"created_at": "Sun Oct 16 00:02:16 +0000 2011", "favorited": false, "hashtags": ["iphone4s", "hoh", "deaf", "ally"], "id": 125360877359742976, "lang": "en", "retweet_count": 1, "retweeted": false, "source": "<a href=\"http://twitter.com/download/iphone\" rel=\"nofollow\">Twitter for iPhone</a>", "text": "Dear @apple, as a hoh/deaf user, can you please add options for stronger and longer vibrate for #iphone4s ? Thank you! #hoh #deaf #ally", "truncated": false, "user": {"created_at": "Sun Jan 04 23:42:36 +0000 2009", "description": "Web developer passionate about POSH, accessibility, css, jQuery, microformats and NINJAS!", "favourites_count": 1, "followers_count": 242, "friends_count": 292, "geo_enabled": true, "id": 18616455, "lang": "en", "listed_count": 43, "location": "USA", "name": "Michael Goddard", "profile_background_color": "FF892A", "profile_background_image_url": "http://pbs.twimg.com/profile_background_images/90368838/x312319b31374f7457834bb69163a449.png", "profile_background_tile": true, "profile_banner_url": "https://pbs.twimg.com/profile_banners/18616455/1400158456", "profile_image_url": "https://pbs.twimg.com/profile_images/753943101/NSJUBEIresize_normal.jpg", "profile_link_color": "F7C004", "profile_sidebar_fill_color": "EDDDC7", "profile_text_color": "333333", "protected": false, "screen_name": "deafninja", "statuses_count": 1866, "time_zone": "Central Time (US & Canada)", "utc_offset": -18000}, "user_mentions": [{"id": 380749300, "name": "@apple", "screen_name": "Apple"}]}