{"created_at": "Sun Oct 16 00:24:42 +0000 2011", "favorited": false, "hashtags": ["wtf"], "id": 125366519680086016, "in_reply_to_screen_name": "Apple", "in_reply_to_user_id": 380749300, "lang": "en", "retweeted": false, "source": "<a href=\"http://tapbots.com/tweetbot\" rel=\"nofollow\">Tweetbot for iOS</a>", "text": "@Apple Why do you have a volume control in the fast app switcher!? Buttons. Volume buttons. You have them. Give me a brightness slider! #wtf", "truncated": false, "user": {"created_at": "Wed Apr 29 15:37:14 +0000 2009", "favourites_count": 295, "followers_count": 48, "friends_count": 136, "id": 36386838, "lang": "en", "listed_count": 1, "location": " \uf8ff Salem, Oregon [503]", "name": "Espionage Studio", "profile_background_color": "C0DEED", "profile_background_image_url": "http://abs.twimg.com/images/themes/theme1/bg.png", "profile_background_tile": false, "profile_image_url": "https://pbs.twimg.com/profile_images/1400190164/Coffee_Snoot_normal.jpg", "profile_link_color": "0084B4", "profile_sidebar_fill_color": "DDEEF6", "profile_text_color": "333333", "protected": false, "screen_name": "EspionageStudio", "statuses_count": 425, "time_zone": "Alaska", "url": "http://t.co/EHA5Qj9PVO", "utc_offset": -28800}, "user_mentions": [{"id": 380749300, "name": "@apple", "screen_name": "Apple"}]}