{"coordinates": {"coordinates": [-122.17815018, 47.74561977], "type": "Point"}, "created_at": "Sat Oct 15 22:24:45 +0000 2011", "favorited": false, "geo": {"coordinates": [47.74561977, -122.17815018], "type": "Point"}, "id": 125336335656558592, "in_reply_to_screen_name": "HBOGO", "in_reply_to_user_id": 226231298, "lang": "en", "place": {"attributes": {}, "bounding_box": {"coordinates": [[[-122.189145, 47.703071], [-122.088591, 47.703071], [-122.088591, 47.747421], [-122.189145, 47.747421]]], "type": "Polygon"}, "contained_within": [], "country": "United States", "country_code": "US", "full_name": "Kingsgate, WA", "id": "21a7f3fb0c84e956", "name": "Kingsgate", "place_type": "city", "url": "https://api.twitter.com/1.1/geo/id/21a7f3fb0c84e956.json"}, "retweeted": false, "source": "<a href=\"http://www.twitter.com\" rel=\"nofollow\">Twitter for Windows Phone</a>", "text": "@hbogo @apple - why don't you play nice and let me use HDMI from iPad?  Pretty lame.", "truncated": false, "user": {"created_at": "Wed Jun 17 22:50:23 +0000 2009", "favourites_count": 1, "followers_count": 20, "friends_count": 121, "id": 48149639, "lang": "en", "listed_count": 1, "name": "Patrick Mendenall", "profile_background_color": "C0DEED", "profile_background_image_url": "http://abs.twimg.com/images/themes/theme1/bg.png", "profile_background_tile": false, "profile_image_url": "https://pbs.twimg.com/profile_images/1555298377/meatrush_normal.jpg", "profile_link_color": "0084B4", "profile_sidebar_fill_color": "DDEEF6", "profile_text_color": "333333", "protected": false, "screen_name": "M3Fan", "statuses_count": 372, "time_zone": "Pacific Time (US & Canada)", "utc_offset": -25200}, "user_mentions": [{"id": 226231298, "name": "HBO GO", "screen_name": "HBOGO"}, {"id": 380749300, "name": "@apple", "screen_name": "Apple"}]}