{"created_at": "Sat Oct 15 22:19:30 +0000 2011", "favorited": false, "id": 125335012961828866, "in_reply_to_screen_name": "davidcohen", "in_reply_to_status_id": 125333435836416001, "in_reply_to_user_id": 817209, "lang": "en", "retweeted": false, "source": "<a href=\"http://twitter.com\" rel=\"nofollow\">Twitter Web Client</a>", "text": "@davidcohen Sounds like 2nd day strategy isn't working. We got ours yesterday - in and out in no time. @Apple staff awesome/efficient!", "truncated": false, "user": {"created_at": "Sat Sep 10 15:56:08 +0000 2011", "description": "PivotGuild is a community of entrepreneurial & social venture founders committed to transformational social impact via pivots in strategy & relationships.", "favourites_count": 162, "followers_count": 1324, "friends_count": 1999, "id": 371304085, "lang": "en", "listed_count": 56, "location": "Boulder, Colorado", "name": "Alyson B. Miller", "profile_background_color": "091304", "profile_background_image_url": "http://pbs.twimg.com/profile_background_images/388811569/dhaspens_300_122914.jpg", "profile_background_tile": false, "profile_image_url": "https://pbs.twimg.com/profile_images/1544016038/Aly_Head_Shot_NJ_2008_normal.jpg", "profile_link_color": "696545", "profile_sidebar_fill_color": "262626", "profile_text_color": "7D7D7D", "protected": false, "screen_name": "PivotGuild", "statuses_count": 4010, "time_zone": "Mountain Time (US & Canada)", "url": "http://t.co/397eIiarFU", "utc_offset": -21600}, "user_mentions": [{"id": 817209, "name": "David Cohen", "screen_name": "davidcohen"}, {"id": 380749300, "name": "@apple", "screen_name": "Apple"}]}