{"created_at": "Sat Oct 15 22:27:07 +0000 2011", "favorited": false, "hashtags": ["iPhone4", "iOS5"], "id": 125336929825849344, "lang": "es", "retweeted": false, "source": "<a href=\"http://itunes.apple.com/us/app/twitter/id409789998?mt=12\" rel=\"nofollow\">Twitter for Mac</a>", "text": "De la nada mi #iPhone4 se fue a negro y empez\u00f3 a vibrar, hubo que resetearlo, que onda con #iOS5 WTFH @Apple", "truncated": false, "user": {"created_at": "Thu Apr 16 21:53:00 +0000 2009", "description": "Penquista. Psic\u00f3logo UDD/MBA UAH. Coordinador Acad\u00e9mico \u00c1rea Organizacional y Centro de Psicolog\u00eda Empresarial, Facultad de Psicolog\u00eda UDD. Padre y esposo", "favourites_count": 19, "followers_count": 436, "friends_count": 509, "geo_enabled": true, "id": 32169036, "lang": "es", "listed_count": 9, "location": "Chile", "name": "Hugo Giuliano", "profile_background_color": "3F0766", "profile_background_image_url": "http://pbs.twimg.com/profile_background_images/470434604910792705/jsqTbaR1.jpeg", "profile_background_tile": true, "profile_banner_url": "https://pbs.twimg.com/profile_banners/32169036/1400995431", "profile_image_url": "https://pbs.twimg.com/profile_images/470434236915142656/Y8QBP_Ko_normal.jpeg", "profile_link_color": "140000", "profile_sidebar_fill_color": "7AC3EE", "profile_text_color": "3D1957", "protected": false, "screen_name": "hugogiuliano", "statuses_count": 3795, "time_zone": "Santiago", "url": "http://t.co/ruW8VazjgT", "utc_offset": -14400}, "user_mentions": [{"id": 380749300, "name": "@apple", "screen_name": "Apple"}]}