{"created_at": "Sat Oct 15 21:24:09 +0000 2011", "favorited": false, "id": 125321084525490176, "in_reply_to_screen_name": "Apple", "in_reply_to_user_id": 380749300, "lang": "en", "retweeted": false, "source": "<a href=\"http://www.echofon.com/\" rel=\"nofollow\">Echofon</a>", "text": "@apple so why is the ios support for 2nd gen ipods discontinued? It is only 3 years old? Give us an ios update please!", "truncated": false, "user": {"created_at": "Tue Mar 31 22:35:09 +0000 2009", "description": "vrijetijds denker, ontwerper en gamer.\r\nleisure thinker, designer and gamer.\r\n\r\noh I have Cyistic Fibroses and i'm a Organ Donor!", "favourites_count": 10, "followers_count": 175, "friends_count": 739, "geo_enabled": true, "id": 27982353, "lang": "nl", "listed_count": 7, "location": "rotterdam", "name": "M4tts", "profile_background_color": "0E0D02", "profile_background_image_url": "http://pbs.twimg.com/profile_background_images/158771252/xf780d0a359e2b24b42c32145a8a4e88.jpg", "profile_background_tile": false, "profile_banner_url": "https://pbs.twimg.com/profile_banners/27982353/1359806798", "profile_image_url": "https://pbs.twimg.com/profile_images/3350452749/6670b3f29bce0cea6a8a35b5ab862041_normal.jpeg", "profile_link_color": "39BD91", "profile_sidebar_fill_color": "0E0D02", "profile_text_color": "895429", "protected": false, "screen_name": "M4tts", "statuses_count": 4074, "time_zone": "Amsterdam", "url": "http://t.co/oIPtXkJt78", "utc_offset": 7200}, "user_mentions": [{"id": 380749300, "name": "@apple", "screen_name": "Apple"}]}