{"created_at": "Sat Oct 15 20:07:46 +0000 2011", "favorited": false, "hashtags": ["iOS5"], "id": 125301860256063488, "in_reply_to_screen_name": "Apple", "in_reply_to_user_id": 380749300, "lang": "en", "retweeted": false, "source": "<a href=\"http://twitter.com/download/iphone\" rel=\"nofollow\">Twitter for iPhone</a>", "text": "@Apple #iOS5 NONSTOP DROPPED CALLS&MUTE BUTTON RANDOMLY ACTIVATING&PERSON CANT HEAR ME, PULL PHONE FROM EAR TO BE ON A \"MOBILE ME\" SCREEN", "truncated": false, "user": {"created_at": "Mon May 09 21:01:38 +0000 2011", "description": "So in love with my honey...outdoors, camping, photography, adventure, dogs, tomboy, cars, reading, writing, singing, tech, sincere, conservative, old fashioned.", "favourites_count": 2608, "followers_count": 67, "friends_count": 194, "geo_enabled": true, "id": 295894598, "lang": "en", "listed_count": 3, "location": "in his arms...ALWAYS 3", "name": "Stephanie \uf8ff", "profile_background_color": "8A3F79", "profile_background_image_url": "http://abs.twimg.com/images/themes/theme1/bg.png", "profile_background_tile": false, "profile_banner_url": "https://pbs.twimg.com/profile_banners/295894598/1364501636", "profile_image_url": "https://pbs.twimg.com/profile_images/3443957972/f552f0aed4afb85e20e0bece70a623a0_normal.jpeg", "profile_link_color": "B800A9", "profile_sidebar_fill_color": "C696EB", "profile_text_color": "2B062E", "protected": false, "screen_name": "Red_Rose_Always", "statuses_count": 11767, "time_zone": "Quito", "utc_offset": -18000}, "user_mentions": [{"id": 380749300, "name": "@apple", "screen_name": "Apple"}]}