{"created_at": "Sat Oct 15 23:42:23 +0000 2011", "favorited": false, "id": 125355869859876864, "lang": "en", "retweeted": false, "source": "<a href=\"http://www.hootsuite.com\" rel=\"nofollow\">Hootsuite</a>", "text": "RT @JoelBurns: Dear @Apple, it's me again. Thank for beautiful new iOS features. But I miss some of the old ones. Lk making calls & texts\n&gt;(", "truncated": false, "user": {"created_at": "Thu Mar 26 18:13:36 +0000 2009", "description": "I run a thriving real estate biz in North ID.  Started small but it is booming now. Father of 5, Adrenaline Junkie, Hubby to a gr8 wife.", "favourites_count": 8, "followers_count": 336, "friends_count": 303, "geo_enabled": true, "id": 26808891, "lang": "en", "listed_count": 9, "location": "Coeur d Alene, ID", "name": "John Thomas Sinclair", "profile_background_color": "C6E2EE", "profile_background_image_url": "http://abs.twimg.com/images/themes/theme2/bg.gif", "profile_background_tile": false, "profile_image_url": "https://pbs.twimg.com/profile_images/1142923851/DSC_0011_normal.JPG", "profile_link_color": "1F98C7", "profile_sidebar_fill_color": "DAECF4", "profile_text_color": "663B12", "protected": false, "screen_name": "BrokerSinclair", "statuses_count": 886, "time_zone": "Pacific Time (US & Canada)", "url": "http://t.co/8eSKof6xdf", "utc_offset": -25200}, "user_mentions": [{"id": 16291199, "name": "Councilm. Joel Burns", "screen_name": "JoelBurns"}, {"id": 380749300, "name": "@apple", "screen_name": "Apple"}]}