{"created_at": "Sun Oct 16 02:16:32 +0000 2011", "favorited": false, "hashtags": ["Siri", "ios5"], "id": 125394663573172224, "lang": "en", "retweeted": false, "source": "<a href=\"http://twitter.com\" rel=\"nofollow\">Twitter Web Client</a>", "text": "Asked #Siri \"Where's Baby Lisa?\" and was told \"sorry, I'm having trouble connecting to the network right now.\" @apple server fail. #ios5", "truncated": false, "user": {"created_at": "Thu Jul 26 17:54:18 +0000 2007", "description": "UX geek, producer, writer, developer, designer. iPhone junkie, Adobe user group manager. Dad, lover, partner, friend. #Nerd-a-licious-def.", "favourites_count": 50, "followers_count": 1373, "friends_count": 1776, "geo_enabled": true, "id": 7741952, "lang": "en", "listed_count": 89, "location": "Kansas City, MO", "name": "Buck Sommerkamp", "profile_background_color": "E6E6E6", "profile_background_image_url": "http://abs.twimg.com/images/themes/theme9/bg.gif", "profile_background_tile": false, "profile_banner_url": "https://pbs.twimg.com/profile_banners/7741952/1398816868", "profile_image_url": "https://pbs.twimg.com/profile_images/438238935/twitterProfilePhoto_normal.jpg", "profile_link_color": "0300B3", "profile_sidebar_fill_color": "252429", "profile_text_color": "666666", "protected": false, "screen_name": "bucksommerkamp", "statuses_count": 4310, "time_zone": "Central Time (US & Canada)", "url": "http://t.co/Hualp1HUBk", "utc_offset": -18000}, "user_mentions": [{"id": 380749300, "name": "@apple", "screen_name": "Apple"}]}