{"created_at": "Sat Oct 15 22:13:53 +0000 2011", "favorited": false, "id": 125333598197911552, "lang": "en", "retweet_count": 1, "retweeted": false, "source": "<a href=\"http://www.apple.com\" rel=\"nofollow\">Photos on iOS</a>", "text": ".@apple thanks for fixing this... http://t.co/wTj1ogDO", "truncated": false, "user": {"created_at": "Sat Jul 19 08:06:10 +0000 2008", "description": "class Developer;", "favourites_count": 465, "followers_count": 312, "friends_count": 421, "geo_enabled": true, "id": 15491013, "lang": "en", "listed_count": 8, "location": "Herentals, Belgium", "name": "Toon Claes", "profile_background_color": "FFFFFF", "profile_background_image_url": "http://pbs.twimg.com/profile_background_images/357771341/_--toon-claes.png", "profile_background_tile": false, "profile_banner_url": "https://pbs.twimg.com/profile_banners/15491013/1399406096", "profile_image_url": "https://pbs.twimg.com/profile_images/1283116793/msn_larry_im_normal.gif", "profile_link_color": "B25756", "profile_sidebar_fill_color": "DDD5B9", "profile_text_color": "000000", "protected": false, "screen_name": "to1ne", "statuses_count": 6402, "time_zone": "Brussels", "url": "http://t.co/Le98GM98bL", "utc_offset": 7200}, "user_mentions": [{"id": 380749300, "name": "@apple", "screen_name": "Apple"}]}