{"created_at": "Sat Oct 15 23:50:27 +0000 2011", "favorited": false, "hashtags": ["MacLife"], "id": 125357901580746752, "lang": "en", "retweeted": false, "source": "<a href=\"http://twitter.com/download/iphone\" rel=\"nofollow\">Twitter for iPhone</a>", "text": "So, what is behind that giant silver door at the @apple store? #MacLife", "truncated": false, "user": {"created_at": "Tue Mar 16 06:27:20 +0000 2010", "description": "Things I like: being under par, 1st base pick-offs, fake field goals, fast cars, and peanut butter crackers. Tweets are my own. #FGCU Alum", "favourites_count": 110, "followers_count": 383, "friends_count": 491, "id": 123478454, "lang": "en", "listed_count": 9, "location": "Dunk City, FL", "name": "MH", "profile_background_color": "709397", "profile_background_image_url": "http://abs.twimg.com/images/themes/theme6/bg.gif", "profile_background_tile": false, "profile_image_url": "https://pbs.twimg.com/profile_images/1865961094/254569_539975259831_174001685_31231477_1512060_n_normal.jpg", "profile_link_color": "FF3300", "profile_sidebar_fill_color": "A0C5C7", "profile_text_color": "333333", "protected": false, "screen_name": "HooverPGA", "statuses_count": 5891, "time_zone": "Eastern Time (US & Canada)", "utc_offset": -14400}, "user_mentions": [{"id": 380749300, "name": "@apple", "screen_name": "Apple"}]}