{"created_at": "Sat Oct 15 22:46:53 +0000 2011", "favorited": false, "id": 125341902739484672, "lang": "en", "retweet_count": 1, "retweeted": false, "retweeted_status": {"created_at": "Sat Oct 15 22:46:29 +0000 2011", "favorited": false, "id": 125341804857008128, "lang": "en", "retweet_count": 1, "retweeted": false, "source": "<a href=\"http://twitter.com/download/iphone\" rel=\"nofollow\">Twitter for iPhone</a>", "text": "Wow, worst @apple customer service experience ever. Arrogant and inept. Bad combo, Biltmore Apple store.", "truncated": false, "user": {"created_at": "Wed Jan 14 23:22:01 +0000 2009", "description": "Storyteller, marketer, PR guru, writer. Directing traffic at the intersection of politics, business and journalism.", "favourites_count": 33, "followers_count": 17959, "friends_count": 4830, "geo_enabled": true, "id": 19001300, "lang": "en", "listed_count": 379, "location": "Phoenix, AZ", "name": "David Leibowitz", "profile_background_color": "1F0333", "profile_background_image_url": "http://pbs.twimg.com/profile_background_images/111790612/xc5d5c92d299f78b34d337046397c066.jpg", "profile_background_tile": true, "profile_banner_url": "https://pbs.twimg.com/profile_banners/19001300/1398305107", "profile_image_url": "https://pbs.twimg.com/profile_images/1103068670/41473_1491095991_946_n_normal.jpg", "profile_link_color": "1F89C2", "profile_sidebar_fill_color": "70B370", "profile_text_color": "1F394D", "protected": false, "screen_name": "leiboaz", "statuses_count": 15329, "time_zone": "Arizona", "url": "http://t.co/fw2lB4yRi3", "utc_offset": -25200}, "user_mentions": [{"id": 380749300, "name": "@apple", "screen_name": "Apple"}]}, "source": "<a href=\"https://about.twitter.com/products/tweetdeck\" rel=\"nofollow\">TweetDeck</a>", "text": "RT @leiboaz: Wow, worst @apple customer service experience ever. Arrogant and inept. Bad combo, Biltmore Apple store.", "truncated": false, "user": {"created_at": "Tue Jun 23 02:34:39 +0000 2009", "description": "Consultant, Occasional Pundit\r\nI have a lot of opinions. I may share them.", "favourites_count": 56, "followers_count": 958, "friends_count": 880, "geo_enabled": true, "id": 49857553, "lang": "en", "listed_count": 43, "location": "Edmonton", "name": "Lee Distad", "profile_background_color": "1A1B1F", "profile_background_image_url": "http://abs.twimg.com/images/themes/theme9/bg.gif", "profile_background_tile": false, "profile_image_url": "https://pbs.twimg.com/profile_images/277633641/banana_normal.gif", "profile_link_color": "2FC2EF", "profile_sidebar_fill_color": "252429", "profile_text_color": "2434E0", "protected": false, "screen_name": "LeeDistad", "statuses_count": 14865, "time_zone": "Mountain Time (US & Canada)", "url": "http://t.co/KHuhNKEYIB", "utc_offset": -21600}, "user_mentions": [{"id": 19001300, "name": "David Leibowitz", "screen_name": "leiboaz"}, {"id": 380749300, "name": "@apple", "screen_name": "Apple"}]}