{"created_at": "Sat Oct 15 20:05:24 +0000 2011", "favorited": false, "hashtags": ["EPICFAIL"], "id": 125301265700892672, "in_reply_to_screen_name": "tomcolontonio", "in_reply_to_status_id": 125301075837325312, "in_reply_to_user_id": 23344448, "lang": "en", "retweeted": false, "source": "<a href=\"http://twitter.com\" rel=\"nofollow\">Twitter Web Client</a>", "text": "@tomcolontonio @apple #EPICFAIL", "truncated": false, "user": {"created_at": "Fri Apr 02 14:39:41 +0000 2010", "description": "#CUKB\u00a9 #TeamJacob (NOT Twilight !!)", "favourites_count": 1268, "followers_count": 2159, "friends_count": 1945, "id": 128894768, "lang": "en", "listed_count": 23, "location": "Redcar UK", "name": "craig dean #CUKB\u00a9\u2122", "profile_background_color": "131516", "profile_background_image_url": "http://pbs.twimg.com/profile_background_images/124213835/TiestoMyspace157x159_2_1_.jpg", "profile_background_tile": true, "profile_banner_url": "https://pbs.twimg.com/profile_banners/128894768/1402236649", "profile_image_url": "https://pbs.twimg.com/profile_images/466113263860977664/eD4rUWCS_normal.jpeg", "profile_link_color": "990500", "profile_sidebar_fill_color": "EFEFEF", "profile_text_color": "333333", "protected": false, "screen_name": "NAX75", "statuses_count": 64367, "time_zone": "Europe/Belfast", "url": "http://t.co/qZEBZ3258A", "utc_offset": 3600}, "user_mentions": [{"id": 23344448, "name": "Tom Colontonio", "screen_name": "tomcolontonio"}, {"id": 380749300, "name": "@apple", "screen_name": "Apple"}]}