{"created_at": "Sat Oct 15 21:16:55 +0000 2011", "favorited": false, "hashtags": ["fail", "ios5"], "id": 125319263027343360, "lang": "de", "retweet_count": 2, "retweeted": false, "retweeted_status": {"created_at": "Sat Oct 15 21:07:56 +0000 2011", "favorited": false, "hashtags": ["fail", "ios5"], "id": 125317004797296640, "lang": "de", "retweet_count": 2, "retweeted": false, "source": "<a href=\"http://twitter.com/download/iphone\" rel=\"nofollow\">Twitter for iPhone</a>", "text": "hey @apple! dass man selektiv keine einzelnen fotos (peinliche, \u00fcberfl\u00fcssige etc.) aus dem fotostream l\u00f6schen kann, ist doch  #fail. #ios5", "truncated": false, "user": {"created_at": "Thu Apr 05 16:22:34 +0000 2007", "description": "Cyclist, Tekkie & Deputy Editor-In-Chief @BlickAmAbend", "favourites_count": 2944, "followers_count": 5336, "friends_count": 1797, "geo_enabled": true, "id": 3534691, "lang": "en", "listed_count": 237, "location": "Zurich, Switzerland", "name": "Thomas Benk\u00f6 | B\u00f6", "profile_background_color": "FFFFFF", "profile_background_image_url": "http://pbs.twimg.com/profile_background_images/757711012/9e9f10f284d4a1e226d056a1fbaa5663.jpeg", "profile_background_tile": true, "profile_banner_url": "https://pbs.twimg.com/profile_banners/3534691/1398200958", "profile_image_url": "https://pbs.twimg.com/profile_images/474189650702372864/u3-nBXwu_normal.jpeg", "profile_link_color": "26CCE8", "profile_sidebar_fill_color": "F7FDFD", "profile_text_color": "354046", "protected": false, "screen_name": "ThBenkoe", "statuses_count": 15926, "time_zone": "Bern", "url": "http://t.co/WIJRLogwOA", "utc_offset": 7200}, "user_mentions": [{"id": 380749300, "name": "@apple", "screen_name": "Apple"}]}, "source": "<a href=\"http://twitter.com/download/iphone\" rel=\"nofollow\">Twitter for iPhone</a>", "text": "RT @ThBenkoe: hey @apple! dass man selektiv keine einzelnen fotos (peinliche, \u00fcberfl\u00fcssige etc.) aus dem fotostream l\u00f6schen kann, ist do ...", "truncated": false, "user": {"created_at": "Sat Apr 25 12:43:31 +0000 2009", "description": "just a little boy who loves music, fashion, food, sun and fun!", "favourites_count": 2864, "followers_count": 199, "friends_count": 257, "geo_enabled": true, "id": 35203074, "lang": "de", "listed_count": 8, "location": "Winterthur", "name": "bottecl\u25b5", "profile_background_color": "DBE9ED", "profile_background_image_url": "http://abs.twimg.com/images/themes/theme17/bg.gif", "profile_background_tile": false, "profile_banner_url": "https://pbs.twimg.com/profile_banners/35203074/1398956570", "profile_image_url": "https://pbs.twimg.com/profile_images/461825202910138368/PDq7mN7O_normal.jpeg", "profile_link_color": "969196", "profile_sidebar_fill_color": "E6F6F9", "profile_text_color": "333333", "protected": false, "screen_name": "bottecla", "statuses_count": 7046, "time_zone": "Bern", "url": "http://t.co/ZR7lRrOo67", "utc_offset": 7200}, "user_mentions": [{"id": 3534691, "name": "Thomas Benk\u00f6 | B\u00f6", "screen_name": "ThBenkoe"}, {"id": 380749300, "name": "@apple", "screen_name": "Apple"}]}