{"created_at": "Sat Oct 15 20:05:54 +0000 2011", "favorited": false, "hashtags": ["apple"], "id": 125301393560047616, "lang": "en", "retweet_count": 2, "retweeted": false, "retweeted_status": {"created_at": "Sat Oct 15 20:04:39 +0000 2011", "favorited": false, "hashtags": ["apple"], "id": 125301075837325312, "lang": "en", "retweet_count": 2, "retweeted": false, "source": "<a href=\"http://www.echofon.com/\" rel=\"nofollow\">Echofon</a>", "text": "Didn't it occur to @apple #apple that ppl share iTunes accounts amongst family's ?????\nWtf!!!!", "truncated": false, "user": {"created_at": "Sun Mar 08 19:36:46 +0000 2009", "description": "Professional dance music maker / guitarist / songwriter & musician. \n---\nBrenda@brjmanagement.com\nhttp://t.co/fpiAqoCOHP", "favourites_count": 22, "followers_count": 47401, "friends_count": 245, "geo_enabled": true, "id": 23344448, "lang": "en", "listed_count": 260, "location": "Dj/Producer -  Cherry Hill, NJ", "name": "Tom Colontonio", "profile_background_color": "131516", "profile_background_image_url": "http://pbs.twimg.com/profile_background_images/378800000168101530/w2SVNUDq.jpeg", "profile_background_tile": false, "profile_banner_url": "https://pbs.twimg.com/profile_banners/23344448/1398905150", "profile_image_url": "https://pbs.twimg.com/profile_images/475836316781793280/DS6G3Ae1_normal.jpeg", "profile_link_color": "009999", "profile_sidebar_fill_color": "EFEFEF", "profile_text_color": "333333", "protected": false, "screen_name": "tomcolontonio", "statuses_count": 21275, "time_zone": "Eastern Time (US & Canada)", "url": "http://t.co/APPspWroU9", "utc_offset": -14400}, "user_mentions": [{"id": 380749300, "name": "@apple", "screen_name": "Apple"}]}, "source": "<a href=\"http://twitter.com\" rel=\"nofollow\">Twitter Web Client</a>", "text": "RT @tomcolontonio: Didn't it occur to @apple #apple that ppl share iTunes accounts amongst family's ?????\nWtf!!!!", "truncated": false, "user": {"created_at": "Wed Jun 29 13:17:53 +0000 2011", "description": "Nothing can stop me, I get what I want or I don't care anymore!Good mind, good heart, good looking...is it enough?", "favourites_count": 5, "followers_count": 143, "friends_count": 294, "geo_enabled": true, "id": 326150500, "lang": "en", "listed_count": 1, "location": "Italy, Rome", "name": "MariaOmbrettaSantini", "profile_background_color": "F5EBF5", "profile_background_image_url": "http://pbs.twimg.com/profile_background_images/717158523/25157b2227733e2f739b5c7e7f070aec.jpeg", "profile_background_tile": true, "profile_banner_url": "https://pbs.twimg.com/profile_banners/326150500/1355260884", "profile_image_url": "https://pbs.twimg.com/profile_images/378800000291509950/8cad6006a2c2e9d170d4e396a9d2217f_normal.jpeg", "profile_link_color": "8C1ECC", "profile_sidebar_fill_color": "F0E7F0", "profile_text_color": "5D12B3", "protected": false, "screen_name": "ombrysan", "statuses_count": 2216, "time_zone": "Rome", "utc_offset": 7200}, "user_mentions": [{"id": 23344448, "name": "Tom Colontonio", "screen_name": "tomcolontonio"}, {"id": 380749300, "name": "@apple", "screen_name": "Apple"}]}