{"created_at": "Sat Oct 15 23:32:00 +0000 2011", "favorited": false, "id": 125353260520443904, "lang": "en", "retweeted": false, "source": "<a href=\"http://ping.fm/\" rel=\"nofollow\">Ping.fm</a>", "text": "Today very cheap for Patio Furniture San Anton http://t.co/Sd3i1bjm@Plastic @Apple @Bags", "truncated": false, "urls": {"http://t.co/Sd3i1bjm": "http://ping.fm/rKpHI"}, "user": {"created_at": "Mon Sep 19 16:31:40 +0000 2011", "followers_count": 9, "friends_count": 71, "id": 376283223, "lang": "en", "location": "Florida", "name": "Liberty Dorsey", "profile_background_color": "642D8B", "profile_background_image_url": "http://abs.twimg.com/images/themes/theme10/bg.gif", "profile_background_tile": true, "profile_image_url": "https://pbs.twimg.com/profile_images/1550261727/kjhh-4860_normal.jpg", "profile_link_color": "FF0000", "profile_sidebar_fill_color": "7AC3EE", "profile_text_color": "3D1957", "protected": false, "screen_name": "Libertydj493", "statuses_count": 492}, "user_mentions": [{"id": 380749300, "name": "@apple", "screen_name": "Apple"}, {"id": 7896702, "name": "David Bags", "screen_name": "bags"}]}