{"created_at": "Sat Oct 15 21:51:13 +0000 2011", "favorited": false, "id": 125327896066785280, "lang": "en", "retweeted": false, "source": "<a href=\"http://twitter.com/download/iphone\" rel=\"nofollow\">Twitter for iPhone</a>", "text": "Now @apple won't let me use credit on @iTunes unless I have a credit card. Should have told me when I redeemed the cards. Sound fair to you?", "truncated": false, "user": {"created_at": "Mon Feb 02 11:21:42 +0000 2009", "description": "Founder and partner, Index Ventures.", "favourites_count": 15, "followers_count": 19220, "friends_count": 449, "id": 19902229, "lang": "en", "listed_count": 125, "name": "Neil Rimer", "profile_background_color": "9AE4E8", "profile_background_image_url": "http://pbs.twimg.com/profile_background_images/4892347/img2.jpg", "profile_background_tile": false, "profile_banner_url": "https://pbs.twimg.com/profile_banners/19902229/1398928750", "profile_image_url": "https://pbs.twimg.com/profile_images/1978442058/reuters_NR_image_normal.jpeg", "profile_link_color": "0084B4", "profile_sidebar_fill_color": "DDFFCC", "profile_text_color": "333333", "protected": false, "screen_name": "narimer", "statuses_count": 369}, "user_mentions": [{"id": 380749300, "name": "@apple", "screen_name": "Apple"}, {"id": 66515223, "name": "iTunes", "screen_name": "iTunes"}]}