{"created_at": "Sat Oct 15 21:01:01 +0000 2011", "favorited": false, "id": 125315263183851521, "lang": "en", "retweeted": false, "source": "<a href=\"https://about.twitter.com/products/tweetdeck\" rel=\"nofollow\">TweetDeck</a>", "text": "So @apple changed the look of their on/off toggle. I wonder how long it will take for all the hip web apps to follow...", "truncated": false, "user": {"created_at": "Sat Jan 10 17:27:08 +0000 2009", "description": "Product Manager @videoplaza.\r\nMedia Technology & HCI.\r\nLove for art, movies, books & all things connected. \r\nFeminist.", "favourites_count": 100, "followers_count": 136, "friends_count": 136, "geo_enabled": true, "id": 18840002, "lang": "en", "listed_count": 5, "name": "Jonas Frid", "profile_background_color": "BADFCD", "profile_background_image_url": "http://abs.twimg.com/images/themes/theme12/bg.gif", "profile_background_tile": false, "profile_image_url": "https://pbs.twimg.com/profile_images/468015595342929920/2zhjv-Bz_normal.png", "profile_link_color": "FF0000", "profile_sidebar_fill_color": "FFF7CC", "profile_text_color": "0C3E53", "protected": false, "screen_name": "jonasfrid", "statuses_count": 636}, "user_mentions": [{"id": 380749300, "name": "@apple", "screen_name": "Apple"}]}