{"created_at": "Sun Oct 16 02:33:02 +0000 2011", "favorited": false, "id": 125398813543374848, "lang": "en", "retweeted": false, "source": "<a href=\"http://twitter.com/download/iphone\" rel=\"nofollow\">Twitter for iPhone</a>", "text": "Our trip to SF and Silicon Valley is about to end. Visit @Apple HQ is one of the final stops. http://t.co/ikoOqdoc", "truncated": false, "user": {"created_at": "Mon Dec 07 10:03:24 +0000 2009", "description": "Online chat with help desk software for amazing customer service!", "favourites_count": 267, "followers_count": 4751, "friends_count": 330, "id": 95173127, "lang": "en", "listed_count": 48, "name": "LiveChat", "profile_background_color": "F2F1EC", "profile_background_image_url": "http://pbs.twimg.com/profile_background_images/393239969/twitter2.png", "profile_background_tile": false, "profile_banner_url": "https://pbs.twimg.com/profile_banners/95173127/1395620557", "profile_image_url": "https://pbs.twimg.com/profile_images/448135934811185152/7BpH0m-v_normal.png", "profile_link_color": "3F9DB7", "profile_sidebar_fill_color": "D0EDF4", "profile_text_color": "333333", "protected": false, "screen_name": "LiveChat", "statuses_count": 3253, "time_zone": "Warsaw", "url": "http://t.co/fVR8FZ3fJq", "utc_offset": 7200}, "user_mentions": [{"id": 380749300, "name": "@apple", "screen_name": "Apple"}]}