{"created_at": "Sat Oct 15 21:59:03 +0000 2011", "favorited": false, "id": 125329867674886144, "in_reply_to_screen_name": "Apple", "in_reply_to_user_id": 380749300, "lang": "en", "retweeted": false, "source": "<a href=\"http://twitter.com/#!/download/ipad\" rel=\"nofollow\">Twitter for iPad</a>", "text": "@apple why isn't my iTunes updating? I just wanna update my iPhone to IOS5!!! Then iTunes says that it needs to update to do it. Then fails!", "truncated": false, "user": {"created_at": "Tue May 04 18:17:20 +0000 2010", "description": "I'm not good at things. I am also a forgetful waiter.", "favourites_count": 1623, "followers_count": 647, "friends_count": 1812, "id": 140142790, "lang": "en", "listed_count": 2, "location": "Exeter, UK", "name": "\u0950 mIke", "profile_background_color": "C0DEED", "profile_background_image_url": "http://pbs.twimg.com/profile_background_images/469839277203787777/OUZuzFwF.jpeg", "profile_background_tile": true, "profile_banner_url": "https://pbs.twimg.com/profile_banners/140142790/1401720453", "profile_image_url": "https://pbs.twimg.com/profile_images/449537456724275200/Hld-zon-_normal.jpeg", "profile_link_color": "36573B", "profile_sidebar_fill_color": "DDEEF6", "profile_text_color": "333333", "protected": false, "screen_name": "mikeddavies", "statuses_count": 5709, "time_zone": "London", "url": "http://t.co/mbydtN6zxW", "utc_offset": 3600}, "user_mentions": [{"id": 380749300, "name": "@apple", "screen_name": "Apple"}]}