{"created_at": "Sat Oct 15 20:38:46 +0000 2011", "favorited": false, "id": 125309663913840640, "lang": "en", "retweeted": false, "source": "<a href=\"http://www.echofon.com/\" rel=\"nofollow\">Echofon</a>", "text": "Whoa! Line at @apple store in Glendale for iPhone 4S  http://t.co/yZlpogXB", "truncated": false, "urls": {"http://t.co/yZlpogXB": "http://lockerz.com/s/147420620"}, "user": {"created_at": "Sat Apr 25 06:45:03 +0000 2009", "description": "be odd.\nbe beautiful.", "favourites_count": 1301, "followers_count": 1717, "friends_count": 658, "id": 35166730, "lang": "en", "listed_count": 93, "location": "Los Angeles", "name": "CoralMermaid", "profile_background_color": "F7FAFA", "profile_background_image_url": "http://pbs.twimg.com/profile_background_images/111623900/twitter_backgrounds_NEW.jpg", "profile_background_tile": false, "profile_banner_url": "https://pbs.twimg.com/profile_banners/35166730/1356015869", "profile_image_url": "https://pbs.twimg.com/profile_images/434678441057599488/hb6-NumK_normal.jpeg", "profile_link_color": "417A82", "profile_sidebar_fill_color": "F0FAF9", "profile_text_color": "0C0D0D", "protected": false, "screen_name": "CoralMermaid", "statuses_count": 20196, "time_zone": "Pacific Time (US & Canada)", "utc_offset": -25200}, "user_mentions": [{"id": 380749300, "name": "@apple", "screen_name": "Apple"}]}