{"created_at": "Sat Oct 15 21:40:05 +0000 2011", "favorited": false, "id": 125325092841467904, "lang": "en", "retweeted": false, "source": "<a href=\"http://ping.fm/\" rel=\"nofollow\">Ping.fm</a>", "text": "Do not check other site for Uhmw Conveyor.Now you go best site of Uhmw Conveyor. http://t.co/8RMV5D2q@9 @Pin @Cable @Apple", "truncated": false, "urls": {"http://t.co/8RMV5D2q": "http://uhmw.conveyors-discount.tk"}, "user": {"created_at": "Mon Sep 19 16:40:37 +0000 2011", "followers_count": 2, "id": 376287760, "lang": "en", "listed_count": 1, "location": "Maine", "name": "Brett Cedano", "profile_background_color": "FF6699", "profile_background_image_url": "http://abs.twimg.com/images/themes/theme11/bg.gif", "profile_background_tile": true, "profile_image_url": "https://pbs.twimg.com/profile_images/1550274622/kjhh-3615_normal.jpg", "profile_link_color": "B40B43", "profile_sidebar_fill_color": "E5507E", "profile_text_color": "362720", "protected": false, "screen_name": "Brettlk503", "statuses_count": 479}, "user_mentions": [{"id": 209319262, "name": "PIN Quote and News", "screen_name": "PIN"}, {"id": 22017575, "name": "Cable", "screen_name": "Cable"}, {"id": 380749300, "name": "@apple", "screen_name": "Apple"}]}