{"created_at": "Sat Oct 15 20:08:38 +0000 2011", "favorited": false, "id": 125302079752384512, "in_reply_to_screen_name": "Apple", "in_reply_to_user_id": 380749300, "lang": "en", "retweeted": false, "source": "<a href=\"http://twitter.com\" rel=\"nofollow\">Twitter Web Client</a>", "text": "@apple give me my apps back!!!", "truncated": false, "user": {"created_at": "Sat Jul 03 01:24:13 +0000 2010", "description": "Business, vinyl, coffee, and good conversation.", "favourites_count": 10, "followers_count": 154, "friends_count": 333, "geo_enabled": true, "id": 162217547, "lang": "en", "listed_count": 1, "location": "Manchester", "name": "Andi Thompson", "profile_background_color": "C0DEED", "profile_background_image_url": "http://abs.twimg.com/images/themes/theme1/bg.png", "profile_background_tile": false, "profile_image_url": "https://pbs.twimg.com/profile_images/1609769772/skydive2_normal.jpg", "profile_link_color": "0084B4", "profile_sidebar_fill_color": "DDEEF6", "profile_text_color": "333333", "protected": false, "screen_name": "andithompson", "statuses_count": 286, "time_zone": "Hawaii", "utc_offset": -36000}, "user_mentions": [{"id": 380749300, "name": "@apple", "screen_name": "Apple"}]}