{"created_at": "Sun Oct 16 00:56:34 +0000 2011", "favorited": false, "id": 125374540107886593, "lang": "en", "retweeted": false, "source": "<a href=\"http://twitter.com/download/iphone\" rel=\"nofollow\">Twitter for iPhone</a>", "text": "I'm amazed at how siri has changed the way I use my phone. I had no idea it would be this good, and it's still in beta. Good job @apple. Wow", "truncated": false, "user": {"created_at": "Sat Jul 05 15:50:16 +0000 2008", "description": "Photographer. Production Artist. I get paid to play with pixels. Download my iPhone / Android app! Greg@Gregleddy.com", "favourites_count": 193, "followers_count": 870, "friends_count": 120, "geo_enabled": true, "id": 15326142, "lang": "en", "listed_count": 16, "location": "Philly", "name": "Greg Leddy", "profile_background_color": "131516", "profile_background_image_url": "http://abs.twimg.com/images/themes/theme14/bg.gif", "profile_background_tile": true, "profile_banner_url": "https://pbs.twimg.com/profile_banners/15326142/1353084840", "profile_image_url": "https://pbs.twimg.com/profile_images/2933524901/9f19bec66019adab4cd1b92940f46a85_normal.jpeg", "profile_link_color": "009999", "profile_sidebar_fill_color": "EFEFEF", "profile_text_color": "333333", "protected": false, "screen_name": "GregLeddy", "statuses_count": 12513, "time_zone": "Eastern Time (US & Canada)", "url": "http://t.co/WhyvZtGK4I", "utc_offset": -14400}, "user_mentions": [{"id": 380749300, "name": "@apple", "screen_name": "Apple"}]}