{"created_at": "Sat Oct 15 22:56:36 +0000 2011", "favorited": false, "hashtags": ["IOS5"], "id": 125344351218974720, "lang": "en", "retweeted": false, "source": "<a href=\"http://itunes.apple.com/us/app/twitter/id409789998?mt=12\" rel=\"nofollow\">Twitter for Mac</a>", "text": "#IOS5  needed to include a landscape mode for reminders @Apple", "truncated": false, "user": {"created_at": "Mon Dec 28 19:06:31 +0000 2009", "description": "Persistent.Caring.Loving.Potential.Forgiving.Ambitious.\r\nDedicated.Interested.Fun.Nurturing.Supportive.Smart.Resilient.", "favourites_count": 79, "followers_count": 60, "friends_count": 149, "geo_enabled": true, "id": 100022931, "lang": "en", "listed_count": 2, "location": "New York, NY", "name": "bootknots", "profile_background_color": "1A1B1F", "profile_background_image_url": "http://abs.twimg.com/images/themes/theme9/bg.gif", "profile_background_tile": false, "profile_image_url": "https://pbs.twimg.com/profile_images/1198094942/twitme_normal.jpg", "profile_link_color": "2FC2EF", "profile_sidebar_fill_color": "252429", "profile_text_color": "666666", "protected": false, "screen_name": "bootknots", "statuses_count": 1977, "time_zone": "Eastern Time (US & Canada)", "utc_offset": -14400}, "user_mentions": [{"id": 380749300, "name": "@apple", "screen_name": "Apple"}]}