{"created_at": "Sat Oct 15 20:02:46 +0000 2011", "favorited": false, "id": 125300603059576833, "in_reply_to_screen_name": "Apple", "in_reply_to_user_id": 380749300, "lang": "en", "retweeted": false, "source": "<a href=\"http://blackberry.com/twitter\" rel=\"nofollow\">Twitter for BlackBerry\u00ae</a>", "text": "@apple and I'm looking at the outside & all you see is sticky notes about steve jobs", "truncated": false, "user": {"created_at": "Mon Jan 24 21:24:55 +0000 2011", "favourites_count": 258, "followers_count": 210, "friends_count": 201, "geo_enabled": true, "id": 242469881, "lang": "en", "name": "kat", "profile_background_color": "C896EB", "profile_background_image_url": "http://pbs.twimg.com/profile_background_images/697247209/77fe90b9576222a1a5ec7058e390db32.jpeg", "profile_background_tile": true, "profile_image_url": "https://pbs.twimg.com/profile_images/3246778166/1be291c2e6d4718f0eee323c64639140_normal.jpeg", "profile_link_color": "DE16AF", "profile_sidebar_fill_color": "78D0F0", "profile_text_color": "7600D1", "protected": false, "screen_name": "kattyykarkinski", "statuses_count": 16890, "time_zone": "Central Time (US & Canada)", "utc_offset": -18000}, "user_mentions": [{"id": 380749300, "name": "@apple", "screen_name": "Apple"}]}