{"created_at": "Sat Oct 15 21:26:52 +0000 2011", "favorited": false, "id": 125321769203666944, "lang": "en", "retweeted": false, "source": "<a href=\"http://ping.fm/\" rel=\"nofollow\">Ping.fm</a>", "text": "Do not check other site for Ed Hardy Black Long Sl http://t.co/hengQGqp@Unlocked @Apple @Touch @Phones", "truncated": false, "urls": {"http://t.co/hengQGqp": "http://ping.fm/5CNJV"}, "user": {"created_at": "Mon Sep 19 16:32:07 +0000 2011", "followers_count": 8, "friends_count": 73, "id": 376283442, "lang": "en", "location": "North Carolina", "name": "Genia Langton", "profile_background_color": "FF6699", "profile_background_image_url": "http://abs.twimg.com/images/themes/theme11/bg.gif", "profile_background_tile": true, "profile_image_url": "https://pbs.twimg.com/profile_images/1550262819/kjhh-0225_normal.jpg", "profile_link_color": "B40B43", "profile_sidebar_fill_color": "E5507E", "profile_text_color": "362720", "protected": false, "screen_name": "Geniaiq230", "statuses_count": 491}, "user_mentions": [{"id": 380749300, "name": "@apple", "screen_name": "Apple"}, {"id": 14336210, "name": "Touch", "screen_name": "Touch"}, {"id": 734115444, "name": "Phones", "screen_name": "phones"}]}