{"created_at": "Sat Oct 15 21:41:17 +0000 2011", "favorited": false, "hashtags": ["SteveJobs"], "id": 125325397712846848, "lang": "en", "retweeted": false, "source": "<a href=\"http://twitterrific.com\" rel=\"nofollow\">Twitterrific</a>", "text": "RT @ajrogers Purdie Rogers tribute to #SteveJobs and @apple. We spray painted the Macintosh Plus w.. http://t.co/AlDicTd1", "truncated": false, "urls": {"http://t.co/AlDicTd1": "http://bit.ly/mSI6IC"}, "user": {"created_at": "Wed Jul 13 23:56:25 +0000 2011", "description": "Pet greeting cards that hold a gift card. Available at all PetSmart stores in the U.S. and Canada. Located at front of store on the Gift Card Center display.", "followers_count": 868, "friends_count": 1818, "id": 334985611, "lang": "en", "listed_count": 10, "location": "Seattle, WA USA", "name": "PetGreetingCard", "profile_background_color": "B0061C", "profile_background_image_url": "http://pbs.twimg.com/profile_background_images/290606268/KognitiveTwitter.jpg", "profile_background_tile": false, "profile_image_url": "https://pbs.twimg.com/profile_images/1441307058/Dog_Logo_-_Horiz_normal.jpg", "profile_link_color": "7DC8E3", "profile_sidebar_fill_color": "1A1F21", "profile_text_color": "CCCCCC", "protected": false, "screen_name": "PetGreetingCard", "statuses_count": 94, "url": "http://t.co/sKL8PZ4uEA"}, "user_mentions": [{"id": 19469280, "name": "Andrew Rogers", "screen_name": "ajrogers"}, {"id": 380749300, "name": "@apple", "screen_name": "Apple"}]}