{"created_at": "Sun Oct 16 00:34:39 +0000 2011", "favorited": false, "id": 125369026351349760, "in_reply_to_screen_name": "Apple", "in_reply_to_user_id": 380749300, "lang": "en", "retweeted": false, "source": "<a href=\"http://twitter.com/download/iphone\" rel=\"nofollow\">Twitter for iPhone</a>", "text": "@apple should make Siri avalible for all devices not exclusive to the iPhone 4S", "truncated": false, "user": {"created_at": "Mon Dec 14 20:38:45 +0000 2009", "description": "The official source of encouragement. Sample Shout out: Shout out goes to: @KingJames . Thank you for following me on Twitter. You're a Champion. #encourage", "favourites_count": 2127, "followers_count": 1324, "friends_count": 1994, "geo_enabled": true, "id": 96836000, "lang": "en", "listed_count": 4, "name": "(#HEATNATION)", "profile_background_color": "F01633", "profile_background_image_url": "http://pbs.twimg.com/profile_background_images/378800000160523303/TLNM2nzR.jpeg", "profile_background_tile": true, "profile_banner_url": "https://pbs.twimg.com/profile_banners/96836000/1388561659", "profile_image_url": "https://pbs.twimg.com/profile_images/456821879139885056/Z3vsT0ip_normal.jpeg", "profile_link_color": "EB113C", "profile_sidebar_fill_color": "0D0D0D", "profile_text_color": "969696", "protected": false, "screen_name": "D2007HEAT", "statuses_count": 13803, "time_zone": "Central Time (US & Canada)", "utc_offset": -18000}, "user_mentions": [{"id": 380749300, "name": "@apple", "screen_name": "Apple"}]}