{"created_at": "Sat Oct 15 22:26:56 +0000 2011", "favorited": false, "id": 125336882862231552, "lang": "en", "retweeted": false, "source": "<a href=\"http://ping.fm/\" rel=\"nofollow\">Ping.fm</a>", "text": "Find more the best Maytag Washer Control Board deal.Check pric http://t.co/SNdkAg3e@Best @Apple @Peeler", "truncated": false, "urls": {"http://t.co/SNdkAg3e": "http://maytag-washer.controlboard-discount.tk"}, "user": {"created_at": "Sun Oct 09 23:45:34 +0000 2011", "followers_count": 2, "id": 387972609, "lang": "en", "listed_count": 1, "location": "Arizona", "name": "Lacey Savastano", "profile_background_color": "352726", "profile_background_image_url": "http://abs.twimg.com/images/themes/theme5/bg.gif", "profile_background_tile": false, "profile_image_url": "https://pbs.twimg.com/profile_images/1580750217/PPK-4187_normal.jpg", "profile_link_color": "D02B55", "profile_sidebar_fill_color": "99CC33", "profile_text_color": "3E4415", "protected": false, "screen_name": "Laceybh45", "statuses_count": 483}, "user_mentions": [{"id": 380749300, "name": "@apple", "screen_name": "Apple"}, {"id": 35358671, "name": "Sandy Southall", "screen_name": "peeler"}]}