{"created_at": "Sat Oct 15 21:39:23 +0000 2011", "favorited": false, "hashtags": ["SteveJobs"], "id": 125324916009615360, "lang": "en", "retweeted": false, "source": "<a href=\"http://twitterrific.com\" rel=\"nofollow\">Twitterrific</a>", "text": "RT @ajrogers Purdie Rogers tribute to #SteveJobs and @apple. We spray painted the Macintosh Plus w.. http://t.co/oMXjhZh0", "truncated": false, "urls": {"http://t.co/oMXjhZh0": "http://bit.ly/mSI6IC"}, "user": {"created_at": "Mon Jul 04 15:04:03 +0000 2011", "description": "We \u2665Ballard", "favourites_count": 2, "followers_count": 650, "friends_count": 1892, "id": 329102570, "lang": "en", "listed_count": 22, "location": "Historic Ballard", "name": "LuvBallard", "profile_background_color": "0099B9", "profile_background_image_url": "http://abs.twimg.com/images/themes/theme4/bg.gif", "profile_background_tile": false, "profile_image_url": "https://pbs.twimg.com/profile_images/1426141755/LuvBallard_2_normal.jpg", "profile_link_color": "0099B9", "profile_sidebar_fill_color": "95E8EC", "profile_text_color": "3C3940", "protected": false, "screen_name": "LuvBallard", "statuses_count": 148}, "user_mentions": [{"id": 19469280, "name": "Andrew Rogers", "screen_name": "ajrogers"}, {"id": 380749300, "name": "@apple", "screen_name": "Apple"}]}