{"created_at": "Sat Oct 15 22:58:05 +0000 2011", "favorited": false, "id": 125344722196766720, "lang": "en", "retweeted": false, "source": "<a href=\"http://ubersocial.com\" rel=\"nofollow\">UberSocial for BlackBerry</a>", "text": "RT @Apple Yea, our stores are open 7 days a week RT @Wasalu_Flora Me too? RT @DJ_BMONEY iPad ..+ iPhone 4s..= My Christmas gifts to my self.", "truncated": false, "user": {"created_at": "Sun Apr 05 02:33:24 +0000 2009", "description": "Immigration Specialist \n#AppleGenius \uf8ff #FIU #OhYouGonSeeThisSixPack #TeamNoTextBackButImOnTwitterTho\n\nBooking: (305) 791-1821 or DJ.BMON3Y@GMAIL.COM", "favourites_count": 1296, "followers_count": 1955, "friends_count": 726, "geo_enabled": true, "id": 28923411, "lang": "en", "listed_count": 20, "location": "In ya Girl's DM ... Now What? ", "name": "Mr.CheckYaDm\u2122", "profile_background_color": "131516", "profile_background_image_url": "http://pbs.twimg.com/profile_background_images/378800000181052103/LSMtTcgR.jpeg", "profile_background_tile": true, "profile_banner_url": "https://pbs.twimg.com/profile_banners/28923411/1391478967", "profile_image_url": "https://pbs.twimg.com/profile_images/466962351712124928/Dwp_C3Wn_normal.jpeg", "profile_link_color": "CC2121", "profile_sidebar_fill_color": "EFEFEF", "profile_text_color": "333333", "protected": false, "screen_name": "DJ_BMONEY", "statuses_count": 168283, "time_zone": "Eastern Time (US & Canada)", "utc_offset": -14400}, "user_mentions": [{"id": 380749300, "name": "@apple", "screen_name": "Apple"}, {"id": 28923411, "name": "Mr.CheckYaDm\u2122", "screen_name": "DJ_BMONEY"}]}