{"created_at": "Sat Oct 15 20:07:39 +0000 2011", "favorited": false, "id": 125301831286013952, "lang": "en", "retweeted": false, "source": "<a href=\"http://ping.fm/\" rel=\"nofollow\">Ping.fm</a>", "text": "Hello you are find Mesh Jacket Motorcycle? Our site have more Mesh http://t.co/tYg4Ualc@Ace @Hardware @Apple @Pee", "truncated": false, "urls": {"http://t.co/tYg4Ualc": "http://mesh-jacket-motorcycle.meshs-discount.tk"}, "user": {"created_at": "Sun Oct 09 23:47:20 +0000 2011", "followers_count": 2, "id": 387973339, "lang": "en", "listed_count": 1, "location": "Missouri", "name": "Darline Kohara", "profile_background_color": "FF6699", "profile_background_image_url": "http://abs.twimg.com/images/themes/theme11/bg.gif", "profile_background_tile": true, "profile_image_url": "https://pbs.twimg.com/profile_images/1580752379/PPK-3122_normal.jpg", "profile_link_color": "B40B43", "profile_sidebar_fill_color": "E5507E", "profile_text_color": "362720", "protected": false, "screen_name": "Darlinefv94", "statuses_count": 493}, "user_mentions": [{"id": 271800525, "name": "andro sayno", "screen_name": "hardware"}, {"id": 380749300, "name": "@apple", "screen_name": "Apple"}, {"id": 5596552, "name": "peewee", "screen_name": "pee"}]}