{"created_at": "Sun Oct 16 00:22:03 +0000 2011", "favorited": false, "id": 125365852487942145, "lang": "en", "retweeted": false, "source": "<a href=\"https://about.twitter.com/products/tweetdeck\" rel=\"nofollow\">TweetDeck</a>", "text": "yo, @apple, this update is a disaster", "truncated": false, "user": {"created_at": "Sun Apr 26 22:10:22 +0000 2009", "description": "Founder and CEO of August Jackson, a communications design agency. Chairman of Hosts Global, a leading DMC company http://t.co/ampM4a0aHI.", "favourites_count": 76, "followers_count": 238, "friends_count": 175, "id": 35580031, "lang": "en", "listed_count": 10, "location": "Washington, DC", "name": "Frank Andrews", "profile_background_color": "C0DEED", "profile_background_image_url": "http://abs.twimg.com/images/themes/theme1/bg.png", "profile_background_tile": false, "profile_image_url": "https://pbs.twimg.com/profile_images/684009086/Frank_at_Mela_08_normal.JPG", "profile_link_color": "0084B4", "profile_sidebar_fill_color": "DDEEF6", "profile_text_color": "333333", "protected": false, "screen_name": "frankva", "statuses_count": 2419, "time_zone": "Quito", "url": "http://t.co/i7l1GPhYgd", "utc_offset": -18000}, "user_mentions": [{"id": 380749300, "name": "@apple", "screen_name": "Apple"}]}