{"created_at": "Sun Oct 16 02:33:25 +0000 2011", "favorited": false, "id": 125398913313284096, "lang": "en", "retweeted": false, "source": "<a href=\"http://twitter.com/download/iphone\" rel=\"nofollow\">Twitter for iPhone</a>", "text": "At @Apple HQ", "truncated": false, "user": {"created_at": "Wed Mar 09 13:43:38 +0000 2011", "description": "Member of @LiveChat Team | Basketball player | I tweet about #web #ecommerce #socialmedia :) | Let's connect!", "favourites_count": 1, "followers_count": 188, "friends_count": 106, "id": 263147375, "lang": "en", "listed_count": 8, "name": "Szymon Klimczak", "profile_background_color": "022330", "profile_background_image_url": "http://abs.twimg.com/images/themes/theme15/bg.png", "profile_background_tile": false, "profile_image_url": "https://pbs.twimg.com/profile_images/457185244685160448/KEUZleXJ_normal.png", "profile_link_color": "0084B4", "profile_sidebar_fill_color": "C0DFEC", "profile_text_color": "333333", "protected": false, "screen_name": "SKlimczak", "statuses_count": 900, "url": "http://t.co/jtcin4tJHV"}, "user_mentions": [{"id": 380749300, "name": "@apple", "screen_name": "Apple"}]}