{"created_at": "Sat Oct 15 20:52:22 +0000 2011", "favorited": false, "id": 125313086465904641, "in_reply_to_screen_name": "amandbrar", "in_reply_to_status_id": 125312901413220353, "in_reply_to_user_id": 10046682, "lang": "en", "retweeted": false, "source": "<a href=\"http://www.yoono.com\" rel=\"nofollow\">yoono</a>", "text": "@amandbrar @apple Siri has worked for me less than 10% of the time. If service doesn't improve by Monday, I'm returning my iPhone 4S.", "truncated": false, "user": {"created_at": "Sat May 23 14:43:04 +0000 2009", "description": "Funny, smart, foodie, member PGA & WGA.", "favourites_count": 995, "followers_count": 646, "friends_count": 216, "id": 42036481, "lang": "en", "listed_count": 21, "location": "The Valley (L.A.)", "name": "Arnie M", "profile_background_color": "642D8B", "profile_background_image_url": "http://abs.twimg.com/images/themes/theme10/bg.gif", "profile_background_tile": true, "profile_image_url": "https://pbs.twimg.com/profile_images/417359628578484224/XaeKtgKg_normal.jpeg", "profile_link_color": "FF0000", "profile_sidebar_fill_color": "7AC3EE", "profile_text_color": "3D1957", "protected": false, "screen_name": "123arnie", "statuses_count": 31972, "time_zone": "Pacific Time (US & Canada)", "utc_offset": -25200}, "user_mentions": [{"id": 10046682, "name": "Aman Brar", "screen_name": "amandbrar"}, {"id": 380749300, "name": "@apple", "screen_name": "Apple"}]}