{"created_at": "Sat Oct 15 22:19:14 +0000 2011", "favorited": false, "hashtags": ["ios5downgrade"], "id": 125334948017213441, "lang": "en", "retweet_count": 1, "retweeted": false, "source": "<a href=\"http://twitter.com\" rel=\"nofollow\">Twitter Web Client</a>", "text": "Warning: if iphone apps spontaneously loose data, it might not be the app's fault - http://t.co/1SEsvWwm #ios5downgrade @apple @marcoarment", "truncated": false, "urls": {"http://t.co/1SEsvWwm": "http://www.marco.org/2011/10/13/ios5-caches-cleaning"}, "user": {"created_at": "Tue Aug 04 01:51:14 +0000 2009", "description": "I'm a programmer, I love music, climbing & snowboarding, I work for @RiparianData", "favourites_count": 3, "followers_count": 37, "friends_count": 22, "geo_enabled": true, "id": 62685140, "lang": "en", "listed_count": 1, "name": "Scott Dugas", "profile_background_color": "352726", "profile_background_image_url": "http://abs.twimg.com/images/themes/theme5/bg.gif", "profile_background_tile": false, "profile_image_url": "https://abs.twimg.com/sticky/default_profile_images/default_profile_0_normal.png", "profile_link_color": "D02B55", "profile_sidebar_fill_color": "99CC33", "profile_text_color": "3E4415", "protected": false, "screen_name": "ScottDugas", "statuses_count": 336, "time_zone": "Eastern Time (US & Canada)", "utc_offset": -14400}, "user_mentions": [{"id": 380749300, "name": "@apple", "screen_name": "Apple"}, {"id": 14231571, "name": "Marco Arment", "screen_name": "marcoarment"}]}