{"coordinates": {"coordinates": [-74.00565867, 40.74115858], "type": "Point"}, "created_at": "Sat Oct 15 20:03:10 +0000 2011", "favorited": false, "geo": {"coordinates": [40.74115858, -74.00565867], "type": "Point"}, "hashtags": ["soho", "iphone4s"], "id": 125300705836793856, "lang": "en", "place": {"attributes": {}, "bounding_box": {"coordinates": [[[-74.047285, 40.679548], [-73.907, 40.679548], [-73.907, 40.882214], [-74.047285, 40.882214]]], "type": "Polygon"}, "contained_within": [], "country": "United States", "country_code": "US", "full_name": "Manhattan, NY", "id": "086752cb03de1d5d", "name": "Manhattan", "place_type": "city", "url": "https://api.twitter.com/1.1/geo/id/086752cb03de1d5d.json"}, "retweeted": false, "source": "<a href=\"http://twitter.com/download/android\" rel=\"nofollow\">Twitter for Android</a>", "text": "Salesperson at #soho @Apple store \"it doesn't matter how many people are lined up out front. They're not gonna get one\" #iphone4s", "truncated": false, "user": {"created_at": "Thu Nov 13 02:09:13 +0000 2008", "description": "Editor, http://t.co/YzO7oIjW", "favourites_count": 11, "followers_count": 1082, "friends_count": 175, "geo_enabled": true, "id": 17354528, "lang": "en", "listed_count": 66, "location": "New York City", "name": "seancaptain", "profile_background_color": "FFFFFC", "profile_background_image_url": "http://pbs.twimg.com/profile_background_images/344918034410385627/33ecdee14a10ce44d64ad8a38585d284.jpeg", "profile_background_tile": false, "profile_banner_url": "https://pbs.twimg.com/profile_banners/17354528/1371338246", "profile_image_url": "https://pbs.twimg.com/profile_images/429506021413773312/-KZIaRit_normal.jpeg", "profile_link_color": "09648C", "profile_sidebar_fill_color": "A7A7A0", "profile_text_color": "000000", "protected": false, "screen_name": "seancaptain", "statuses_count": 2676, "time_zone": "Central Time (US & Canada)", "url": "http://t.co/hVJNYedQzQ", "utc_offset": -18000}, "user_mentions": [{"id": 380749300, "name": "@apple", "screen_name": "Apple"}]}