{"created_at": "Sun Oct 16 00:03:49 +0000 2011", "favorited": false, "id": 125361267555835905, "lang": "en", "retweeted": false, "source": "<a href=\"http://ping.fm/\" rel=\"nofollow\">Ping.fm</a>", "text": "New Arrivals and 70 percent off Clearance of Matching G http://t.co/qQcwyl4b@Lds @Scriptures @Apple @E @Book", "truncated": false, "urls": {"http://t.co/qQcwyl4b": "http://ping.fm/T6nfD"}, "user": {"created_at": "Mon Sep 19 16:16:39 +0000 2011", "followers_count": 24, "friends_count": 256, "id": 376275661, "lang": "en", "location": "Wisconsin", "name": "Samara Mcmorris", "profile_background_color": "EDECE9", "profile_background_image_url": "http://abs.twimg.com/images/themes/theme3/bg.gif", "profile_background_tile": false, "profile_image_url": "https://pbs.twimg.com/profile_images/1550242401/kjhh-2758_normal.jpg", "profile_link_color": "088253", "profile_sidebar_fill_color": "E3E2DE", "profile_text_color": "634047", "protected": false, "screen_name": "Samaraac16", "statuses_count": 492}, "user_mentions": [{"id": 14736444, "name": "scriptures", "screen_name": "scriptures"}, {"id": 380749300, "name": "@apple", "screen_name": "Apple"}, {"id": 5583, "name": "erin", "screen_name": "e"}, {"id": 868872865, "name": "Book", "screen_name": "book"}]}