{"created_at": "Sat Oct 15 21:10:04 +0000 2011", "favorited": false, "hashtags": ["SaturdayCute", "Siri"], "id": 125317541504626688, "lang": "en", "retweeted": false, "source": "<a href=\"http://www.hootsuite.com\" rel=\"nofollow\">Hootsuite</a>", "text": "#SaturdayCute: Shit That #Siri Says. @Apple designers knew what people were going to ask the new digital assistant... http://t.co/Ecji1iIo", "truncated": false, "urls": {"http://t.co/Ecji1iIo": "http://ow.ly/6Yk19"}, "user": {"created_at": "Sat Oct 25 21:03:28 +0000 2008", "description": "worshipping at the altar of movies", "favourites_count": 5, "followers_count": 2468, "friends_count": 869, "geo_enabled": true, "id": 16971412, "lang": "en", "listed_count": 169, "location": "London, via New York City", "name": "MaryAnn Johanson", "profile_background_color": "232E2E", "profile_background_image_url": "http://pbs.twimg.com/profile_background_images/889785592/4e13901429f5217fcde5a25ef1f76627.jpeg", "profile_background_tile": false, "profile_banner_url": "https://pbs.twimg.com/profile_banners/16971412/1398624332", "profile_image_url": "https://pbs.twimg.com/profile_images/442360204080848897/21jPLkOA_normal.jpeg", "profile_link_color": "4B4F14", "profile_sidebar_fill_color": "FFF7CC", "profile_text_color": "46537F", "protected": false, "screen_name": "maryannjohanson", "statuses_count": 43118, "time_zone": "London", "url": "http://t.co/4kNYNOhjtI", "utc_offset": 3600}, "user_mentions": [{"id": 380749300, "name": "@apple", "screen_name": "Apple"}]}