{"created_at": "Sat Oct 15 21:00:17 +0000 2011", "favorited": false, "id": 125315080081518592, "lang": "en", "retweeted": false, "source": "<a href=\"http://twitter.com\" rel=\"nofollow\">Twitter Web Client</a>", "text": "I want everybody on earth to iMessage me.  Is there anyway the world can iMessage me without giving them my phone number??? @Apple", "truncated": false, "user": {"created_at": "Thu Dec 16 18:57:28 +0000 2010", "description": "http://t.co/m70xfkMlbr Creator \u2022 Graphic Designer / Web Developer \u2022 Contact Info on http://t.co/k9BaHjKhID \u2022 Follow @RapDose \u2022 PCGD$", "favourites_count": 4669, "followers_count": 4257, "friends_count": 792, "geo_enabled": true, "id": 227398508, "lang": "en", "listed_count": 115, "location": "Philly", "name": "PhillyCustoms", "profile_background_color": "1A1B1F", "profile_background_image_url": "http://pbs.twimg.com/profile_background_images/443495849859883008/dH7sMqgv.jpeg", "profile_background_tile": false, "profile_banner_url": "https://pbs.twimg.com/profile_banners/227398508/1401603541", "profile_image_url": "https://pbs.twimg.com/profile_images/472988885660602369/FZzZpZX0_normal.jpeg", "profile_link_color": "278CFF", "profile_sidebar_fill_color": "99CC33", "profile_text_color": "3E4415", "protected": false, "screen_name": "PhillyCustoms", "statuses_count": 86549, "time_zone": "Eastern Time (US & Canada)", "url": "http://t.co/Bq9bSIbmrp", "utc_offset": -14400}, "user_mentions": [{"id": 380749300, "name": "@apple", "screen_name": "Apple"}]}