{"created_at": "Sat Oct 15 23:46:06 +0000 2011", "favorited": false, "id": 125356807626559488, "lang": "en", "retweeted": false, "source": "<a href=\"http://blackberry.com/twitter\" rel=\"nofollow\">Twitter for BlackBerry\u00ae</a>", "text": "Awesome service from the @apple store in pc. Thanks chris!", "truncated": false, "user": {"created_at": "Thu Jul 15 22:49:36 +0000 2010", "favourites_count": 41, "followers_count": 361, "friends_count": 472, "id": 167168572, "lang": "en", "listed_count": 19, "location": "vancouver", "name": "courtneyc", "profile_background_color": "000000", "profile_background_image_url": "http://pbs.twimg.com/profile_background_images/725814316/b37d43603286658bbdf87c1a95228ce0.jpeg", "profile_background_tile": false, "profile_banner_url": "https://pbs.twimg.com/profile_banners/167168572/1392928199", "profile_image_url": "https://pbs.twimg.com/profile_images/436598439573344256/miAlcP_9_normal.jpeg", "profile_link_color": "BD8EAE", "profile_sidebar_fill_color": "2D3331", "profile_text_color": "000000", "protected": false, "screen_name": "_courtneytaylor", "statuses_count": 3994, "time_zone": "Alaska", "url": "http://t.co/xk69yszrty", "utc_offset": -28800}, "user_mentions": [{"id": 380749300, "name": "@apple", "screen_name": "Apple"}]}