{"created_at": "Sun Oct 16 09:01:15 +0000 2011", "favorited": false, "hashtags": ["best", "Speech", "Translator"], "id": 125496516000485376, "lang": "en", "retweeted": false, "source": "<a href=\"http://www.socialoomph.com\" rel=\"nofollow\">SocialOomph</a>", "text": "SpeechTrans http://t.co/TW3SzX61 on @Apple App store listed as the #best bi-directional #Speech To Speech #Translator - Posts on Twitter", "truncated": false, "urls": {"http://t.co/TW3SzX61": "http://dld.bz/Gp8c"}, "user": {"created_at": "Fri Mar 19 15:16:08 +0000 2010", "description": "Worlds most advanced speech-to-speech translator. On AppStore and at http://t.co/geTYMtAFMG", "favourites_count": 19, "followers_count": 3045, "friends_count": 2606, "geo_enabled": true, "id": 124488056, "lang": "en", "listed_count": 36, "name": "SpeechTrans", "profile_background_color": "FFFFFF", "profile_background_image_url": "http://pbs.twimg.com/profile_background_images/378800000055788515/6a49e0d54e9328c53b0d0721f4a2e878.png", "profile_background_tile": false, "profile_banner_url": "https://pbs.twimg.com/profile_banners/124488056/1377013320", "profile_image_url": "https://pbs.twimg.com/profile_images/378800000329372521/2c65271ae23ced6074c68d9884f85882_normal.png", "profile_link_color": "016DAE", "profile_sidebar_fill_color": "DDEEF6", "profile_text_color": "0084B4", "protected": false, "screen_name": "SpeechTrans", "statuses_count": 28679, "time_zone": "Eastern Time (US & Canada)", "url": "http://t.co/VIZEGQt7wF", "utc_offset": -14400}, "user_mentions": [{"id": 380749300, "name": "@apple", "screen_name": "Apple"}]}