{"created_at": "Sun Oct 16 03:54:05 +0000 2011", "favorited": false, "hashtags": ["iOS", "iphone"], "id": 125419216227667968, "lang": "en", "retweeted": false, "source": "<a href=\"http://twitter.com/download/iphone\" rel=\"nofollow\">Twitter for iPhone</a>", "text": "strange, i cannot put my newsstand app into any group. @apple wants to be our new paperboy #iOS #iphone", "truncated": false, "user": {"created_at": "Fri Apr 17 14:29:03 +0000 2009", "favourites_count": 1, "followers_count": 30, "friends_count": 75, "id": 32425087, "lang": "en", "listed_count": 1, "name": "James Campbell", "profile_background_color": "C0DEED", "profile_background_image_url": "http://abs.twimg.com/images/themes/theme1/bg.png", "profile_background_tile": false, "profile_image_url": "https://pbs.twimg.com/profile_images/1282874549/image_normal.jpg", "profile_link_color": "0084B4", "profile_sidebar_fill_color": "DDEEF6", "profile_text_color": "333333", "protected": false, "screen_name": "systemsbuilder", "statuses_count": 53, "time_zone": "Central Time (US & Canada)", "utc_offset": -18000}, "user_mentions": [{"id": 380749300, "name": "@apple", "screen_name": "Apple"}]}