{"created_at": "Sun Oct 16 02:57:37 +0000 2011", "favorited": false, "hashtags": ["photograhersEye"], "id": 125405005493706752, "in_reply_to_screen_name": "BlackBerry", "in_reply_to_user_id": 14580438, "lang": "en", "retweeted": false, "source": "<a href=\"http://blackberry.com/twitter\" rel=\"nofollow\">Twitter for BlackBerry\u00ae</a>", "text": "@Blackberry does take better quality photos than @Apple iPhone though. I give them that! #photograhersEye", "truncated": false, "user": {"created_at": "Sun Oct 04 13:53:54 +0000 2009", "description": "is an Award-Winning Published Event, Celebrity &  Lifestyle Photographer.  Atlanta Magazine, Entrepreneur. For rates & booking email: ben@photoimagesbyben.com", "favourites_count": 8, "followers_count": 4314, "friends_count": 2157, "geo_enabled": true, "id": 79734857, "lang": "en", "listed_count": 109, "location": "ATLANTA \u2708 NATIONWIDE ", "name": "PIBB / Ben Evans", "profile_background_color": "FCEBB6", "profile_background_image_url": "http://pbs.twimg.com/profile_background_images/435629856663932928/c1lC4Xiv.jpeg", "profile_background_tile": true, "profile_banner_url": "https://pbs.twimg.com/profile_banners/79734857/1392697315", "profile_image_url": "https://pbs.twimg.com/profile_images/435629477050085377/rxVMg-9__normal.jpeg", "profile_link_color": "CE7834", "profile_sidebar_fill_color": "78C0A8", "profile_text_color": "5E412F", "protected": false, "screen_name": "pibb_benevans", "statuses_count": 11942, "time_zone": "Eastern Time (US & Canada)", "url": "http://t.co/6DioJ010Hs", "utc_offset": -14400}, "user_mentions": [{"id": 14580438, "name": "BlackBerry", "screen_name": "BlackBerry"}, {"id": 380749300, "name": "@apple", "screen_name": "Apple"}]}