{"created_at": "Sun Oct 16 03:03:14 +0000 2011", "favorited": false, "id": 125406418777018368, "lang": "pt", "retweeted": false, "source": "<a href=\"http://twitter.com\" rel=\"nofollow\">Twitter Web Client</a>", "text": "ASSISTINDO O FILME CHAPA!! PIRATAS DA INFORM\u00c1TICA  ESSE FILME E FODA VIVA @APPLE", "truncated": false, "user": {"created_at": "Thu Jul 15 05:24:52 +0000 2010", "followers_count": 13, "friends_count": 71, "id": 166868620, "lang": "pt", "name": "_\\|/_V\u03b9\u00a2\u03c4\u03c3\u044f S\u03b1\u03b7\u03c4\u03b9\u03b1g\u03c3", "profile_background_color": "000000", "profile_background_image_url": "http://pbs.twimg.com/profile_background_images/546970844/papel_de_parede_de_marca_gucci-35574.jpg", "profile_background_tile": false, "profile_image_url": "https://pbs.twimg.com/profile_images/2675648632/69218a10dc63ed2a3b250ad229775b02_normal.png", "profile_link_color": "050505", "profile_sidebar_fill_color": "030303", "profile_text_color": "D91414", "protected": false, "screen_name": "Victor_IX35", "statuses_count": 181, "time_zone": "Santiago", "utc_offset": -14400}, "user_mentions": [{"id": 380749300, "name": "@apple", "screen_name": "Apple"}]}