{"created_at": "Sun Oct 16 04:16:02 +0000 2011", "favorited": false, "hashtags": ["apple", "iphone", "siri"], "id": 125424738662223872, "lang": "en", "retweeted": false, "source": "<a href=\"http://twitterrific.com\" rel=\"nofollow\">Twitterrific for Mac</a>", "text": "I hope @apple will release an app for Siri for us non-apple 4s users. #apple #iphone #siri", "truncated": false, "user": {"created_at": "Thu Apr 10 11:49:03 +0000 2008", "description": "I'm a female who is into games and technology.", "favourites_count": 81, "followers_count": 483, "friends_count": 230, "geo_enabled": true, "id": 14350386, "lang": "en", "listed_count": 16, "location": "Canada", "name": "neek247", "profile_background_color": "022330", "profile_background_image_url": "http://pbs.twimg.com/profile_background_images/344535125/Stary_Aurora_Twitter_wallpaper_by_wolfdragon2848.jpg", "profile_background_tile": true, "profile_banner_url": "https://pbs.twimg.com/profile_banners/14350386/1391585904", "profile_image_url": "https://pbs.twimg.com/profile_images/430967845053161472/TGLmDplU_normal.jpeg", "profile_link_color": "02141A", "profile_sidebar_fill_color": "226580", "profile_text_color": "032A36", "protected": false, "screen_name": "neek247", "statuses_count": 25977, "time_zone": "Atlantic Time (Canada)", "url": "http://t.co/nvANlCZyIj", "utc_offset": -10800}, "user_mentions": [{"id": 380749300, "name": "@apple", "screen_name": "Apple"}]}