{"created_at": "Sun Oct 16 03:03:40 +0000 2011", "favorited": false, "id": 125406528487424003, "lang": "en", "retweeted": false, "source": "<a href=\"https://about.twitter.com/products/tweetdeck\" rel=\"nofollow\">TweetDeck</a>", "text": "Why doesn't the Genius have songs for Watch the Throne yet? HUH? @APPLE ?????", "truncated": false, "user": {"created_at": "Fri May 22 15:38:49 +0000 2009", "description": "A dirty ghetto kid.", "favourites_count": 1309, "followers_count": 791, "friends_count": 243, "geo_enabled": true, "id": 41835443, "lang": "en", "listed_count": 14, "location": "REALTIME", "profile_background_color": "000000", "profile_background_image_url": "http://pbs.twimg.com/profile_background_images/378800000009329247/73c4160f754b70cedd8e3321c41d072f.png", "profile_background_tile": true, "profile_banner_url": "https://pbs.twimg.com/profile_banners/41835443/1402366581", "profile_image_url": "https://pbs.twimg.com/profile_images/476184884793188352/6XASMqFT_normal.jpeg", "profile_link_color": "000000", "profile_sidebar_fill_color": "FFFCFF", "profile_text_color": "333333", "protected": false, "screen_name": "MatthewTCR", "statuses_count": 40104, "time_zone": "Eastern Time (US & Canada)", "url": "http://t.co/iB9X58fjf3", "utc_offset": -14400}, "user_mentions": [{"id": 380749300, "name": "@apple", "screen_name": "Apple"}]}