{"created_at": "Sun Oct 16 09:09:52 +0000 2011", "favorited": false, "id": 125498684401135616, "lang": "en", "retweeted": false, "source": "<a href=\"http://twitter.com/download/android\" rel=\"nofollow\">Twitter for Android</a>", "text": "The battle of voice controlled AI platforms. If they were mobile OS ind - same q's as in IE antitrust case in EU? Vlingo v @google v @apple", "truncated": false, "user": {"created_at": "Thu Jul 10 15:20:38 +0000 2008", "description": "Technology/Business/Intellectual Property. Words are my own", "favourites_count": 4, "followers_count": 217, "friends_count": 266, "geo_enabled": true, "id": 15378639, "lang": "en", "listed_count": 5, "location": "Auckland, New Zealand", "name": "Arturas Vedrickas", "profile_background_color": "010059", "profile_background_image_url": "http://pbs.twimg.com/profile_background_images/71313487/resized7.jpg", "profile_background_tile": true, "profile_banner_url": "https://pbs.twimg.com/profile_banners/15378639/1348885587", "profile_image_url": "https://pbs.twimg.com/profile_images/1726701057/arturas_vedrickas_normal.jpg", "profile_link_color": "D02B55", "profile_sidebar_fill_color": "99CC33", "profile_text_color": "3E4415", "protected": false, "screen_name": "artved", "statuses_count": 812, "time_zone": "Auckland", "utc_offset": 43200}, "user_mentions": [{"id": 20536157, "name": "A Googler", "screen_name": "google"}, {"id": 380749300, "name": "@apple", "screen_name": "Apple"}]}