{"created_at": "Sun Oct 16 06:33:31 +0000 2011", "favorited": false, "id": 125459338524499969, "lang": "en", "retweeted": false, "source": "<a href=\"http://twitter.com/download/iphone\" rel=\"nofollow\">Twitter for iPhone</a>", "text": "Finally got my iPhone 4S, thanks @Apple. Stupid @att. Learned my lesson.", "truncated": false, "user": {"created_at": "Thu Mar 19 20:40:29 +0000 2009", "description": "Wife, mom, UCLA grad, aspiring chef, foodie", "favourites_count": 2, "followers_count": 95, "friends_count": 176, "geo_enabled": true, "id": 25380346, "lang": "en", "listed_count": 2, "location": "90220", "name": "Czarina", "profile_background_color": "0099B9", "profile_background_image_url": "http://abs.twimg.com/images/themes/theme4/bg.gif", "profile_background_tile": false, "profile_image_url": "https://pbs.twimg.com/profile_images/1721358492/image_normal.jpg", "profile_link_color": "0099B9", "profile_sidebar_fill_color": "95E8EC", "profile_text_color": "3C3940", "protected": false, "screen_name": "czarinasierra", "statuses_count": 4122, "time_zone": "Pacific Time (US & Canada)", "utc_offset": -25200}, "user_mentions": [{"id": 380749300, "name": "@apple", "screen_name": "Apple"}, {"id": 14620190, "name": "AT&T", "screen_name": "ATT"}]}