{"created_at": "Sun Oct 16 03:04:32 +0000 2011", "favorited": false, "id": 125406743923671040, "in_reply_to_screen_name": "Apple", "in_reply_to_user_id": 380749300, "lang": "en", "retweeted": false, "source": "<a href=\"http://twitter.com/download/iphone\" rel=\"nofollow\">Twitter for iPhone</a>", "text": "@apple just now seeing none of my Microsoft Office programs work anymore after Lion upgrade. Why??", "truncated": false, "user": {"created_at": "Thu Jul 30 18:39:58 +0000 2009", "description": "Creative Artist / Dreamer / Believer, Grateful Servant & Learning Influencer. I head up themusiccity.tv and http://t.co/vxfPynHisS", "favourites_count": 1197, "followers_count": 608, "friends_count": 674, "geo_enabled": true, "id": 61563211, "lang": "en", "listed_count": 22, "location": "Nashville via Cincinnati", "name": "Ron Roark", "profile_background_color": "1A1B1F", "profile_background_image_url": "http://pbs.twimg.com/profile_background_images/867969288/fc3ecc431e2b852447084356218a165a.jpeg", "profile_background_tile": true, "profile_banner_url": "https://pbs.twimg.com/profile_banners/61563211/1368506411", "profile_image_url": "https://pbs.twimg.com/profile_images/3657129130/f11b281ba81a339beb4fe7458a5bec2c_normal.jpeg", "profile_link_color": "2FC2EF", "profile_sidebar_fill_color": "252429", "profile_text_color": "666666", "protected": false, "screen_name": "ronroark", "statuses_count": 13852, "time_zone": "Central Time (US & Canada)", "url": "http://t.co/vxfPynHisS", "utc_offset": -18000}, "user_mentions": [{"id": 380749300, "name": "@apple", "screen_name": "Apple"}]}