{"created_at": "Sun Oct 16 02:58:38 +0000 2011", "favorited": false, "hashtags": ["notcool"], "id": 125405260650000384, "lang": "en", "retweeted": false, "source": "<a href=\"http://www.echofon.com/\" rel=\"nofollow\">Echofon</a>", "text": "Dear @Apple, I don't want the newsstand icon on my screen. #notcool", "truncated": false, "user": {"created_at": "Tue Sep 23 20:25:10 +0000 2008", "description": "Jesus Freak, Maker of Things #LowCarb #GlutenFree, Whovian, Browncoat, Trekkie, SciFi & GP #Geek. #SGF http://t.co/55B3CCEj2V\r\nhttp://t.co/tI3YuIvp2w", "favourites_count": 634, "followers_count": 599, "friends_count": 404, "id": 16424896, "lang": "en", "listed_count": 49, "location": "Springfield, MO, USA, Earth", "name": "Kristi", "profile_background_color": "FFFFFF", "profile_background_image_url": "http://pbs.twimg.com/profile_background_images/813538553/e380b508c5607d795ab9b340902eb585.png", "profile_background_tile": true, "profile_banner_url": "https://pbs.twimg.com/profile_banners/16424896/1402068805", "profile_image_url": "https://pbs.twimg.com/profile_images/472482310718119936/V48329tg_normal.jpeg", "profile_link_color": "009999", "profile_sidebar_fill_color": "EFEFEF", "profile_text_color": "333333", "protected": false, "screen_name": "bohobear", "statuses_count": 25701, "time_zone": "Central Time (US & Canada)", "url": "http://t.co/jYOAtgidH7", "utc_offset": -18000}, "user_mentions": [{"id": 380749300, "name": "@apple", "screen_name": "Apple"}]}