{"created_at": "Sun Oct 16 03:01:35 +0000 2011", "favorited": false, "hashtags": ["Win", "PampersHelloApps"], "id": 125406003863883776, "lang": "en", "retweeted": false, "source": "<a href=\"http://tweetmeme.com\" rel=\"nofollow\">TweetMeme</a>", "text": "\"#Win an @Apple iPod Touch from @Mommy_gaga, get the @Pampers Hello World Baby Memories App! http://t.co/eYLm3pav #PampersHelloApps\"", "truncated": false, "urls": {"http://t.co/eYLm3pav": "http://bit.ly/p5FaLB"}, "user": {"created_at": "Fri Jan 15 15:28:09 +0000 2010", "description": "Mom who loves to read and enter lots of giveaways and some sweepstakes. Be forewarned, I tweet a lot.", "favourites_count": 24, "followers_count": 873, "friends_count": 2000, "id": 105170426, "lang": "en", "listed_count": 30, "name": "Michelle Barrett", "profile_background_color": "FFF04D", "profile_background_image_url": "http://abs.twimg.com/images/themes/theme19/bg.gif", "profile_background_tile": false, "profile_image_url": "https://pbs.twimg.com/profile_images/1360143505/snow_017_normal.JPG", "profile_link_color": "0099CC", "profile_sidebar_fill_color": "F6FFD1", "profile_text_color": "333333", "protected": false, "screen_name": "ChelleB36", "statuses_count": 237930, "time_zone": "Eastern Time (US & Canada)", "utc_offset": -14400}, "user_mentions": [{"id": 380749300, "name": "@apple", "screen_name": "Apple"}, {"id": 44436909, "name": "Deanna, mommyGAGA", "screen_name": "Mommy_Gaga"}, {"id": 54548089, "name": "Pampers", "screen_name": "Pampers"}]}