{"created_at": "Sun Oct 16 08:57:11 +0000 2011", "favorited": false, "id": 125495491701125120, "lang": "en", "retweeted": false, "source": "<a href=\"http://twitter.com/download/iphone\" rel=\"nofollow\">Twitter for iPhone</a>", "text": "New iOS 5 update is THE BEST. iloveyou @apple", "truncated": false, "user": {"created_at": "Sat May 21 17:56:05 +0000 2011", "description": "rae. 16. canada. fall out boy, panic! at the disco, all time low, pierce the veil, the wonder years, etc. supernatural is perfect.", "favourites_count": 5859, "followers_count": 1983, "friends_count": 1459, "id": 302749790, "lang": "en", "listed_count": 28, "location": "Heart's in Vancouver", "name": "castiel", "profile_background_color": "F0EBE7", "profile_background_image_url": "http://pbs.twimg.com/profile_background_images/378800000062602789/fc5e0ed05b967bfd8d5b44bd5e17e33d.jpeg", "profile_background_tile": true, "profile_banner_url": "https://pbs.twimg.com/profile_banners/302749790/1400283032", "profile_image_url": "https://pbs.twimg.com/profile_images/453044959386808320/Uj5mZ7zK_normal.jpeg", "profile_link_color": "C41818", "profile_sidebar_fill_color": "7C296C", "profile_text_color": "D75B5B", "protected": false, "screen_name": "the_p4rty_scene", "statuses_count": 79507, "time_zone": "Pacific Time (US & Canada)", "url": "http://t.co/ZFHSDv1aQr", "utc_offset": -25200}, "user_mentions": [{"id": 380749300, "name": "@apple", "screen_name": "Apple"}]}