{"created_at": "Sun Oct 16 06:29:47 +0000 2011", "favorited": false, "id": 125458395800154112, "in_reply_to_screen_name": "Apple", "in_reply_to_user_id": 380749300, "lang": "en", "retweeted": false, "source": "<a href=\"http://twitter.com/download/iphone\" rel=\"nofollow\">Twitter for iPhone</a>", "text": "@apple you can suck it you and your fucking iPhones better be glad it's all I like cause the service Is fucking terrible", "truncated": false, "user": {"created_at": "Mon Nov 23 19:24:11 +0000 2009", "description": "the F is for #teamfalcon #team \ufe3b\u2566\u2564\u2500show #teamiphone #teamnosleep #teamarmystrong #teamipad #LTFU #teamAirAssault", "favourites_count": 33, "followers_count": 126, "friends_count": 350, "geo_enabled": true, "id": 92092710, "lang": "en", "location": "KCMO", "name": "Kyle \ufe3b\u2566\u2564\u2500 Wineinger\u2122", "profile_background_color": "131516", "profile_background_image_url": "http://pbs.twimg.com/profile_background_images/280087338/ATL_falcons.jpg", "profile_background_tile": true, "profile_image_url": "https://pbs.twimg.com/profile_images/2559481848/7nAdpldE_normal", "profile_link_color": "FF0000", "profile_sidebar_fill_color": "000000", "profile_text_color": "FA0505", "protected": false, "screen_name": "Kwineinger22", "statuses_count": 4776, "time_zone": "Central Time (US & Canada)", "utc_offset": -18000}, "user_mentions": [{"id": 380749300, "name": "@apple", "screen_name": "Apple"}]}