{"created_at": "Sun Oct 16 08:55:32 +0000 2011", "favorited": false, "id": 125495075504537600, "lang": "pt", "retweeted": false, "source": "<a href=\"http://itunes.apple.com/us/app/twitter/id409789998?mt=12\" rel=\"nofollow\">Twitter for Mac</a>", "text": "Gostaria de deixar aqui registrado meu agradecimento a @apple por preservar meu sono. As notifica\u00e7\u00f5es do iOS5 n\u00e3o apitam na madrugada ;-)", "truncated": false, "user": {"created_at": "Thu Jul 02 03:33:17 +0000 2009", "description": "We're a generation of men raised by women. I'm wondering if another woman is really the answer we need.", "favourites_count": 12, "followers_count": 689, "friends_count": 1856, "geo_enabled": true, "id": 52955969, "lang": "pt", "listed_count": 6, "location": "iPhone: -15.806702,-47.973877", "name": "Hugo Santos \uf8ff", "profile_background_color": "0F0F7A", "profile_background_image_url": "http://pbs.twimg.com/profile_background_images/530961323/Grecia-turismo-ilhas.jpg", "profile_background_tile": true, "profile_banner_url": "https://pbs.twimg.com/profile_banners/52955969/1398775305", "profile_image_url": "https://pbs.twimg.com/profile_images/378800000321547953/5e6104ba950371714fc923cf1f26b6b3_normal.jpeg", "profile_link_color": "060B69", "profile_sidebar_fill_color": "729DF2", "profile_text_color": "060B69", "protected": false, "screen_name": "_hugosantos", "statuses_count": 5620, "time_zone": "Santiago", "url": "http://t.co/qaWkBOwbXk", "utc_offset": -14400}, "user_mentions": [{"id": 380749300, "name": "@apple", "screen_name": "Apple"}]}