{"created_at": "Sun Oct 16 04:17:25 +0000 2011", "favorited": false, "id": 125425087800291328, "in_reply_to_screen_name": "rjpittman", "in_reply_to_user_id": 15753039, "lang": "en", "place": {"attributes": {}, "bounding_box": {"coordinates": [[[37.1316733, 55.4908342], [37.9650116, 55.4908342], [37.9650116, 56.0209192], [37.1316733, 56.0209192]]], "type": "Polygon"}, "contained_within": [], "country": "Russia", "country_code": "RU", "full_name": "Moscovo, Moscovo", "id": "4303d1afc1e98c37", "name": "Moscovo", "place_type": "city", "url": "https://api.twitter.com/1.1/geo/id/4303d1afc1e98c37.json"}, "retweeted": false, "source": "<a href=\"http://twitter.com\" rel=\"nofollow\">Twitter Web Client</a>", "text": "@rjpittman Why you won't use your @apple account.", "truncated": false, "user": {"created_at": "Fri Sep 04 12:17:35 +0000 2009", "description": "\u041a\u043e\u0440\u043e\u0442\u043a\u043e \u043e \u0441\u0435\u0431\u0435", "favourites_count": 9, "followers_count": 712, "friends_count": 1184, "geo_enabled": true, "id": 71520719, "lang": "ru", "listed_count": 19, "location": "block", "name": "Sladkiev", "profile_background_color": "D1D1D1", "profile_background_image_url": "http://pbs.twimg.com/profile_background_images/148449004/a_999f156f.jpg", "profile_background_tile": true, "profile_banner_url": "https://pbs.twimg.com/profile_banners/71520719/1349390149", "profile_image_url": "https://pbs.twimg.com/profile_images/3742762154/383a43fe35442bb553b608535d8dd169_normal.jpeg", "profile_link_color": "C4668C", "profile_sidebar_fill_color": "E8E8E8", "profile_text_color": "693469", "protected": false, "screen_name": "sladkiev", "statuses_count": 5180, "time_zone": "Moscow", "utc_offset": 14400}, "user_mentions": [{"id": 15753039, "name": "R.J. Pittman", "screen_name": "rjpittman"}, {"id": 380749300, "name": "@apple", "screen_name": "Apple"}]}