{"created_at": "Sun Oct 16 08:48:57 +0000 2011", "favorited": false, "hashtags": ["Win", "PampersHelloApps"], "id": 125493419522002944, "lang": "en", "retweeted": false, "source": "<a href=\"http://twitter.com\" rel=\"nofollow\">Twitter Web Client</a>", "text": "#Win an @Apple iPod Touch from @Mommy_gaga, get the @Pampers Hello World Baby Memories App! http://t.co/gIHYpzWO #PampersHelloApps", "truncated": false, "urls": {"http://t.co/gIHYpzWO": "http://bit.ly/p5FaLB"}, "user": {"created_at": "Wed Oct 20 22:27:29 +0000 2010", "favourites_count": 2, "followers_count": 217, "friends_count": 1510, "id": 205447227, "lang": "en", "listed_count": 2, "location": "Middle of Nowhere, California", "name": "Ana ", "profile_background_color": "ACDED6", "profile_background_image_url": "http://pbs.twimg.com/profile_background_images/311772424/62233.jpg", "profile_background_tile": false, "profile_image_url": "https://pbs.twimg.com/profile_images/1460616368/wallpaper_nell_fallcard_01_normal.jpg", "profile_link_color": "038543", "profile_sidebar_fill_color": "F6F6F6", "profile_text_color": "333333", "protected": false, "screen_name": "anagonzalez1224", "statuses_count": 4041}, "user_mentions": [{"id": 380749300, "name": "@apple", "screen_name": "Apple"}, {"id": 44436909, "name": "Deanna, mommyGAGA", "screen_name": "Mommy_Gaga"}, {"id": 54548089, "name": "Pampers", "screen_name": "Pampers"}]}