{"created_at": "Sun Oct 16 04:10:17 +0000 2011", "favorited": false, "hashtags": ["siri", "ipod4s"], "id": 125423290767507456, "in_reply_to_screen_name": "Apple", "in_reply_to_user_id": 380749300, "lang": "en", "retweeted": false, "source": "<a href=\"http://blackberry.com/twitter\" rel=\"nofollow\">Twitter for BlackBerry\u00ae</a>", "text": "@apple - you have invented a product that actually gets my brother to call my parents when he gets where he's going. Amazing. #siri #ipod4s", "truncated": false, "user": {"created_at": "Tue Sep 06 02:20:03 +0000 2011", "description": "Marketing Manager for @OdysseyGolf and @CallawayGolf. Strengths: left-handedness, being abstract. Weaknesses: celery allergy, poor iron play. Views are my own.", "favourites_count": 171, "followers_count": 639, "friends_count": 250, "id": 368694539, "lang": "en", "listed_count": 12, "location": "The Highlands", "name": "Ethan Ganot", "profile_background_color": "000305", "profile_background_image_url": "http://pbs.twimg.com/profile_background_images/888325961/8652310b2996fb2fdf9c9e6b3075f6c7.jpeg", "profile_background_tile": false, "profile_banner_url": "https://pbs.twimg.com/profile_banners/368694539/1369893279", "profile_image_url": "https://pbs.twimg.com/profile_images/451898020896845824/EdVt-Z07_normal.jpeg", "profile_link_color": "B30042", "profile_sidebar_fill_color": "DDEEF6", "profile_text_color": "333333", "protected": false, "screen_name": "EthanatorCG", "statuses_count": 7248, "time_zone": "Pacific Time (US & Canada)", "url": "http://t.co/7pGfmnwOk1", "utc_offset": -25200}, "user_mentions": [{"id": 380749300, "name": "@apple", "screen_name": "Apple"}]}