{"created_at": "Sun Oct 16 02:54:53 +0000 2011", "favorited": false, "id": 125404317669785600, "lang": "en", "retweeted": false, "source": "<a href=\"http://twitter.com/download/iphone\" rel=\"nofollow\">Twitter for iPhone</a>", "text": "Ok @iTunesMusic idk wth is up but after syncing my phone my album art is out of order! WTF @Apple!", "truncated": false, "user": {"created_at": "Fri Feb 06 15:15:33 +0000 2009", "description": "Proud mommy! Fierce.Fabulous.Chic.Classy.Glam.Goddess.WWE Fangirl. Fashionista. Proud movie/tv/book geek! Entertainment is the spice of life!", "favourites_count": 1362, "followers_count": 442, "friends_count": 431, "geo_enabled": true, "id": 20243297, "lang": "en", "listed_count": 11, "location": "Chicago", "name": "Maleficent", "profile_background_color": "000000", "profile_background_image_url": "http://pbs.twimg.com/profile_background_images/591310224/nch0c9ouh0viug5u40ll.jpeg", "profile_background_tile": true, "profile_banner_url": "https://pbs.twimg.com/profile_banners/20243297/1400158538", "profile_image_url": "https://pbs.twimg.com/profile_images/466924870249746432/A8JIwOTc_normal.jpeg", "profile_link_color": "454545", "profile_sidebar_fill_color": "CFCFCF", "profile_text_color": "000000", "protected": false, "screen_name": "superstar_diva", "statuses_count": 34752, "time_zone": "Central Time (US & Canada)", "url": "http://t.co/xxdtxsadJJ", "utc_offset": -18000}, "user_mentions": [{"id": 74580436, "name": "iTunes Music", "screen_name": "iTunesMusic"}, {"id": 380749300, "name": "@apple", "screen_name": "Apple"}]}