{"created_at": "Sun Oct 16 08:32:26 +0000 2011", "favorited": false, "hashtags": ["Win", "PampersHelloApps"], "id": 125489264157917184, "lang": "en", "retweeted": false, "source": "<a href=\"http://twitter.com\" rel=\"nofollow\">Twitter Web Client</a>", "text": "#Win an @Apple iPod Touch from @Mommy_gaga, get the @Pampers Hello World Baby Memories App! http://t.co/fnbKNwmj #PampersHelloApps Ends10/21", "truncated": false, "urls": {"http://t.co/fnbKNwmj": "http://bit.ly/p5FaLB"}, "user": {"created_at": "Thu Jun 11 21:49:47 +0000 2009", "favourites_count": 99, "followers_count": 990, "friends_count": 1981, "id": 46501004, "lang": "en", "listed_count": 25, "name": "Kim ", "profile_background_color": "352726", "profile_background_image_url": "http://abs.twimg.com/images/themes/theme5/bg.gif", "profile_background_tile": false, "profile_image_url": "https://pbs.twimg.com/profile_images/1266585110/flower2_normal.jpg", "profile_link_color": "D02B55", "profile_sidebar_fill_color": "99CC33", "profile_text_color": "3E4415", "protected": false, "screen_name": "mom22girlz", "statuses_count": 50532, "time_zone": "Pacific Time (US & Canada)", "utc_offset": -25200}, "user_mentions": [{"id": 380749300, "name": "@apple", "screen_name": "Apple"}, {"id": 44436909, "name": "Deanna, mommyGAGA", "screen_name": "Mommy_Gaga"}, {"id": 54548089, "name": "Pampers", "screen_name": "Pampers"}]}