{"created_at": "Sun Oct 16 07:21:21 +0000 2011", "favorite_count": 3, "favorited": false, "hashtags": ["emptythreats"], "id": 125471372485992448, "lang": "en", "retweet_count": 3, "retweeted": false, "source": "<a href=\"http://twitter.com/download/iphone\" rel=\"nofollow\">Twitter for iPhone</a>", "text": "If @apple doesn't fix iOS5 this week, I'm buying a droid #emptythreats", "truncated": false, "user": {"created_at": "Thu Jul 17 17:50:05 +0000 2008", "description": "Professional doer of things, part time human being. Smile, you're not a machine.\r\n\r\nhttp://t.co/uPo3mmoX\r\nhttp://t.co/fhDmYVCi", "favourites_count": 12, "followers_count": 45050, "friends_count": 478, "id": 15471060, "lang": "en", "listed_count": 427, "location": "Everywhere", "name": "MikeFerri", "profile_background_color": "352726", "profile_background_image_url": "http://pbs.twimg.com/profile_background_images/838275469/ece196a27633d88e32b4306a7aa57c6c.jpeg", "profile_background_tile": true, "profile_banner_url": "https://pbs.twimg.com/profile_banners/15471060/1363267460", "profile_image_url": "https://pbs.twimg.com/profile_images/413443640435146753/InL43ruu_normal.jpeg", "profile_link_color": "D02B55", "profile_sidebar_fill_color": "AFB89D", "profile_text_color": "3E4415", "protected": false, "screen_name": "MikeFerri", "statuses_count": 19727, "time_zone": "Eastern Time (US & Canada)", "url": "http://t.co/aOsU1KL5yj", "utc_offset": -14400, "verified": true}, "user_mentions": [{"id": 380749300, "name": "@apple", "screen_name": "Apple"}]}