{"created_at": "Sun Oct 16 06:17:19 +0000 2011", "favorited": false, "id": 125455260801179648, "lang": "en", "retweeted": false, "source": "<a href=\"http://ubersocial.com\" rel=\"nofollow\">UberSocial for iPhone</a>", "text": "I absolutely love my iPhone 4S. Thank you, Steve and @apple.", "truncated": false, "user": {"created_at": "Sat Mar 14 01:40:35 +0000 2009", "description": "#SPORTS, social media addict, useless trivia master, music lover, fantasy baseball wizard. Commissioner of @MidwestPowers. UWRF grad. @grabsbag #WHODEY", "favourites_count": 1401, "followers_count": 293, "friends_count": 294, "geo_enabled": true, "id": 24303451, "lang": "en", "listed_count": 8, "location": "Minnesota", "name": "Jordan Grabow", "profile_background_color": "C0DEED", "profile_background_image_url": "http://pbs.twimg.com/profile_background_images/866140493/4c8c3b872686f32132772ed9dca38a27.jpeg", "profile_background_tile": true, "profile_banner_url": "https://pbs.twimg.com/profile_banners/24303451/1397355101", "profile_image_url": "https://pbs.twimg.com/profile_images/466374066786828288/wa6JB_l0_normal.jpeg", "profile_link_color": "0084B4", "profile_sidebar_fill_color": "DDEEF6", "profile_text_color": "333333", "protected": false, "screen_name": "Jordanimal", "statuses_count": 13136, "time_zone": "Central Time (US & Canada)", "utc_offset": -18000}, "user_mentions": [{"id": 380749300, "name": "@apple", "screen_name": "Apple"}]}