{"created_at": "Sun Oct 16 03:13:40 +0000 2011", "favorited": false, "id": 125409044222586880, "lang": "en", "retweeted": false, "source": "<a href=\"http://ubersocial.com\" rel=\"nofollow\">UberSocial for BlackBerry</a>", "text": "I guess I should go @hublot @apple and @ZegnaOfficial shopping next week. Birthdays only come once a year! Lol", "truncated": false, "user": {"created_at": "Sat Apr 09 23:21:29 +0000 2011", "description": "Investment & Strategic Partnership Advisor\nAllergic to Average", "favourites_count": 476, "followers_count": 301, "friends_count": 658, "geo_enabled": true, "id": 279752245, "lang": "en", "listed_count": 2, "location": "Los Angeles ", "name": "DAMANI BARHAM\u00a9 ", "profile_background_color": "C0DEED", "profile_background_image_url": "http://pbs.twimg.com/profile_background_images/297897612/Entourage-MG-office-0030.jpg", "profile_background_tile": true, "profile_banner_url": "https://pbs.twimg.com/profile_banners/279752245/1377581603", "profile_image_url": "https://pbs.twimg.com/profile_images/474713740206555136/8z4yfdgE_normal.jpeg", "profile_link_color": "0084B4", "profile_sidebar_fill_color": "DDEEF6", "profile_text_color": "333333", "protected": false, "screen_name": "CorporateMind", "statuses_count": 7405, "time_zone": "Quito", "utc_offset": -18000}, "user_mentions": [{"id": 26714575, "name": "Hublot - Official", "screen_name": "Hublot"}, {"id": 380749300, "name": "@apple", "screen_name": "Apple"}]}