{"created_at": "Sun Oct 16 06:52:58 +0000 2011", "favorited": false, "hashtags": ["Siri"], "id": 125464229577891840, "in_reply_to_screen_name": "Apple", "in_reply_to_user_id": 380749300, "lang": "en", "retweeted": false, "source": "<a href=\"http://twitter.com/download/iphone\" rel=\"nofollow\">Twitter for iPhone</a>", "text": "@apple pls launch #Siri on iphone4 .. Disappointed after spending hours for upgrading to iOS5..", "truncated": false, "user": {"created_at": "Fri Apr 17 06:07:16 +0000 2009", "description": "Engineer @ Intuit Inc. | Foodie | Entrepreneurship | http://t.co/WimvD4WMOK", "favourites_count": 125, "followers_count": 141, "friends_count": 467, "geo_enabled": true, "id": 32328615, "lang": "en", "listed_count": 4, "location": "Bangalore, India", "name": "manish kumar", "profile_background_color": "EDECE9", "profile_background_image_url": "http://abs.twimg.com/images/themes/theme3/bg.gif", "profile_background_tile": false, "profile_image_url": "https://pbs.twimg.com/profile_images/718930376/n755119320_4865_normal.jpg", "profile_link_color": "088253", "profile_sidebar_fill_color": "E3E2DE", "profile_text_color": "634047", "protected": false, "screen_name": "kManish86", "statuses_count": 1097, "time_zone": "Kolkata", "utc_offset": 19800}, "user_mentions": [{"id": 380749300, "name": "@apple", "screen_name": "Apple"}]}