{"created_at": "Sun Oct 16 03:07:40 +0000 2011", "favorited": false, "hashtags": ["iOS5", "newfeature"], "id": 125407532893224962, "lang": "en", "retweeted": false, "source": "<a href=\"http://tapbots.com/tweetbot\" rel=\"nofollow\">Tweetbot for iOS</a>", "text": "Create new folders from within your photo album in #iOS5, finally!! Thanks @Apple, that's been a thorn in my side for a while. #newfeature", "truncated": false, "user": {"created_at": "Thu Dec 04 22:35:19 +0000 2008", "description": "the tallest ewok in a world of wookies.", "favourites_count": 34, "followers_count": 180, "friends_count": 172, "geo_enabled": true, "id": 17881825, "lang": "en", "listed_count": 2, "location": "san antonio", "name": "Eli Tarin", "profile_background_color": "000000", "profile_background_image_url": "http://pbs.twimg.com/profile_background_images/4056502/UP5.jpg", "profile_background_tile": false, "profile_banner_url": "https://pbs.twimg.com/profile_banners/17881825/1362169259", "profile_image_url": "https://pbs.twimg.com/profile_images/378800000412048021/97ed47807214bdc8a50e4c418e2ec3bd_normal.jpeg", "profile_link_color": "2FC2EF", "profile_sidebar_fill_color": "252429", "profile_text_color": "666666", "protected": false, "screen_name": "oneseven3", "statuses_count": 5279, "time_zone": "Mountain Time (US & Canada)", "url": "http://t.co/UMvPViKDY0", "utc_offset": -21600}, "user_mentions": [{"id": 380749300, "name": "@apple", "screen_name": "Apple"}]}