{"created_at": "Sun Oct 16 05:22:33 +0000 2011", "favorited": false, "hashtags": ["iOS5", "jailbroken"], "id": 125441478951575552, "lang": "en", "retweeted": false, "source": "<a href=\"http://twitter.com/download/iphone\" rel=\"nofollow\">Twitter for iPhone</a>", "text": "After a week or so with @Apple's #iOS5 I'm considering going back to #jailbroken 4.2 - same features as 5, plus more. Not as stable, though.", "truncated": false, "user": {"created_at": "Wed Oct 12 04:50:58 +0000 2011", "followers_count": 8, "friends_count": 89, "id": 389285943, "lang": "en", "location": "Provo, UT", "name": "ARichens Tech", "profile_background_color": "C0DEED", "profile_background_image_url": "http://abs.twimg.com/images/themes/theme1/bg.png", "profile_background_tile": false, "profile_image_url": "https://pbs.twimg.com/profile_images/1584405756/computer-repair_normal.png", "profile_link_color": "0084B4", "profile_sidebar_fill_color": "DDEEF6", "profile_text_color": "333333", "protected": false, "screen_name": "ARichensTech", "statuses_count": 20, "url": "http://t.co/Jprn6O79o1"}, "user_mentions": [{"id": 380749300, "name": "@apple", "screen_name": "Apple"}]}