{"created_at": "Sun Oct 16 03:13:21 +0000 2011", "favorited": false, "hashtags": ["Siri"], "id": 125408962215555072, "lang": "en", "retweeted": false, "source": "<a href=\"http://twitter.com/download/iphone\" rel=\"nofollow\">Twitter for iPhone</a>", "text": "Had issues with #Siri reaching network today. Too many uses or my signal? @apple", "truncated": false, "user": {"created_at": "Tue Jul 27 11:58:36 +0000 2010", "description": "Database Engineer, techie geek, sports enthusiast, husband and dad.", "favourites_count": 7, "followers_count": 93, "friends_count": 139, "id": 171462183, "lang": "en", "listed_count": 3, "location": "Saint Louis, MO", "name": "Stuart Wong", "profile_background_color": "C6E2EE", "profile_background_image_url": "http://abs.twimg.com/images/themes/theme2/bg.gif", "profile_background_tile": false, "profile_image_url": "https://pbs.twimg.com/profile_images/1433840739/cgwong-profile_normal.JPG", "profile_link_color": "1F98C7", "profile_sidebar_fill_color": "DAECF4", "profile_text_color": "663B12", "protected": false, "screen_name": "cgswong", "statuses_count": 1074, "time_zone": "Central Time (US & Canada)", "url": "http://t.co/ceFA8hsTpl", "utc_offset": -18000}, "user_mentions": [{"id": 380749300, "name": "@apple", "screen_name": "Apple"}]}