{"created_at": "Sun Oct 16 07:39:33 +0000 2011", "favorited": false, "hashtags": ["annoyed"], "id": 125475953509015552, "lang": "en", "retweeted": false, "source": "<a href=\"http://itunes.apple.com/us/app/twitter/id409789998?mt=12\" rel=\"nofollow\">Twitter for Mac</a>", "text": "Turns out my computer isn't as fixed as it is meant to be. Fuck you @Apple, I'm going back to your Genius Bar to complain. #annoyed", "truncated": false, "user": {"created_at": "Sun Dec 30 08:47:19 +0000 2007", "favourites_count": 924, "followers_count": 159, "friends_count": 350, "geo_enabled": true, "id": 11653422, "lang": "en", "listed_count": 8, "location": "Melbourne, AUS", "name": "timothyjames", "profile_background_color": "131516", "profile_background_image_url": "http://abs.twimg.com/images/themes/theme14/bg.gif", "profile_background_tile": true, "profile_banner_url": "https://pbs.twimg.com/profile_banners/11653422/1390383937", "profile_image_url": "https://pbs.twimg.com/profile_images/378800000729986342/30708305971277d5423b280e52374021_normal.jpeg", "profile_link_color": "009999", "profile_sidebar_fill_color": "EFEFEF", "profile_text_color": "333333", "protected": false, "screen_name": "timothyjames", "statuses_count": 10619, "time_zone": "Melbourne", "utc_offset": 36000}, "user_mentions": [{"id": 380749300, "name": "@apple", "screen_name": "Apple"}]}