{"created_at": "Sun Oct 16 06:26:22 +0000 2011", "favorited": false, "id": 125457535951060993, "in_reply_to_screen_name": "msantram", "in_reply_to_status_id": 125432518324400128, "in_reply_to_user_id": 9410242, "lang": "en", "retweeted": false, "source": "<a href=\"http://twitter.com/download/iphone\" rel=\"nofollow\">Twitter for iPhone</a>", "text": "@msantram I want @apple to integrate Siri with @Quora.", "truncated": false, "user": {"created_at": "Wed Jul 11 07:38:09 +0000 2007", "description": "Producing movies (LET'S BE COPS) and trying to (THE MARTIAN, RUST, MAGIC: THE GATHERING) at Genre Films.", "favourites_count": 562, "followers_count": 881, "friends_count": 1055, "geo_enabled": true, "id": 7395552, "lang": "en", "listed_count": 20, "location": "Los Angeles, CA", "name": "Aditya Sood", "profile_background_color": "526B58", "profile_background_image_url": "http://pbs.twimg.com/profile_background_images/3546228/IMG_1492_2.jpg", "profile_background_tile": false, "profile_banner_url": "https://pbs.twimg.com/profile_banners/7395552/1399338950", "profile_image_url": "https://pbs.twimg.com/profile_images/2160457141/Portrait_of_the_Artist_as_a_Young_Man_normal.jpeg", "profile_link_color": "0000FF", "profile_sidebar_fill_color": "E0FF92", "profile_text_color": "000000", "protected": false, "screen_name": "adityasood", "statuses_count": 9613, "time_zone": "Pacific Time (US & Canada)", "utc_offset": -25200}, "user_mentions": [{"id": 9410242, "name": "Mohit SantRam", "screen_name": "msantram"}, {"id": 380749300, "name": "@apple", "screen_name": "Apple"}, {"id": 33696409, "name": "Quora", "screen_name": "Quora"}]}