{"created_at": "Sun Oct 16 04:03:14 +0000 2011", "favorited": false, "hashtags": ["piratasdainformatica"], "id": 125421514928558080, "lang": "pt", "retweeted": false, "source": "<a href=\"http://twitter.com/download/iphone\" rel=\"nofollow\">Twitter for iPhone</a>", "text": "O #piratasdainformatica s\u00f3 n\u00e3o disse se o Bill Gates tbm \u00e9 dono da @Apple", "truncated": false, "user": {"created_at": "Wed Jul 01 02:43:11 +0000 2009", "description": "enjoying the beautiful life!!...", "favourites_count": 10, "followers_count": 1313, "friends_count": 214, "geo_enabled": true, "id": 52608600, "lang": "pt", "listed_count": 3, "location": "Itapema/SC", "name": "Elienai Nunes", "profile_background_color": "352726", "profile_background_image_url": "http://pbs.twimg.com/profile_background_images/23724252/Eli.jpg", "profile_background_tile": false, "profile_image_url": "https://pbs.twimg.com/profile_images/2457196117/image_normal.jpg", "profile_link_color": "D02B55", "profile_sidebar_fill_color": "99CC33", "profile_text_color": "3E4415", "protected": false, "screen_name": "ElienaiNunes", "statuses_count": 2085, "time_zone": "Brasilia", "url": "http://t.co/5zL6F5AcwR", "utc_offset": -10800}, "user_mentions": [{"id": 380749300, "name": "@apple", "screen_name": "Apple"}]}