{"created_at": "Sun Oct 16 06:36:14 +0000 2011", "favorited": false, "id": 125460019859820544, "lang": "en", "retweeted": false, "source": "<a href=\"http://twitter.com\" rel=\"nofollow\">Twitter Web Client</a>", "text": "I have to change my homepage from @apple.  Steve Jobs looks like an owl", "truncated": false, "user": {"created_at": "Wed Aug 27 02:04:06 +0000 2008", "description": "Outerloop Management. DJ. Co-founder of Honest Living. @outerloopmgmt | @honest_living", "favourites_count": 3408, "followers_count": 724, "friends_count": 203, "geo_enabled": true, "id": 16006327, "lang": "en", "listed_count": 13, "location": "Washington, DC", "name": "Nikhil", "profile_background_color": "DCDFE0", "profile_background_image_url": "http://pbs.twimg.com/profile_background_images/378800000161484135/Lu_gLVl_.jpeg", "profile_background_tile": true, "profile_banner_url": "https://pbs.twimg.com/profile_banners/16006327/1355545259", "profile_image_url": "https://pbs.twimg.com/profile_images/435671135473393664/3DVDGUGb_normal.jpeg", "profile_link_color": "7A7A7A", "profile_sidebar_fill_color": "3B3B3B", "profile_text_color": "000000", "protected": false, "screen_name": "nerpal", "statuses_count": 12663, "time_zone": "Eastern Time (US & Canada)", "url": "http://t.co/fgp1P6X90z", "utc_offset": -14400}, "user_mentions": [{"id": 380749300, "name": "@apple", "screen_name": "Apple"}]}