{"created_at": "Sun Oct 16 02:59:18 +0000 2011", "favorited": false, "hashtags": ["NewYork", "genio", "SteveJobs"], "id": 125405429583970305, "lang": "es", "retweeted": false, "source": "<a href=\"http://twitter.com\" rel=\"nofollow\">Twitter Web Client</a>", "text": "Un abrazo a tod@s desde el @Apple Store en #NewYork. Es un honor sumarse a la gente que honra la memora y el #genio de #SteveJobs.", "truncated": false, "user": {"created_at": "Fri Mar 13 19:40:25 +0000 2009", "description": "Social entrepreneur and educator from Nicaragua. Chairman of Fundaci\u00f3n Libertad. YGL at the World Economic Forum @Davos @WEF", "favourites_count": 1391, "followers_count": 6035, "friends_count": 358, "geo_enabled": true, "id": 24236390, "lang": "en", "listed_count": 56, "location": "Managua, Nicaragua ", "name": "Felix Maradiaga", "profile_background_color": "9AE4E8", "profile_background_image_url": "http://pbs.twimg.com/profile_background_images/86750556/Marcha_del_2005-foto_principal__editada_para_twitter.jpg", "profile_background_tile": true, "profile_banner_url": "https://pbs.twimg.com/profile_banners/24236390/1372537896", "profile_image_url": "https://pbs.twimg.com/profile_images/378800000064718939/02b83ffb1064f9b0efcb2d58adb5e0b1_normal.jpeg", "profile_link_color": "0084B4", "profile_sidebar_fill_color": "DDFFCC", "profile_text_color": "333333", "protected": false, "screen_name": "maradiaga", "statuses_count": 8448, "time_zone": "Eastern Time (US & Canada)", "url": "http://t.co/fxrfuJJxXG", "utc_offset": -14400}, "user_mentions": [{"id": 380749300, "name": "@apple", "screen_name": "Apple"}]}