{"created_at": "Sun Oct 16 03:44:32 +0000 2011", "favorited": false, "id": 125416811490578435, "lang": "en", "retweeted": false, "source": "<a href=\"http://twitter.com/download/iphone\" rel=\"nofollow\">Twitter for iPhone</a>", "text": "I don't get it. Instead of @apple dropping the 16GB iPhone 4 down to $99, they release an 8GB one for $99???", "truncated": false, "user": {"created_at": "Fri May 08 16:10:53 +0000 2009", "description": "Salesman, Father, Husband, Board Member, Municipal Budget Committee Member, Techy, Christ Follower.", "favourites_count": 68, "followers_count": 222, "friends_count": 276, "geo_enabled": true, "id": 38692579, "lang": "en", "listed_count": 6, "location": "Damascus, OR", "name": "Andrew Morrison", "profile_background_color": "C0DEED", "profile_background_image_url": "http://abs.twimg.com/images/themes/theme1/bg.png", "profile_background_tile": false, "profile_image_url": "https://pbs.twimg.com/profile_images/2303607099/image_normal.jpg", "profile_link_color": "0084B4", "profile_sidebar_fill_color": "DDEEF6", "profile_text_color": "333333", "protected": false, "screen_name": "VOIPAKM", "statuses_count": 4911, "time_zone": "Pacific Time (US & Canada)", "url": "http://t.co/ssqUrEf8Wp", "utc_offset": -25200}, "user_mentions": [{"id": 380749300, "name": "@apple", "screen_name": "Apple"}]}