{"created_at": "Sun Oct 16 03:44:45 +0000 2011", "favorited": false, "id": 125416866243018753, "lang": "en", "retweeted": false, "source": "<a href=\"http://stone.com/Twittelator\" rel=\"nofollow\">Twittelator</a>", "text": "Lemme just say iOS5 is mad cool BUT it needs A LOT of bug fixes @Apple", "truncated": false, "user": {"created_at": "Thu Mar 25 21:12:18 +0000 2010", "description": "/\\/3\u042fD #Whovian #TeamBreezy! \nFYCBE #847", "favourites_count": 164, "followers_count": 888, "friends_count": 34, "id": 126428805, "lang": "en", "listed_count": 80, "location": "TARDIS, Gallifrey", "name": "The Doctor", "profile_background_color": "1124F2", "profile_background_image_url": "http://pbs.twimg.com/profile_background_images/103868072/jazperr.jpg", "profile_background_tile": true, "profile_image_url": "https://pbs.twimg.com/profile_images/378800000740582361/1ae66756677cf7d2fc88d5f52f412bdf_normal.jpeg", "profile_link_color": "03FAD1", "profile_sidebar_fill_color": "BD1C1C", "profile_text_color": "FA8219", "protected": false, "screen_name": "KingOfFamous", "statuses_count": 40064, "time_zone": "Atlantic Time (Canada)", "url": "http://t.co/1LGUrDcldP", "utc_offset": -10800}, "user_mentions": [{"id": 380749300, "name": "@apple", "screen_name": "Apple"}]}