{"created_at": "Sun Oct 16 03:12:27 +0000 2011", "favorited": false, "id": 125408737296003072, "lang": "en", "retweeted": false, "source": "<a href=\"http://itunes.apple.com/us/app/twitter/id409789998?mt=12\" rel=\"nofollow\">Twitter for Mac</a>", "text": "The new iOS5 completely failed at upgrading the phone. Now I'm stuck in this restore loop. Thanks @apple for wasting my day. Can i undo?", "truncated": false, "user": {"created_at": "Thu Nov 12 07:16:14 +0000 2009", "description": "dj", "favourites_count": 24, "followers_count": 791, "friends_count": 393, "id": 89395183, "lang": "en", "listed_count": 2, "location": "Everywhere", "name": "AEVOX", "profile_background_color": "C0DEED", "profile_background_image_url": "http://pbs.twimg.com/profile_background_images/422784033/12012037-perfecto-9103.jpg", "profile_background_tile": true, "profile_image_url": "https://pbs.twimg.com/profile_images/2173963540/544812_10150832138746180_676546179_11410801_2099552376_n_normal.jpg", "profile_link_color": "0084B4", "profile_sidebar_fill_color": "DDEEF6", "profile_text_color": "333333", "protected": false, "screen_name": "AEV0X", "statuses_count": 7962, "time_zone": "Quito", "url": "http://t.co/2jnVsZr28x", "utc_offset": -18000}, "user_mentions": [{"id": 380749300, "name": "@apple", "screen_name": "Apple"}]}