{"created_at": "Sun Oct 16 05:51:48 +0000 2011", "favorited": false, "id": 125448837404954624, "in_reply_to_screen_name": "MisThang2u", "in_reply_to_status_id": 125447592233541634, "in_reply_to_user_id": 27562795, "lang": "en", "retweeted": false, "source": "<a href=\"http://twitter.com/download/iphone\" rel=\"nofollow\">Twitter for iPhone</a>", "text": "@MisThang2u nope they wouldn't even let me & my mom switch @apple she has an upgrade mine isn't do til march\ue058", "truncated": false, "user": {"created_at": "Fri Jul 22 23:23:07 +0000 2011", "favourites_count": 222, "followers_count": 166, "friends_count": 231, "id": 340592212, "lang": "en", "listed_count": 2, "name": "Dennine Crews", "profile_background_color": "C0DEED", "profile_background_image_url": "http://abs.twimg.com/images/themes/theme1/bg.png", "profile_background_tile": false, "profile_image_url": "https://pbs.twimg.com/profile_images/1632687893/image_normal.jpg", "profile_link_color": "0084B4", "profile_sidebar_fill_color": "DDEEF6", "profile_text_color": "333333", "protected": false, "screen_name": "ThicknZesty", "statuses_count": 2475}, "user_mentions": [{"id": 27562795, "name": "StylishNurse2U", "screen_name": "MisThang2u"}, {"id": 380749300, "name": "@apple", "screen_name": "Apple"}]}