{"created_at": "Sun Oct 16 08:37:39 +0000 2011", "favorited": false, "id": 125490577130258432, "in_reply_to_screen_name": "HAZI", "in_reply_to_status_id": 125490103375245313, "in_reply_to_user_id": 45662822, "lang": "ja", "retweeted": false, "source": "<a href=\"http://twitterrific.com\" rel=\"nofollow\">Twitterrific for Mac</a>", "text": "@HAZI \u30af\u30c3\u30af@apple.com\uff1f", "truncated": false, "user": {"created_at": "Fri Apr 27 05:28:20 +0000 2007", "description": "Designer. You can follow @nobtaka If you speak English.", "favourites_count": 2654, "followers_count": 857, "friends_count": 203, "geo_enabled": true, "id": 5545702, "lang": "en", "listed_count": 58, "location": "Tokyo", "name": "Nobtaka", "profile_background_color": "F2F2F2", "profile_background_image_url": "http://pbs.twimg.com/profile_background_images/378800000178721505/5pWwOVo7.jpeg", "profile_background_tile": false, "profile_image_url": "https://pbs.twimg.com/profile_images/468019866574680066/PYXFi0uC_normal.jpeg", "profile_link_color": "7D210A", "profile_sidebar_fill_color": "EDEDED", "profile_text_color": "333333", "protected": false, "screen_name": "NobtakaJP", "statuses_count": 22057, "time_zone": "Tokyo", "url": "http://t.co/0Mp2ubFyFI", "utc_offset": 32400}, "user_mentions": [{"id": 45662822, "name": "HAZI@\u30c7\u30d6\u30a8\u30c3\u30c8\u4e2d/58kg:13%", "screen_name": "HAZI"}, {"id": 380749300, "name": "@apple", "screen_name": "Apple"}]}