{"created_at": "Sun Oct 16 04:50:16 +0000 2011", "favorited": false, "id": 125433354488254464, "in_reply_to_screen_name": "Apple", "in_reply_to_user_id": 380749300, "lang": "en", "retweeted": false, "source": "<a href=\"http://twitter.com\" rel=\"nofollow\">Twitter Web Client</a>", "text": "@Apple iOS5 is all well and good and has nice new features, but I'm still waiting on an app that will go to work for me.", "truncated": false, "user": {"created_at": "Fri May 27 22:59:19 +0000 2011", "description": "Husband to @emgwynne, and father to a pretty awesome baby. For kicks, I'm a special education teacher @vvsd365u and director of #campcommotion @ccclife.", "favourites_count": 3, "followers_count": 115, "friends_count": 185, "geo_enabled": true, "id": 306466359, "lang": "en", "listed_count": 1, "location": "Illinois, USA", "name": "Dave Gwynne", "profile_background_color": "1A1B1F", "profile_background_image_url": "http://pbs.twimg.com/profile_background_images/260389493/dave1.jpg", "profile_background_tile": false, "profile_image_url": "https://pbs.twimg.com/profile_images/1538014963/image_normal.jpg", "profile_link_color": "110BCF", "profile_sidebar_fill_color": "C3D9C6", "profile_text_color": "1E7A96", "protected": false, "screen_name": "david_gwynne", "statuses_count": 803, "time_zone": "Central Time (US & Canada)", "utc_offset": -18000}, "user_mentions": [{"id": 380749300, "name": "@apple", "screen_name": "Apple"}]}