{"created_at": "Sun Oct 16 08:18:13 +0000 2011", "favorited": false, "id": 125485687339352064, "in_reply_to_screen_name": "Le_M_Poireau", "in_reply_to_status_id": 125484430629408768, "in_reply_to_user_id": 10330232, "lang": "fr", "retweeted": false, "source": "<a href=\"http://www.echofon.com/\" rel=\"nofollow\">Echofon</a>", "text": "@Le_M_Poireau Mais moi je voudrais pas que @apple donne mon fichier @LaLibreBe. Marre d'\u00eatre spamm\u00e9e par les journaux d\u00e9sesp\u00e9r\u00e9s.", "truncated": false, "user": {"created_at": "Fri Dec 18 13:16:25 +0000 2009", "description": "Excuse my French, but I'm in France, I'm just sayin'. In charge @3l3ctr0nlibr3 & @HautParleurHaut", "favourites_count": 138, "followers_count": 2712, "friends_count": 570, "geo_enabled": true, "id": 97663633, "lang": "fr", "listed_count": 153, "location": "Paris", "name": "Isabelle Szczepanski", "profile_background_color": "EDECE9", "profile_background_image_url": "http://pbs.twimg.com/profile_background_images/83392113/beid.jpg", "profile_background_tile": true, "profile_banner_url": "https://pbs.twimg.com/profile_banners/97663633/1367914838", "profile_image_url": "https://pbs.twimg.com/profile_images/444039529402732544/JdRiZrEj_normal.jpeg", "profile_link_color": "088253", "profile_sidebar_fill_color": "E3E2DE", "profile_text_color": "634047", "protected": false, "screen_name": "IsabelleOtto", "statuses_count": 52871, "time_zone": "Athens", "url": "http://t.co/x1Tssa9Zv3", "utc_offset": 10800}, "user_mentions": [{"id": 10330232, "name": "Le Monsieur Poireau", "screen_name": "Le_M_Poireau"}, {"id": 380749300, "name": "@apple", "screen_name": "Apple"}, {"id": 20043573, "name": "lalibre.be", "screen_name": "lalibrebe"}]}