{"created_at": "Sun Oct 16 03:18:05 +0000 2011", "favorited": false, "id": 125410153196560384, "lang": "en", "retweeted": false, "source": "<a href=\"https://about.twitter.com/products/tweetdeck\" rel=\"nofollow\">TweetDeck</a>", "text": "Dear @Apple iMessage client for desktop please :)", "truncated": false, "user": {"created_at": "Fri Mar 09 05:46:15 +0000 2007", "description": "Podcaster and host of 3 Podcasts. RSS junky, geek.", "favourites_count": 117, "followers_count": 789, "friends_count": 691, "geo_enabled": true, "id": 825071, "lang": "en", "listed_count": 64, "location": "Lismore, Australia", "name": "Dave Gray", "profile_background_color": "9AE4E8", "profile_background_image_url": "http://abs.twimg.com/images/themes/theme1/bg.png", "profile_background_tile": false, "profile_image_url": "https://pbs.twimg.com/profile_images/272338744/char_hercules_normal.jpg", "profile_link_color": "0000FF", "profile_sidebar_fill_color": "E0FF92", "profile_text_color": "000000", "protected": false, "screen_name": "The_Rooster", "statuses_count": 23673, "time_zone": "Sydney", "url": "http://t.co/O5gDtn2Jnc", "utc_offset": 36000}, "user_mentions": [{"id": 380749300, "name": "@apple", "screen_name": "Apple"}]}