{"created_at": "Sun Oct 16 03:07:20 +0000 2011", "favorited": false, "id": 125407447383937025, "in_reply_to_screen_name": "Apple", "in_reply_to_user_id": 380749300, "lang": "en", "retweeted": false, "source": "<a href=\"http://twitter.com\" rel=\"nofollow\">Twitter Web Client</a>", "text": "@apple WTF why can we not add the newsstand to a folder?! We are already in your walled garden, so please don't remind us of it.", "truncated": false, "user": {"created_at": "Sun Apr 13 21:20:24 +0000 2008", "description": "Marketing guy turned USC MBA.", "favourites_count": 2, "followers_count": 170, "friends_count": 280, "id": 14378042, "lang": "en", "listed_count": 2, "location": "San Diego", "name": "Branden", "profile_background_color": "322632", "profile_background_image_url": "http://pbs.twimg.com/profile_background_images/2529963/indian-ocean-may1-2.jpg", "profile_background_tile": true, "profile_image_url": "https://pbs.twimg.com/profile_images/54467386/greatwhite_normal.jpg", "profile_link_color": "CCCCCC", "profile_sidebar_fill_color": "322632", "profile_text_color": "666666", "protected": false, "screen_name": "BrandenW", "statuses_count": 1566, "time_zone": "Hawaii", "utc_offset": -36000}, "user_mentions": [{"id": 380749300, "name": "@apple", "screen_name": "Apple"}]}