{"created_at": "Sun Oct 16 04:47:23 +0000 2011", "favorited": false, "hashtags": ["Siri", "Jobs"], "id": 125432626482917376, "lang": "en", "retweeted": false, "source": "<a href=\"http://twitter.com/download/iphone\" rel=\"nofollow\">Twitter for iPhone</a>", "text": "As tribute to Steve @apple, i'd consider renaming #Siri to Steve - he'll get your #Jobs done!  Forever remembered for his legacy.", "truncated": false, "user": {"created_at": "Fri Mar 12 07:39:13 +0000 2010", "description": "Tempus fugit... Et tu, quo vadis?", "favourites_count": 1232, "followers_count": 290, "friends_count": 421, "geo_enabled": true, "id": 122302443, "lang": "en", "listed_count": 7, "name": "Patrick Kane", "profile_background_color": "C0DEED", "profile_background_image_url": "http://abs.twimg.com/images/themes/theme1/bg.png", "profile_background_tile": false, "profile_banner_url": "https://pbs.twimg.com/profile_banners/122302443/1366591981", "profile_image_url": "https://pbs.twimg.com/profile_images/1260149950/Frog_normal.JPG", "profile_link_color": "0084B4", "profile_sidebar_fill_color": "DDEEF6", "profile_text_color": "333333", "protected": false, "screen_name": "pkanez", "statuses_count": 1581, "time_zone": "Pacific Time (US & Canada)", "utc_offset": -25200}, "user_mentions": [{"id": 380749300, "name": "@apple", "screen_name": "Apple"}]}