{"created_at": "Sun Oct 16 14:55:16 +0000 2011", "favorited": false, "id": 125585606100267008, "lang": "en", "retweeted": false, "source": "<a href=\"http://twitter.com/download/iphone\" rel=\"nofollow\">Twitter for iPhone</a>", "text": "Impressive service @apple genius bar metro centre. Power cable replaced free n booked in for screen replacement for free :- D", "truncated": false, "user": {"created_at": "Sat Dec 20 22:09:44 +0000 2008", "description": "Researcher @ CODEC, DurhamUni - media, theology, digital culture, arts, literary theory, postmod, Church, Bible *** All views are personal", "favourites_count": 961, "followers_count": 3510, "friends_count": 1765, "geo_enabled": true, "id": 18273674, "lang": "en", "listed_count": 155, "location": "Durham, UK", "name": "pmphillips", "profile_background_color": "642D8B", "profile_background_image_url": "http://abs.twimg.com/images/themes/theme10/bg.gif", "profile_background_tile": true, "profile_banner_url": "https://pbs.twimg.com/profile_banners/18273674/1383515550", "profile_image_url": "https://pbs.twimg.com/profile_images/466521617523146752/BYOQ_qfR_normal.jpeg", "profile_link_color": "FF0000", "profile_sidebar_fill_color": "7AC3EE", "profile_text_color": "3D1957", "protected": false, "screen_name": "pmphillips", "statuses_count": 54573, "time_zone": "London", "url": "http://t.co/JFEjkD9Yc3", "utc_offset": 3600}, "user_mentions": [{"id": 380749300, "name": "@apple", "screen_name": "Apple"}]}