{"created_at": "Sun Oct 16 14:53:07 +0000 2011", "favorited": false, "id": 125585063327956992, "lang": "de", "retweeted": false, "source": "<a href=\"http://twitter.com\" rel=\"nofollow\">Twitter Web Client</a>", "text": "iOS 5 downloaden @apple", "truncated": false, "user": {"created_at": "Wed Jun 22 08:01:01 +0000 2011", "description": "Muziek luisterende :D", "favourites_count": 5, "followers_count": 41, "friends_count": 56, "geo_enabled": true, "id": 321867123, "lang": "nl", "location": "BoxaCity", "name": "Tim Koornstra", "profile_background_color": "C0DEED", "profile_background_image_url": "http://pbs.twimg.com/profile_background_images/423988510/grs-typography-back-1-470px.jpg", "profile_background_tile": true, "profile_image_url": "https://pbs.twimg.com/profile_images/378800000552288598/bc412d37f2b7f8678fffc0ceb3b7aeb2_normal.jpeg", "profile_link_color": "0084B4", "profile_sidebar_fill_color": "DDEEF6", "profile_text_color": "333333", "protected": false, "screen_name": "TimKoornstra", "statuses_count": 1814, "time_zone": "Amsterdam", "utc_offset": 7200}, "user_mentions": [{"id": 380749300, "name": "@apple", "screen_name": "Apple"}]}