{"created_at": "Sun Oct 16 15:34:20 +0000 2011", "favorited": false, "hashtags": ["itunes", "Iphone", "SteveJobs"], "id": 125595437938905088, "lang": "pt", "retweeted": false, "source": "<a href=\"http://twitter.com\" rel=\"nofollow\">Twitter Web Client</a>", "text": "O #itunes acaba de me avisar q esta dispon\u00edvel a vers\u00e3o 5 pra atualizar meu #Iphone 4. Como n\u00e3o cair de amores pela @apple e #SteveJobs ?!!", "truncated": false, "user": {"created_at": "Tue Dec 30 16:46:07 +0000 2008", "description": "Radialista, Mkt Jr, Social Media, Arq. Info diariamente das 09:00 \u00e0s 14:00), TV, 1001 coisas ao mesmo tempo.One Heart Borns To Run.", "favourites_count": 2845, "followers_count": 1731, "friends_count": 746, "geo_enabled": true, "id": 18481221, "lang": "en", "listed_count": 22, "location": "Brasil, Minas Gerais", "name": "michelefernanda", "profile_background_color": "0064C2", "profile_background_image_url": "http://pbs.twimg.com/profile_background_images/554867965/faithnomore_swu_fmoraes_fmo_111.jpg", "profile_background_tile": true, "profile_banner_url": "https://pbs.twimg.com/profile_banners/18481221/1353843787", "profile_image_url": "https://pbs.twimg.com/profile_images/3298008241/986de540e272dd0a703e61e11d2bbda7_normal.jpeg", "profile_link_color": "089BCC", "profile_sidebar_fill_color": "FF4A0B", "profile_text_color": "FEF5E4", "protected": false, "screen_name": "MicheleFernanda", "statuses_count": 28026, "time_zone": "Brasilia", "url": "http://t.co/K7P0RavkIj", "utc_offset": -10800}, "user_mentions": [{"id": 380749300, "name": "@apple", "screen_name": "Apple"}]}