{"created_at": "Sun Oct 16 14:47:46 +0000 2011", "favorited": false, "hashtags": ["Siri", "iphone4s"], "id": 125583717354831872, "in_reply_to_screen_name": "Apple", "in_reply_to_user_id": 380749300, "lang": "en", "retweeted": false, "source": "<a href=\"http://twitter.com/download/iphone\" rel=\"nofollow\">Twitter for iPhone</a>", "text": "@apple no Siri support for Canada sucks #Siri but loving the new iPhone upgrade from my 3GS #iphone4s", "truncated": false, "user": {"created_at": "Sun Aug 21 16:05:06 +0000 2011", "description": "When im not rocking out the rockface im rocking out the stage as a sound guy", "favourites_count": 4, "followers_count": 57, "friends_count": 67, "id": 359442753, "lang": "en", "listed_count": 3, "location": "Hamilton Ontario", "name": "Tyler Rotsaert", "profile_background_color": "BFADA2", "profile_background_image_url": "http://pbs.twimg.com/profile_background_images/325400828/x28de08feb51df25e3fc267a6cc35551.jpg", "profile_background_tile": false, "profile_image_url": "https://pbs.twimg.com/profile_images/1544864848/298168_10150267186382896_680067895_7934048_2656584_n_normal.jpg", "profile_link_color": "8EBF92", "profile_sidebar_fill_color": "54A198", "profile_text_color": "E3D9B1", "protected": false, "screen_name": "trotsaert", "statuses_count": 352, "time_zone": "Quito", "utc_offset": -18000}, "user_mentions": [{"id": 380749300, "name": "@apple", "screen_name": "Apple"}]}