{"created_at": "Sun Oct 16 15:07:45 +0000 2011", "favorited": false, "hashtags": ["siri"], "id": 125588749454278656, "lang": "en", "retweeted": false, "source": "<a href=\"http://ubersocial.com\" rel=\"nofollow\">UberSocial for BlackBerry</a>", "text": "Thanks @apple my girlfriend likes #siri more than me now.", "truncated": false, "user": {"created_at": "Thu Apr 30 04:57:21 +0000 2009", "description": "Its more fun to be a pirate than join the Navy - Steve Jobs", "favourites_count": 223, "followers_count": 457, "friends_count": 412, "geo_enabled": true, "id": 36600088, "lang": "en", "listed_count": 4, "location": "Cincinnati, OH", "name": "Clay", "profile_background_color": "6A6C6E", "profile_background_image_url": "http://pbs.twimg.com/profile_background_images/169439497/thecarycollection20100726_0034a.jpg", "profile_background_tile": false, "profile_image_url": "https://pbs.twimg.com/profile_images/1725767954/IMG_4650_normal.jpg", "profile_link_color": "000000", "profile_sidebar_fill_color": "BDBBBD", "profile_text_color": "000000", "protected": false, "screen_name": "ClayJamison", "statuses_count": 7676, "time_zone": "Quito", "url": "http://t.co/kHwj37qpbT", "utc_offset": -18000}, "user_mentions": [{"id": 380749300, "name": "@apple", "screen_name": "Apple"}]}