{"created_at": "Sun Oct 16 12:17:33 +0000 2011", "favorited": false, "id": 125545914864640000, "lang": "en", "retweeted": false, "source": "<a href=\"http://www.facebook.com/twitter\" rel=\"nofollow\">Facebook</a>", "text": "MacBook Pros constrained, new models appear in Apple\u2019s inventory system @apple @macbookpro... http://t.co/blGr9Ue5", "truncated": false, "urls": {"http://t.co/blGr9Ue5": "http://fb.me/11TyojhUG"}, "user": {"created_at": "Wed Dec 15 20:04:50 +0000 2010", "description": "iOS Development & Consulting (@iPhone, @iPad, @iPodTouch)", "followers_count": 4, "friends_count": 15, "id": 227055928, "lang": "en", "listed_count": 1, "name": "ErgonDesign.net", "profile_background_color": "1A1B1F", "profile_background_image_url": "http://abs.twimg.com/images/themes/theme9/bg.gif", "profile_background_tile": false, "profile_image_url": "https://pbs.twimg.com/profile_images/378800000156068109/e6f697e8c14d38474ef4da5b0fc8f4de_normal.png", "profile_link_color": "2FC2EF", "profile_sidebar_fill_color": "252429", "profile_text_color": "666666", "protected": false, "screen_name": "ErgonDesign_net", "statuses_count": 245, "time_zone": "Athens", "url": "http://t.co/sOCPnVKvBQ", "utc_offset": 10800}, "user_mentions": [{"id": 380749300, "name": "@apple", "screen_name": "Apple"}, {"id": 8085192, "name": "MacBookPro", "screen_name": "MacBookPro"}]}