{"created_at": "Sun Oct 16 11:58:28 +0000 2011", "favorited": false, "id": 125541112491425792, "in_reply_to_screen_name": "Apple", "in_reply_to_user_id": 380749300, "lang": "en", "retweeted": false, "source": "<a href=\"http://twitter.com/download/iphone\" rel=\"nofollow\">Twitter for iPhone</a>", "text": "@apple Give Siri back!", "truncated": false, "user": {"created_at": "Fri Dec 10 15:17:00 +0000 2010", "description": "(2D/3D) Animation | Motion Graphics | Logo Builds | Rigging (Maya/AE) | Compositing | 3D Modeling", "favourites_count": 71, "followers_count": 33, "friends_count": 38, "id": 225054300, "lang": "en", "listed_count": 3, "location": "US", "name": "St. John Peaster", "profile_background_color": "1A1B1F", "profile_background_image_url": "http://abs.twimg.com/images/themes/theme9/bg.gif", "profile_background_tile": false, "profile_image_url": "https://pbs.twimg.com/profile_images/1487272216/image_normal.jpg", "profile_link_color": "2FC2EF", "profile_sidebar_fill_color": "252429", "profile_text_color": "666666", "protected": false, "screen_name": "StReeT_John", "statuses_count": 466, "time_zone": "Quito", "url": "http://t.co/2jiRdNeLvr", "utc_offset": -18000}, "user_mentions": [{"id": 380749300, "name": "@apple", "screen_name": "Apple"}]}