{"created_at": "Sun Oct 16 14:46:27 +0000 2011", "favorited": false, "hashtags": ["iPhone"], "id": 125583385895768064, "lang": "en", "retweeted": false, "source": "<a href=\"http://twitter.com/download/iphone\" rel=\"nofollow\">Twitter for iPhone</a>", "text": "Smashed yet another #iPhone screen. When are @apple gonna make the phone more durable!!! Tired of fixing it myself!!!", "truncated": false, "user": {"created_at": "Thu Aug 04 03:18:09 +0000 2011", "favourites_count": 9, "followers_count": 14, "friends_count": 32, "geo_enabled": true, "id": 348244111, "lang": "en", "name": "Jason_M", "profile_background_color": "C0DEED", "profile_background_image_url": "http://abs.twimg.com/images/themes/theme1/bg.png", "profile_background_tile": false, "profile_image_url": "https://pbs.twimg.com/profile_images/1565687477/image_normal.jpg", "profile_link_color": "0084B4", "profile_sidebar_fill_color": "DDEEF6", "profile_text_color": "333333", "protected": false, "screen_name": "jasonmoodie", "statuses_count": 484}, "user_mentions": [{"id": 380749300, "name": "@apple", "screen_name": "Apple"}]}