{"created_at": "Sun Oct 16 15:50:10 +0000 2011", "favorited": false, "id": 125599423131697154, "lang": "en", "retweeted": false, "source": "<a href=\"https://about.twitter.com/products/tweetdeck\" rel=\"nofollow\">TweetDeck</a>", "text": "Why is the new @apple iPhone OS duplicating all my iCal events? There's 2 of everything. How do I fix it? (tried turning iCloud off)", "truncated": false, "user": {"created_at": "Thu Feb 26 20:54:28 +0000 2009", "description": "art direction + design \u00b7 aesthete \u00b7 food + dining enthusiast \u00b7 brooklyn veteran \u00b7 dog lover \u00b7 great design is borderless", "favourites_count": 99, "followers_count": 1819, "friends_count": 1103, "id": 22060427, "lang": "en", "listed_count": 142, "location": "toronto+", "name": "catherine mangosing", "profile_background_color": "FFFFFF", "profile_background_image_url": "http://pbs.twimg.com/profile_background_images/4874715/MOKU040_sm.jpg", "profile_background_tile": true, "profile_banner_url": "https://pbs.twimg.com/profile_banners/22060427/1371650046", "profile_image_url": "https://pbs.twimg.com/profile_images/3329435332/78bab1a0093921932fdb58d13f9aa434_normal.jpeg", "profile_link_color": "0084B4", "profile_sidebar_fill_color": "D9D9D9", "profile_text_color": "333333", "protected": false, "screen_name": "myturtleneck", "statuses_count": 19002, "time_zone": "Eastern Time (US & Canada)", "url": "http://t.co/0YLQGjpR11", "utc_offset": -14400}, "user_mentions": [{"id": 380749300, "name": "@apple", "screen_name": "Apple"}]}