{"created_at": "Sun Oct 16 15:18:25 +0000 2011", "favorited": false, "id": 125591434056318977, "in_reply_to_screen_name": "Apple", "in_reply_to_user_id": 380749300, "lang": "en", "retweeted": false, "source": "<a href=\"http://www.hootsuite.com\" rel=\"nofollow\">Hootsuite</a>", "text": "@apple @AppStore @ihelpline when r u going to provide the ability to password protect iPad email???", "truncated": false, "user": {"created_at": "Fri Jun 20 11:00:59 +0000 2008", "description": "Software engineer", "favourites_count": 20, "followers_count": 689, "friends_count": 2000, "geo_enabled": true, "id": 15178679, "lang": "en", "listed_count": 11, "location": "\u00dcT: 41.566495,-81.448403", "name": "Partha ", "profile_background_color": "0099B9", "profile_background_image_url": "http://abs.twimg.com/images/themes/theme4/bg.gif", "profile_background_tile": false, "profile_banner_url": "https://pbs.twimg.com/profile_banners/15178679/1398887751", "profile_image_url": "https://pbs.twimg.com/profile_images/504387503/partha_closeup1_normal.jpg", "profile_link_color": "0099B9", "profile_sidebar_fill_color": "95E8EC", "profile_text_color": "3C3940", "protected": false, "screen_name": "mcp111", "statuses_count": 7784, "time_zone": "Eastern Time (US & Canada)", "url": "http://t.co/UCf1JnfADX", "utc_offset": -14400}, "user_mentions": [{"id": 380749300, "name": "@apple", "screen_name": "Apple"}, {"id": 74594552, "name": "App Store ", "screen_name": "AppStore"}, {"id": 325074505, "name": "iHelpline", "screen_name": "iHelpline"}]}