{"created_at": "Sun Oct 16 09:20:11 +0000 2011", "favorited": false, "id": 125501281753251840, "in_reply_to_screen_name": "Apple", "in_reply_to_user_id": 380749300, "lang": "en", "retweeted": false, "source": "<a href=\"http://twitter.com/download/iphone\" rel=\"nofollow\">Twitter for iPhone</a>", "text": "@apple iOS 5 upgrade done ...... Much better feature..... Few more feature required", "truncated": false, "user": {"created_at": "Sun Feb 14 05:59:22 +0000 2010", "description": "Friendly Demon", "favourites_count": 1, "followers_count": 64, "friends_count": 142, "geo_enabled": true, "id": 114118776, "lang": "en", "listed_count": 1, "location": "Mumbai", "name": "Soumyadeep Basak", "profile_background_color": "022330", "profile_background_image_url": "http://abs.twimg.com/images/themes/theme15/bg.png", "profile_background_tile": false, "profile_image_url": "https://pbs.twimg.com/profile_images/1682396447/6434596841_8f6cf9d366_b_normal.jpg", "profile_link_color": "0084B4", "profile_sidebar_fill_color": "C0DFEC", "profile_text_color": "333333", "protected": false, "screen_name": "soumyadeer83", "statuses_count": 171, "time_zone": "Mumbai", "utc_offset": 19800}, "user_mentions": [{"id": 380749300, "name": "@apple", "screen_name": "Apple"}]}