{"created_at": "Sun Oct 16 11:46:04 +0000 2011", "favorited": false, "id": 125537993942515712, "in_reply_to_screen_name": "RickySinghPT", "in_reply_to_user_id": 155009752, "lang": "en", "retweet_count": 1, "retweeted": false, "source": "<a href=\"http://twitter.com/download/iphone\" rel=\"nofollow\">Twitter for iPhone</a>", "text": "@RickySinghPT got a new backside for my eye phone! V impressed with @apple", "truncated": false, "user": {"created_at": "Thu Jul 23 00:43:50 +0000 2009", "description": "Building & engaging communities. Lover of tech, marketing & cheesecakes. Allergic to -vity. Founded @chaynorg. CommunityM for @opencorporates & @wikimanialondon", "favourites_count": 1163, "followers_count": 2553, "friends_count": 2596, "id": 59307246, "lang": "en", "listed_count": 117, "location": "London", "name": "Hera Hussain", "profile_background_color": "F2C335", "profile_background_image_url": "http://pbs.twimg.com/profile_background_images/689522384/4bf2e207b6f6aeff832a182f39620d92.jpeg", "profile_background_tile": false, "profile_banner_url": "https://pbs.twimg.com/profile_banners/59307246/1401594932", "profile_image_url": "https://pbs.twimg.com/profile_images/472950394071429122/Ju97nzB1_normal.jpeg", "profile_link_color": "5E412F", "profile_sidebar_fill_color": "78C0A8", "profile_text_color": "CE7834", "protected": false, "screen_name": "herahussain", "statuses_count": 17234, "time_zone": "Edinburgh", "url": "http://t.co/7R9HL9pAuO", "utc_offset": 3600}, "user_mentions": [{"id": 155009752, "name": "ricky singh", "screen_name": "RickySinghPT"}, {"id": 380749300, "name": "@apple", "screen_name": "Apple"}]}