{"created_at": "Sun Oct 16 11:07:44 +0000 2011", "favorited": false, "id": 125528344480587776, "lang": "en", "retweeted": false, "source": "<a href=\"http://www.apple.com\" rel=\"nofollow\">Photos on iOS</a>", "text": "Bouquet for Jobs @Apple Store Nagoya http://t.co/pmEcxPug", "truncated": false, "user": {"created_at": "Sun May 16 08:22:50 +0000 2010", "followers_count": 12, "friends_count": 14, "geo_enabled": true, "id": 144434853, "lang": "ja", "name": "takao", "profile_background_color": "C0DEED", "profile_background_image_url": "http://abs.twimg.com/images/themes/theme1/bg.png", "profile_background_tile": false, "profile_image_url": "https://abs.twimg.com/sticky/default_profile_images/default_profile_3_normal.png", "profile_link_color": "0084B4", "profile_sidebar_fill_color": "DDEEF6", "profile_text_color": "333333", "protected": false, "screen_name": "cottonfeeling", "statuses_count": 31}, "user_mentions": [{"id": 380749300, "name": "@apple", "screen_name": "Apple"}]}