{"created_at": "Sun Oct 16 09:21:22 +0000 2011", "favorited": false, "id": 125501576952553472, "lang": "en", "retweeted": false, "source": "<a href=\"http://itunes.apple.com/us/app/twitter/id409789998?mt=12\" rel=\"nofollow\">Twitter for Mac</a>", "text": "Using my awsome iPad... I love it. I love my MacBook too and my iPod. It's all amazing! I love @apple", "truncated": false, "user": {"created_at": "Sun Jan 03 00:19:14 +0000 2010", "favourites_count": 1, "followers_count": 103, "friends_count": 584, "geo_enabled": true, "id": 101349719, "lang": "en", "listed_count": 1, "name": "MaxDeCico", "profile_background_color": "C0DEED", "profile_background_image_url": "http://pbs.twimg.com/profile_background_images/324750702/28.jpg", "profile_background_tile": false, "profile_image_url": "https://pbs.twimg.com/profile_images/2425479373/d6gv2cndetqetqv5tszu_normal.jpeg", "profile_link_color": "007CE8", "profile_sidebar_fill_color": "DDEEF6", "profile_text_color": "333333", "protected": false, "screen_name": "maxdecico", "statuses_count": 1495, "time_zone": "Zagreb", "url": "http://t.co/1JSthGXfVD", "utc_offset": 7200}, "user_mentions": [{"id": 380749300, "name": "@apple", "screen_name": "Apple"}]}