{"created_at": "Sun Oct 16 11:30:28 +0000 2011", "favorited": false, "hashtags": ["Deal", "Schn\u00e4ppchen"], "id": 125534067495141376, "lang": "de", "retweeted": false, "source": "<a href=\"http://www.bravenewcode.com/products/wordtwit\" rel=\"nofollow\">WordTwit Plugin</a>", "text": "#Deal & #Schn\u00e4ppchen Update: [iPad] iPad 1. Generation general\u00fcberholt ab 389 \u20ac @Apple - http://t.co/xDtdZurD", "truncated": false, "urls": {"http://t.co/xDtdZurD": "http://tinyurl.com/3rkupmo"}, "user": {"created_at": "Thu Jul 01 19:32:30 +0000 2010", "description": "Alle Deals und Schn\u00e4ppchen auf einer Seite f\u00fcr euch gesammelt", "followers_count": 267, "id": 161784873, "lang": "de", "listed_count": 13, "name": "RSSDeals", "profile_background_color": "C0DEED", "profile_background_image_url": "http://abs.twimg.com/images/themes/theme1/bg.png", "profile_background_tile": false, "profile_image_url": "https://pbs.twimg.com/profile_images/1082886859/logo-slogan-klein_normal.jpg", "profile_link_color": "0084B4", "profile_sidebar_fill_color": "DDEEF6", "profile_text_color": "333333", "protected": false, "screen_name": "rssdeals", "statuses_count": 84368, "time_zone": "Amsterdam", "url": "http://t.co/xXs59udXkg", "utc_offset": 7200}, "user_mentions": [{"id": 380749300, "name": "@apple", "screen_name": "Apple"}]}