{"created_at": "Sun Oct 16 11:44:04 +0000 2011", "favorited": false, "id": 125537487455137793, "in_reply_to_screen_name": "Apple", "in_reply_to_user_id": 380749300, "lang": "en", "retweeted": false, "source": "<a href=\"http://twitter.com\" rel=\"nofollow\">Twitter Web Client</a>", "text": "@Apple has lunched its new OS: iSO 5", "truncated": false, "user": {"created_at": "Sat Sep 12 03:57:13 +0000 2009", "description": "Egypt's 1st online retailer. Offering The best selection of..Technology products.", "favourites_count": 4, "followers_count": 370, "friends_count": 119, "id": 73564755, "lang": "en", "listed_count": 15, "location": "Egypt", "name": "e3050", "profile_background_color": "F2F7F7", "profile_background_image_url": "http://pbs.twimg.com/profile_background_images/778348627/bfb0880a5004ecfd18a80edb35a3ba0f.png", "profile_background_tile": true, "profile_banner_url": "https://pbs.twimg.com/profile_banners/73564755/1359636145", "profile_image_url": "https://pbs.twimg.com/profile_images/1288999860/Untitled-4_normal.png", "profile_link_color": "587370", "profile_sidebar_fill_color": "B9D8D6", "profile_text_color": "4D918A", "protected": false, "screen_name": "e3050", "statuses_count": 1612, "time_zone": "Cairo", "url": "http://t.co/lftT3NE0C6", "utc_offset": 7200}, "user_mentions": [{"id": 380749300, "name": "@apple", "screen_name": "Apple"}]}