{"created_at": "Sun Oct 16 15:07:07 +0000 2011", "favorited": false, "id": 125588587180863489, "in_reply_to_screen_name": "Apple", "in_reply_to_user_id": 380749300, "lang": "en", "retweeted": false, "source": "<a href=\"http://www.facebook.com/twitter\" rel=\"nofollow\">Facebook</a>", "text": "@Apple store dude \"i hear an accent where ru from?\" me \"no from ct, but ur not 1st 2 tell me that\" dude \"maybe its... http://t.co/93Ztje8p", "truncated": false, "urls": {"http://t.co/93Ztje8p": "http://fb.me/AspKlArf"}, "user": {"created_at": "Mon Mar 01 18:38:00 +0000 2010", "description": "Host, IFBB Bikini Pro, Universal Sponsored Athlete, Professional American; straight off the Mayflower. Keepin' it Authentic...", "favourites_count": 961, "followers_count": 4028, "friends_count": 599, "id": 118779075, "lang": "en", "listed_count": 49, "location": "America ", "name": "Callie Bundy", "profile_background_color": "B2DFDA", "profile_background_image_url": "http://pbs.twimg.com/profile_background_images/446362548397289473/x6Nm44Ts.jpeg", "profile_background_tile": false, "profile_banner_url": "https://pbs.twimg.com/profile_banners/118779075/1395799811", "profile_image_url": "https://pbs.twimg.com/profile_images/451865014656585728/xd5wxBlP_normal.jpeg", "profile_link_color": "93A644", "profile_sidebar_fill_color": "FFFFFF", "profile_text_color": "333333", "protected": false, "screen_name": "CallieBundy", "statuses_count": 10381, "time_zone": "Central Time (US & Canada)", "url": "http://t.co/KpAFYtGSR0", "utc_offset": -18000}, "user_mentions": [{"id": 380749300, "name": "@apple", "screen_name": "Apple"}]}