{"created_at": "Sun Oct 16 15:35:15 +0000 2011", "favorited": false, "hashtags": ["Win", "PampersHelloApps"], "id": 125595669145722880, "lang": "en", "retweeted": false, "source": "<a href=\"http://twitter.com\" rel=\"nofollow\">Twitter Web Client</a>", "text": "#Win an @Apple iPod Touch from @Mommy_gaga, get the @Pampers Hello World Baby Memories App! http://t.co/8MaDmqPc #PampersHelloApps", "truncated": false, "urls": {"http://t.co/8MaDmqPc": "http://bit.ly/p5FaLB"}, "user": {"created_at": "Sat Jul 16 03:12:12 +0000 2011", "description": "Bilingual mommy of 3 who loves photography, baking, crafts, great deals, and giveaways....beware i tweet alot ;) twitter jail account @angelgeniusjail", "favourites_count": 583, "followers_count": 795, "friends_count": 2001, "id": 336321419, "lang": "en", "listed_count": 26, "name": "Betty B.", "profile_background_color": "C0DEED", "profile_background_image_url": "http://pbs.twimg.com/profile_background_images/378800000162478239/nOPdwQ2C.jpeg", "profile_background_tile": false, "profile_banner_url": "https://pbs.twimg.com/profile_banners/336321419/1370437900", "profile_image_url": "https://pbs.twimg.com/profile_images/419500971157237761/UhwDAHOH_normal.jpeg", "profile_link_color": "0084B4", "profile_sidebar_fill_color": "DDEEF6", "profile_text_color": "333333", "protected": false, "screen_name": "angelgenius27", "statuses_count": 64285, "time_zone": "Eastern Time (US & Canada)", "utc_offset": -14400}, "user_mentions": [{"id": 380749300, "name": "@apple", "screen_name": "Apple"}, {"id": 44436909, "name": "Deanna, mommyGAGA", "screen_name": "Mommy_Gaga"}, {"id": 54548089, "name": "Pampers", "screen_name": "Pampers"}]}