{"created_at": "Sun Oct 16 15:13:29 +0000 2011", "favorited": false, "hashtags": ["iTouch"], "id": 125590191502131200, "in_reply_to_screen_name": "Apple", "in_reply_to_user_id": 380749300, "lang": "no", "retweeted": false, "source": "<a href=\"http://twitter.com\" rel=\"nofollow\">Twitter Web Client</a>", "text": "@apple pratet om en versjon av iPod touch til barn. De ombestemte seg da tittelen n\u00e6rmet seg #iTouch Kids.", "truncated": false, "user": {"created_at": "Wed Apr 21 13:48:52 +0000 2010", "description": "I has no idea what I'm doing!", "favourites_count": 1060, "followers_count": 107, "friends_count": 239, "geo_enabled": true, "id": 135502971, "lang": "en", "listed_count": 1, "location": "Bod\u00f8 // Oslo", "name": "Michelle Brenden", "profile_background_color": "1A1B1F", "profile_background_image_url": "http://abs.twimg.com/images/themes/theme9/bg.gif", "profile_background_tile": false, "profile_banner_url": "https://pbs.twimg.com/profile_banners/135502971/1401221830", "profile_image_url": "https://pbs.twimg.com/profile_images/471375266275524608/vFxS4Jb9_normal.jpeg", "profile_link_color": "08A4D4", "profile_sidebar_fill_color": "252429", "profile_text_color": "666666", "protected": false, "screen_name": "michellebrenden", "statuses_count": 2945, "url": "http://t.co/Hv5aFEgiL3"}, "user_mentions": [{"id": 380749300, "name": "@apple", "screen_name": "Apple"}]}