{"created_at": "Sun Oct 16 13:23:10 +0000 2011", "favorited": false, "id": 125562428200202240, "lang": "en", "retweet_count": 1, "retweeted": false, "retweeted_status": {"created_at": "Sun Oct 16 13:21:16 +0000 2011", "favorited": false, "id": 125561950376701952, "lang": "en", "retweet_count": 1, "retweeted": false, "source": "<a href=\"https://about.twitter.com/products/tweetdeck\" rel=\"nofollow\">TweetDeck</a>", "text": "the nice guy at the @apple store replaced my phone gratis when I showed him the hairline  crack on the screen. thanks @apple", "truncated": false, "user": {"created_at": "Sat Oct 27 13:02:03 +0000 2007", "description": "Reinvention of Marketing and Work. Be clear, be excellent, be kind. [VP Marketing @JostleMe]", "favourites_count": 709, "followers_count": 2871, "friends_count": 2753, "id": 9733542, "lang": "en", "listed_count": 270, "location": "D.C. Metro (burbs)", "name": "deb louison lavoy", "profile_background_color": "709397", "profile_background_image_url": "http://abs.twimg.com/images/themes/theme6/bg.gif", "profile_background_tile": false, "profile_image_url": "https://pbs.twimg.com/profile_images/378800000302060353/431fa91f9aa4bc1515f8ffaae9f79768_normal.jpeg", "profile_link_color": "FF3300", "profile_sidebar_fill_color": "A0C5C7", "profile_text_color": "333333", "protected": false, "screen_name": "deb_lavoy", "statuses_count": 18996, "time_zone": "Eastern Time (US & Canada)", "url": "http://t.co/FTkTOprmkE", "utc_offset": -14400}, "user_mentions": [{"id": 380749300, "name": "@apple", "screen_name": "Apple"}, {"id": 380749300, "name": "@apple", "screen_name": "Apple"}]}, "source": "<a href=\"http://twitter.com\" rel=\"nofollow\">Twitter Web Client</a>", "text": "RT @deb_lavoy: the nice guy at the @apple store replaced my phone gratis when I showed him the hairline  crack on the screen. thanks @apple", "truncated": false, "user": {"created_at": "Mon Apr 28 22:07:32 +0000 2008", "description": "What makes me want to go hum: Collaboration, Creativity, Curiosity, Conversation, Critical Thinking, Cosmology http://t.co/QCnBblJgS1 #glassexplorers @GovLab", "favourites_count": 1916, "followers_count": 3317, "friends_count": 3427, "geo_enabled": true, "id": 14576426, "lang": "en", "listed_count": 225, "location": "\u00dcT: 30.226107,-98.679588", "name": "Carmen A. Medina", "profile_background_color": "BFA8CF", "profile_background_image_url": "http://pbs.twimg.com/profile_background_images/78175527/procesionales.jpg", "profile_background_tile": true, "profile_banner_url": "https://pbs.twimg.com/profile_banners/14576426/1358181748", "profile_image_url": "https://pbs.twimg.com/profile_images/435409928136572928/OURQazuM_normal.jpeg", "profile_link_color": "120101", "profile_sidebar_fill_color": "EBF2F5", "profile_text_color": "103D24", "protected": false, "screen_name": "milouness", "statuses_count": 28396, "time_zone": "Eastern Time (US & Canada)", "url": "http://t.co/lIrwPvJStg", "utc_offset": -14400}, "user_mentions": [{"id": 9733542, "name": "deb louison lavoy", "screen_name": "deb_lavoy"}, {"id": 380749300, "name": "@apple", "screen_name": "Apple"}, {"id": 380749300, "name": "@apple", "screen_name": "Apple"}]}