{"created_at": "Sun Oct 16 10:50:53 +0000 2011", "favorited": false, "id": 125524107386302465, "lang": "en", "retweeted": false, "source": "<a href=\"http://twitter.com/download/iphone\" rel=\"nofollow\">Twitter for iPhone</a>", "text": "Thank you @apple for making my iPad 2 feel like new again with your new iOS 5!", "truncated": false, "user": {"created_at": "Wed Aug 04 22:06:21 +0000 2010", "description": "\u200fliving like there is no tomorrow, planing as tomorrow is inevitable.. Football, cycling, photography and a petrol head", "favourites_count": 22, "followers_count": 122, "friends_count": 151, "geo_enabled": true, "id": 174812528, "lang": "en", "listed_count": 3, "location": "Dubai, UAE", "name": "Majed Al Nasser", "profile_background_color": "C0DEED", "profile_background_image_url": "http://abs.twimg.com/images/themes/theme1/bg.png", "profile_background_tile": false, "profile_banner_url": "https://pbs.twimg.com/profile_banners/174812528/1350541840", "profile_image_url": "https://pbs.twimg.com/profile_images/2240546324/IMG_4357_normal.jpg", "profile_link_color": "0084B4", "profile_sidebar_fill_color": "DDEEF6", "profile_text_color": "333333", "protected": false, "screen_name": "Ma_alnasser", "statuses_count": 2181, "time_zone": "Abu Dhabi", "utc_offset": 14400}, "user_mentions": [{"id": 380749300, "name": "@apple", "screen_name": "Apple"}]}