{"created_at": "Sun Oct 16 14:59:33 +0000 2011", "favorited": false, "hashtags": ["android", "iOS5"], "id": 125586682790674434, "in_reply_to_screen_name": "CoLDSToRAGE", "in_reply_to_status_id": 125492707631185920, "in_reply_to_user_id": 19191002, "lang": "en", "retweeted": false, "source": "<a href=\"http://twitter.com/download/iphone\" rel=\"nofollow\">Twitter for iPhone</a>", "text": "@CoLDSToRAGE Haven't had a chance to check out the #android overhaul but ebooks are likely a response to @apple newsstand baked into #iOS5", "truncated": false, "user": {"created_at": "Tue Dec 02 01:25:22 +0000 2008", "description": "Here's what I do: design & photography. Here's what I like: Saint Louis, cycling & aeroplanes.", "favourites_count": 1, "followers_count": 281, "friends_count": 198, "id": 17795458, "lang": "en", "listed_count": 18, "location": "Saint Louis, USA", "name": "John Anderson", "profile_background_color": "FAFAFA", "profile_background_image_url": "http://pbs.twimg.com/profile_background_images/86228934/blue.png", "profile_background_tile": false, "profile_banner_url": "https://pbs.twimg.com/profile_banners/17795458/1361578565", "profile_image_url": "https://pbs.twimg.com/profile_images/3293759806/0ab4ff41be31152024d420b3e0171621_normal.png", "profile_link_color": "4294CE", "profile_sidebar_fill_color": "EFEFEF", "profile_text_color": "5973DB", "protected": false, "screen_name": "JRileyd", "statuses_count": 1434, "time_zone": "Central Time (US & Canada)", "url": "http://t.co/SHjlISZ0Ni", "utc_offset": -18000}, "user_mentions": [{"id": 19191002, "name": "CoLD SToRAGE", "screen_name": "CoLDSToRAGE"}, {"id": 380749300, "name": "@apple", "screen_name": "Apple"}]}