{"created_at": "Sun Oct 16 15:46:29 +0000 2011", "favorited": false, "hashtags": ["nobigdeal"], "id": 125598495137726464, "in_reply_to_screen_name": "Apple", "in_reply_to_user_id": 380749300, "lang": "en", "retweeted": false, "source": "<a href=\"http://twitter.com\" rel=\"nofollow\">Twitter Web Client</a>", "text": "@Apple, feel free to accidently ship me a new iPhone 4s #nobigdeal", "truncated": false, "user": {"created_at": "Mon May 04 11:05:17 +0000 2009", "description": "The best is yet to come #TXST #PreDent", "favourites_count": 74, "followers_count": 646, "friends_count": 294, "geo_enabled": true, "id": 37637698, "lang": "en", "name": "Shanna Rafford", "profile_background_color": "FF8080", "profile_background_image_url": "http://pbs.twimg.com/profile_background_images/709912846/fe14b58f3d5c7fdedb60214f815989e7.jpeg", "profile_background_tile": false, "profile_banner_url": "https://pbs.twimg.com/profile_banners/37637698/1391921075", "profile_image_url": "https://pbs.twimg.com/profile_images/458439363160862720/-f_bsTKu_normal.jpeg", "profile_link_color": "C2A827", "profile_sidebar_fill_color": "B375FA", "profile_text_color": "FF93E8", "protected": false, "screen_name": "ShannaBreanne", "statuses_count": 5444, "time_zone": "Central Time (US & Canada)", "utc_offset": -18000}, "user_mentions": [{"id": 380749300, "name": "@apple", "screen_name": "Apple"}]}