{"created_at": "Sun Oct 16 12:23:02 +0000 2011", "favorited": false, "hashtags": ["Blackberry"], "id": 125547297072357376, "lang": "en", "retweeted": false, "source": "<a href=\"http://www.hootsuite.com\" rel=\"nofollow\">Hootsuite</a>", "text": "It would have taken me 15 mins to write this with my #Blackberry. Thank u @Apple 4s for converting me and showing me the grass is greener!", "truncated": false, "user": {"created_at": "Wed Jun 03 17:35:56 +0000 2009", "description": "Ambassador for Monster.com, Live at intersection of digital and print classifieds, social media, recruitment advertising.  I'll travel anywhere at least once!", "favourites_count": 35, "followers_count": 221, "friends_count": 592, "id": 44408509, "lang": "en", "listed_count": 12, "location": "Philadelphia, PA", "name": "Alex Smith", "profile_background_color": "9AE4E8", "profile_background_image_url": "http://abs.twimg.com/images/themes/theme16/bg.gif", "profile_background_tile": false, "profile_image_url": "https://pbs.twimg.com/profile_images/1127575720/Asmithresizee_normal.jpg", "profile_link_color": "0084B4", "profile_sidebar_fill_color": "DDFFCC", "profile_text_color": "333333", "protected": false, "screen_name": "asmith202", "statuses_count": 297, "time_zone": "Hawaii", "url": "http://www.monster.com", "utc_offset": -36000}, "user_mentions": [{"id": 380749300, "name": "@apple", "screen_name": "Apple"}]}