{"created_at": "Sun Oct 16 15:46:18 +0000 2011", "favorited": false, "hashtags": ["ios5", "gr"], "id": 125598450090917888, "lang": "en", "retweeted": false, "source": "<a href=\"http://twitter.com/#!/download/ipad\" rel=\"nofollow\">Twitter for iPad</a>", "text": "Dear @Apple, how convenient/handy/thoughtful/smart that after iPhone #ios5 update you're apps won't work anymore! (none!!!) :( #gr%\\mbl^.%)", "truncated": false, "user": {"created_at": "Sun Aug 29 00:13:27 +0000 2010", "description": "Met hoog developing, klus en paard gehalte de dagen doorbrengen! Thinking outside the Box! Toe aan'n stevig rockconcert ;) (en meer zon) \u263c", "favourites_count": 7, "followers_count": 32, "friends_count": 53, "geo_enabled": true, "id": 184211747, "lang": "en", "listed_count": 2, "location": "Gld, The Netherlands", "name": "I. HO\u20b1\u2133@\u20a6\u2122", "profile_background_color": "A032D2", "profile_background_image_url": "http://pbs.twimg.com/profile_background_images/149621760/x0a7ca6ef1b481f676a5da70d4eae405.jpg", "profile_background_tile": true, "profile_image_url": "https://pbs.twimg.com/profile_images/2677348748/b9438148bcb0ea20f12b4ee5b869683e_normal.jpeg", "profile_link_color": "683994", "profile_sidebar_fill_color": "ECDAF5", "profile_text_color": "000000", "protected": false, "screen_name": "IvyHolding", "statuses_count": 702, "time_zone": "Amsterdam", "utc_offset": 7200}, "user_mentions": [{"id": 380749300, "name": "@apple", "screen_name": "Apple"}]}