{"created_at": "Sun Oct 16 11:44:25 +0000 2011", "favorited": false, "hashtags": ["iPhone", "creative"], "id": 125537578974851072, "lang": "en", "retweeted": false, "source": "<a href=\"http://www.zite.com/\" rel=\"nofollow\">Zite</a>", "text": "#iPhone 4S in Space http://t.co/jINNHVwz this is amazing #creative @apple your products inspire people to do unbelievable things", "truncated": false, "urls": {"http://t.co/jINNHVwz": "http://zite.to/oHXViJ"}, "user": {"created_at": "Tue Apr 07 13:47:30 +0000 2009", "description": "Cloud evangelist, tech/mobile geek & Sales Mentor. Enjoy fitness, SEC football, riding, my Harley, Mini Cooper, my awesome kids & fianc\u00e9e and God!", "favourites_count": 322, "followers_count": 666, "friends_count": 926, "geo_enabled": true, "id": 29450493, "lang": "en", "listed_count": 28, "location": "Raleigh, NC", "name": "Michael J. Steele", "profile_background_color": "022330", "profile_background_image_url": "http://abs.twimg.com/images/themes/theme15/bg.png", "profile_background_tile": false, "profile_banner_url": "https://pbs.twimg.com/profile_banners/29450493/1349482898", "profile_image_url": "https://pbs.twimg.com/profile_images/468594144580222976/jN9zcl8f_normal.jpeg", "profile_link_color": "0084B4", "profile_sidebar_fill_color": "C0DFEC", "profile_text_color": "333333", "protected": false, "screen_name": "mjsteelega", "statuses_count": 5187, "time_zone": "Eastern Time (US & Canada)", "utc_offset": -14400}, "user_mentions": [{"id": 380749300, "name": "@apple", "screen_name": "Apple"}]}