{"created_at": "Sun Oct 16 15:12:16 +0000 2011", "favorited": false, "id": 125589884445536257, "lang": "en", "retweeted": false, "source": "<a href=\"http://twitter.com/download/iphone\" rel=\"nofollow\">Twitter for iPhone</a>", "text": "has the new iOS5 changed the way the iPad charges? I've noticed I can charge from my laptop & iPhone charger now @toptweets @BBCClick @apple", "truncated": false, "user": {"created_at": "Sun May 22 08:19:21 +0000 2011", "description": "Autumn body, spring mind: ENTJ Belbin Plant & Motivating Director - Love playing my Gibson Les Paul thru my Line 6 Vetta at volume 11", "favourites_count": 30, "followers_count": 92, "friends_count": 237, "geo_enabled": true, "id": 303079893, "lang": "en", "location": "Hong Kong & UK", "name": "Chris Lowe", "profile_background_color": "C0DEED", "profile_background_image_url": "http://abs.twimg.com/images/themes/theme1/bg.png", "profile_background_tile": false, "profile_banner_url": "https://pbs.twimg.com/profile_banners/303079893/1376700816", "profile_image_url": "https://pbs.twimg.com/profile_images/1364259938/image_normal.jpg", "profile_link_color": "0084B4", "profile_sidebar_fill_color": "DDEEF6", "profile_text_color": "333333", "protected": false, "screen_name": "chriswglowe", "statuses_count": 1299}, "user_mentions": [{"id": 113425681, "name": "Top Tweets", "screen_name": "toptweets"}, {"id": 7400702, "name": "BBC Click", "screen_name": "BBCClick"}, {"id": 380749300, "name": "@apple", "screen_name": "Apple"}]}