{"created_at": "Sun Oct 16 10:48:08 +0000 2011", "favorited": false, "id": 125523414298533888, "in_reply_to_screen_name": "Apple", "in_reply_to_user_id": 380749300, "lang": "en", "possibly_sensitive": true, "retweeted": false, "source": "<a href=\"http://www.hootsuite.com\" rel=\"nofollow\">Hootsuite</a>", "text": "_ibertaddigital.tv/ iPad a briliant SteveJobs produck ,http://t.co/00ohfLY6\n@Apple present... http://t.co/DBbWSDpx", "truncated": false, "urls": {"http://t.co/00ohfLY6": "http://youtu.be/adnx6SjZpMw", "http://t.co/DBbWSDpx": "http://ow.ly/i/jhJN"}, "user": {"created_at": "Thu Apr 14 15:48:29 +0000 2011", "favourites_count": 530, "followers_count": 198, "friends_count": 166, "geo_enabled": true, "id": 282119539, "lang": "en", "listed_count": 1, "name": "\u01ad\u0197\u0197o\u026a\u0307\u01a6\u03cb\u0500\u0500\u026a\u0307\u019e", "profile_background_color": "C0DEED", "profile_background_image_url": "http://abs.twimg.com/images/themes/theme1/bg.png", "profile_background_tile": false, "profile_banner_url": "https://pbs.twimg.com/profile_banners/282119539/1390996898", "profile_image_url": "https://pbs.twimg.com/profile_images/447747913620287489/7D-37gEs_normal.jpeg", "profile_link_color": "0084B4", "profile_sidebar_fill_color": "DDEEF6", "profile_text_color": "333333", "protected": false, "screen_name": "choiruddine", "statuses_count": 2117, "time_zone": "Darwin", "utc_offset": 34200}, "user_mentions": [{"id": 380749300, "name": "@apple", "screen_name": "Apple"}]}