{"created_at": "Sun Oct 16 13:00:19 +0000 2011", "favorited": false, "hashtags": ["icloud", "anothericloudfail"], "id": 125556679571025920, "lang": "en", "retweeted": false, "source": "<a href=\"http://twitter.com/download/iphone\" rel=\"nofollow\">Twitter for iPhone</a>", "text": "I sure as hell better be able to restore my calendar events. Terrible bug apple! @apple #icloud #anothericloudfail", "truncated": false, "user": {"created_at": "Sat Jun 11 08:42:26 +0000 2011", "description": "WordPress Web Developer, I.T. Consultant, and ex-Apple fanboy.", "favourites_count": 19, "followers_count": 51, "friends_count": 92, "geo_enabled": true, "id": 315089792, "lang": "en", "listed_count": 3, "location": "Fullerton, CA", "name": "Michael Watson", "profile_background_color": "022330", "profile_background_image_url": "http://abs.twimg.com/images/themes/theme15/bg.png", "profile_background_tile": false, "profile_image_url": "https://pbs.twimg.com/profile_images/1399342400/image_normal.jpg", "profile_link_color": "0084B4", "profile_sidebar_fill_color": "C0DFEC", "profile_text_color": "333333", "protected": false, "screen_name": "michaelgwatson", "statuses_count": 206, "time_zone": "Pacific Time (US & Canada)", "url": "http://t.co/4nEsF6rOIo", "utc_offset": -25200}, "user_mentions": [{"id": 380749300, "name": "@apple", "screen_name": "Apple"}]}