{"created_at": "Sun Oct 16 11:29:08 +0000 2011", "favorited": false, "id": 125533730222784512, "lang": "en", "retweeted": false, "source": "<a href=\"http://twitter.com\" rel=\"nofollow\">Twitter Web Client</a>", "text": "Life was much easier when @apple and @BlackBerry were just fruits!", "truncated": false, "user": {"created_at": "Mon Aug 29 19:49:21 +0000 2011", "description": "idk man, I just happen to have a thing for One Direction, Tom Daley, The Janoskians and Nutella! Follow: @NiallersFanUK", "favourites_count": 2, "followers_count": 1095, "friends_count": 1412, "geo_enabled": true, "id": 364447560, "lang": "en", "listed_count": 2, "location": "England, UK", "name": "T\u03c3m \u00d0\u03b1l\u03b5\u0447 \u10e6", "profile_background_color": "FFFFFF", "profile_background_image_url": "http://pbs.twimg.com/profile_background_images/583152150/g3zqy534p3hgfa8sc2dw.png", "profile_background_tile": true, "profile_image_url": "https://pbs.twimg.com/profile_images/2496714377/image_normal.jpg", "profile_link_color": "000000", "profile_sidebar_fill_color": "FFFFFF", "profile_text_color": "000000", "protected": false, "screen_name": "krazy41D", "statuses_count": 6523}, "user_mentions": [{"id": 380749300, "name": "@apple", "screen_name": "Apple"}, {"id": 14580438, "name": "BlackBerry", "screen_name": "BlackBerry"}]}