{"created_at": "Sun Oct 16 11:00:35 +0000 2011", "favorited": false, "id": 125526544377577472, "in_reply_to_screen_name": "Charence", "in_reply_to_user_id": 30401349, "lang": "tl", "retweeted": false, "source": "<a href=\"http://twitter.com\" rel=\"nofollow\">Twitter Web Client</a>", "text": "@ChArEnCe RaMoS @apple jane @heiMachO @tintin_Julielmo new followers..:) na follow back ko na po kayo..:)", "truncated": false, "user": {"created_at": "Tue Sep 20 13:55:26 +0000 2011", "description": "iAM not COMPLETE WiTH OUT GOD :))\r\n and also iAM #CertifiedJuliElmoAdiks :))", "favourites_count": 167, "followers_count": 1131, "friends_count": 1441, "id": 376783856, "lang": "en", "listed_count": 3, "location": "Cavite,Philippines", "name": "JuliElmoFOURevermore", "profile_background_color": "4542DE", "profile_background_image_url": "http://pbs.twimg.com/profile_background_images/547285753/je.jpg", "profile_background_tile": true, "profile_banner_url": "https://pbs.twimg.com/profile_banners/376783856/1386842993", "profile_image_url": "https://pbs.twimg.com/profile_images/378800000861987653/oijEiei2_normal.jpeg", "profile_link_color": "E6A545", "profile_sidebar_fill_color": "DDEEF6", "profile_text_color": "333333", "protected": false, "screen_name": "JuliElmoAddikz", "statuses_count": 5412, "time_zone": "Alaska", "utc_offset": -28800}, "user_mentions": [{"id": 30401349, "name": "Charence", "screen_name": "Charence"}, {"id": 380749300, "name": "@apple", "screen_name": "Apple"}, {"id": 383029277, "name": "Dennis", "screen_name": "heiMachO"}]}