{"created_at": "Sun Oct 16 12:05:50 +0000 2011", "favorited": false, "hashtags": ["iphone4s", "sony"], "id": 125542968844226560, "lang": "es", "retweeted": false, "source": "<a href=\"http://twitter.com\" rel=\"nofollow\">Twitter Web Client</a>", "text": "interesante por decirlo menos sabes que la c\u00e1mara del #iphone4s le pertenece a #sony ... mmm ojal\u00e1 ande bien y no sea mala jugada de @apple", "truncated": false, "user": {"created_at": "Mon May 23 17:34:08 +0000 2011", "description": "Born in Patagonia, Sound Engineer, Location Sound Recorder and Boom Operator, Toronto", "favourites_count": 167, "followers_count": 112, "friends_count": 119, "geo_enabled": true, "id": 303942068, "lang": "es", "listed_count": 2, "name": "Elias Fuentes", "profile_background_color": "022330", "profile_background_image_url": "http://pbs.twimg.com/profile_background_images/644775468/uxgyyn1d9zr3maj96nqp.jpeg", "profile_background_tile": false, "profile_banner_url": "https://pbs.twimg.com/profile_banners/303942068/1348586616", "profile_image_url": "https://pbs.twimg.com/profile_images/2512828618/44c1q650ipcrxqb4lqeq_normal.jpeg", "profile_link_color": "0084B4", "profile_sidebar_fill_color": "C0DFEC", "profile_text_color": "333333", "protected": false, "screen_name": "FuentesElias", "statuses_count": 4066, "time_zone": "Buenos Aires", "url": "http://t.co/pO1f4FcgGv", "utc_offset": -10800}, "user_mentions": [{"id": 380749300, "name": "@apple", "screen_name": "Apple"}]}