{"created_at": "Sun Oct 16 15:40:30 +0000 2011", "favorited": false, "id": 125596991290998784, "in_reply_to_screen_name": "Apple", "in_reply_to_user_id": 380749300, "lang": "en", "retweeted": false, "source": "<a href=\"http://twitter.com\" rel=\"nofollow\">Twitter Web Client</a>", "text": "@Apple  I asked Siri 'if she swallowed' she relied 'Lets see' - wtf do i do now? wank over my phone?", "truncated": false, "user": {"created_at": "Tue Mar 03 20:53:31 +0000 2009", "description": "Lover of my family, girlfriend, fine watches, photography, cars and more importantly a lover of LIFE!", "favourites_count": 35, "followers_count": 510, "friends_count": 473, "geo_enabled": true, "id": 22677540, "lang": "en", "listed_count": 8, "location": "Miami/UK", "name": "Darren Townend", "profile_background_color": "000000", "profile_background_image_url": "http://pbs.twimg.com/profile_background_images/109598078/Me_Lambo.jpg", "profile_background_tile": true, "profile_banner_url": "https://pbs.twimg.com/profile_banners/22677540/1384007566", "profile_image_url": "https://pbs.twimg.com/profile_images/1484239001/IMG_0204_normal.JPG", "profile_link_color": "FF0000", "profile_sidebar_fill_color": "C2BBFF", "profile_text_color": "001CFF", "protected": false, "screen_name": "DarrenTownend", "statuses_count": 15295, "time_zone": "London", "utc_offset": 3600}, "user_mentions": [{"id": 380749300, "name": "@apple", "screen_name": "Apple"}]}