{"created_at": "Sun Oct 16 13:21:16 +0000 2011", "favorited": false, "id": 125561950376701952, "lang": "en", "retweet_count": 1, "retweeted": false, "source": "<a href=\"https://about.twitter.com/products/tweetdeck\" rel=\"nofollow\">TweetDeck</a>", "text": "the nice guy at the @apple store replaced my phone gratis when I showed him the hairline  crack on the screen. thanks @apple", "truncated": false, "user": {"created_at": "Sat Oct 27 13:02:03 +0000 2007", "description": "Reinvention of Marketing and Work. Be clear, be excellent, be kind. [VP Marketing @JostleMe]", "favourites_count": 709, "followers_count": 2871, "friends_count": 2753, "id": 9733542, "lang": "en", "listed_count": 270, "location": "D.C. Metro (burbs)", "name": "deb louison lavoy", "profile_background_color": "709397", "profile_background_image_url": "http://abs.twimg.com/images/themes/theme6/bg.gif", "profile_background_tile": false, "profile_image_url": "https://pbs.twimg.com/profile_images/378800000302060353/431fa91f9aa4bc1515f8ffaae9f79768_normal.jpeg", "profile_link_color": "FF3300", "profile_sidebar_fill_color": "A0C5C7", "profile_text_color": "333333", "protected": false, "screen_name": "deb_lavoy", "statuses_count": 18996, "time_zone": "Eastern Time (US & Canada)", "url": "http://t.co/FTkTOprmkE", "utc_offset": -14400}, "user_mentions": [{"id": 380749300, "name": "@apple", "screen_name": "Apple"}, {"id": 380749300, "name": "@apple", "screen_name": "Apple"}]}