{"created_at": "Sun Oct 16 15:38:43 +0000 2011", "favorited": false, "hashtags": ["iOS5"], "id": 125596541028282369, "lang": "en", "retweeted": false, "source": "<a href=\"http://twitter.com/download/iphone\" rel=\"nofollow\">Twitter for iPhone</a>", "text": "Welcome to the twitter world @MarkStuver. This is due to #iOS5 and @apple thanks guys.", "truncated": false, "user": {"created_at": "Wed Nov 17 18:17:24 +0000 2010", "description": "BIM Manager at Dynamix Engineering, LEED AP BD+C, Revit MEP Wizard.", "favourites_count": 2, "followers_count": 153, "friends_count": 317, "id": 216783603, "lang": "en", "listed_count": 7, "location": "Columbus", "name": "Matthew Stuver", "profile_background_color": "022330", "profile_background_image_url": "http://abs.twimg.com/images/themes/theme15/bg.png", "profile_background_tile": false, "profile_banner_url": "https://pbs.twimg.com/profile_banners/216783603/1357248509", "profile_image_url": "https://pbs.twimg.com/profile_images/1810842151/Matthew_Stuver_normal.JPG", "profile_link_color": "0084B4", "profile_sidebar_fill_color": "C0DFEC", "profile_text_color": "333333", "protected": false, "screen_name": "MatthewStuver", "statuses_count": 469, "time_zone": "Eastern Time (US & Canada)", "utc_offset": -14400}, "user_mentions": [{"id": 617244093, "name": "Mark A. Stuver", "screen_name": "MarkStuver"}, {"id": 380749300, "name": "@apple", "screen_name": "Apple"}]}