{"created_at": "Sun Oct 16 12:34:19 +0000 2011", "favorited": false, "id": 125550135911518209, "lang": "en", "retweeted": false, "source": "<a href=\"http://twitter.com/download/iphone\" rel=\"nofollow\">Twitter for iPhone</a>", "text": "My iPhone 4S battery lasted longer than a day. That hasn't happened since my edge iPhone. Nice job, @apple.", "truncated": false, "user": {"created_at": "Sun Mar 30 15:58:56 +0000 2008", "description": "A teacher, designer, occasional translator. \u3044\u3064\u3082\u65e5\u672c\u8a9e\u52c9\u5f37\u4e2d\u3002", "favourites_count": 1673, "followers_count": 286, "friends_count": 261, "geo_enabled": true, "id": 14258985, "lang": "en", "listed_count": 14, "location": "BE ATTITUDE FOR GAMES", "name": "Rye B.", "profile_background_color": "0099B9", "profile_background_image_url": "http://abs.twimg.com/images/themes/theme4/bg.gif", "profile_background_tile": false, "profile_banner_url": "https://pbs.twimg.com/profile_banners/14258985/1397003878", "profile_image_url": "https://pbs.twimg.com/profile_images/378800000621005000/1eacb7f69a3f86b85aeb79d9a893d56f_normal.png", "profile_link_color": "0099B9", "profile_sidebar_fill_color": "95E8EC", "profile_text_color": "3C3940", "protected": false, "screen_name": "ryebot", "statuses_count": 7576, "time_zone": "Eastern Time (US & Canada)", "url": "http://t.co/KPZzUWmirc", "utc_offset": -14400}, "user_mentions": [{"id": 380749300, "name": "@apple", "screen_name": "Apple"}]}