{"created_at": "Sun Oct 16 10:39:55 +0000 2011", "favorited": false, "hashtags": ["tekstaanvulling", "iphone", "ipad", "eigenteksteerst", "weetapplehetaltijdbeter"], "id": 125521344342392832, "lang": "nl", "retweeted": false, "source": "<a href=\"http://twitterrific.com\" rel=\"nofollow\">Twitterrific</a>", "text": "Kan @Apple de #tekstaanvulling op #iphone en #ipad niet omdraaien? #eigenteksteerst #weetapplehetaltijdbeter", "truncated": false, "user": {"created_at": "Sat Apr 19 19:30:53 +0000 2008", "description": "POWER TO THE PEOPLE", "favourites_count": 5, "followers_count": 203, "friends_count": 322, "id": 14445871, "lang": "en", "listed_count": 4, "location": "Amsterdam The Netherlands ", "name": "Remas", "profile_background_color": "606566", "profile_background_image_url": "http://pbs.twimg.com/profile_background_images/48029640/power_to_the_people.jpg", "profile_background_tile": true, "profile_image_url": "https://pbs.twimg.com/profile_images/491046975/lennon_normal.jpg", "profile_link_color": "606566", "profile_sidebar_fill_color": "BCC1C2", "profile_text_color": "030303", "protected": false, "screen_name": "REMASHAVERKAMP", "statuses_count": 1018, "time_zone": "Amsterdam", "url": "http://t.co/03u0ejkCLU", "utc_offset": 7200}, "user_mentions": [{"id": 380749300, "name": "@apple", "screen_name": "Apple"}]}