{"created_at": "Sun Oct 16 13:31:41 +0000 2011", "favorited": false, "hashtags": ["SteveJobs"], "id": 125564573167263746, "lang": "en", "retweeted": false, "source": "<a href=\"https://about.twitter.com/products/tweetdeck\" rel=\"nofollow\">TweetDeck</a>", "text": "This video brought a small tear to my eye http://t.co/3va2ninp. Watch to @SteveWoz opinion of #SteveJobs and @Apple", "truncated": false, "urls": {"http://t.co/3va2ninp": "http://tcrn.ch/pJNU8l"}, "user": {"created_at": "Mon Sep 21 13:50:23 +0000 2009", "description": "@ssbramson = ((Research + Strategy + UX + Reverse Thinking) * (New Connections + #Outliers) * (Experience + #KoalaBears))/#RoT", "favourites_count": 938, "followers_count": 1375, "friends_count": 209, "geo_enabled": true, "id": 76031988, "lang": "en", "listed_count": 58, "location": "Your Head", "name": "Spencer Bramson", "profile_background_color": "07090B", "profile_background_image_url": "http://pbs.twimg.com/profile_background_images/157489425/kittens.jpg", "profile_background_tile": true, "profile_banner_url": "https://pbs.twimg.com/profile_banners/76031988/1395593034", "profile_image_url": "https://pbs.twimg.com/profile_images/447776003012575232/Tqd8w6bB_normal.png", "profile_link_color": "C34242", "profile_sidebar_fill_color": "C9C9C9", "profile_text_color": "1C1F23", "protected": false, "screen_name": "ssbramson", "statuses_count": 5074, "time_zone": "Eastern Time (US & Canada)", "utc_offset": -14400}, "user_mentions": [{"id": 22938914, "name": "Steve Wozniak", "screen_name": "stevewoz"}, {"id": 380749300, "name": "@apple", "screen_name": "Apple"}]}