{"created_at": "Sun Oct 16 10:41:15 +0000 2011", "favorited": false, "id": 125521682894041088, "in_reply_to_screen_name": "Apple", "in_reply_to_user_id": 380749300, "lang": "en", "retweeted": false, "source": "<a href=\"http://twitter.com/download/iphone\" rel=\"nofollow\">Twitter for iPhone</a>", "text": "@apple No location reminders on ipad2! That was the point of updating to iOS 5", "truncated": false, "user": {"created_at": "Mon Sep 13 11:38:23 +0000 2010", "description": "Work in Ag/NRM. Love my family, photography, motorsports, technology & agriculture. Thoughts are mine, unless i retweet yours (doesn't always mean i agree) ESTP", "favourites_count": 79, "followers_count": 730, "friends_count": 855, "geo_enabled": true, "id": 190217593, "lang": "en", "listed_count": 27, "location": "Gunnedah, NSW", "name": "Dale Kirby", "profile_background_color": "C0DEED", "profile_background_image_url": "http://pbs.twimg.com/profile_background_images/337074964/harvest-2.jpg", "profile_background_tile": true, "profile_image_url": "https://pbs.twimg.com/profile_images/475132376428056576/El3YlUnV_normal.jpeg", "profile_link_color": "0084B4", "profile_sidebar_fill_color": "DDEEF6", "profile_text_color": "333333", "protected": false, "screen_name": "Dale_Kirby", "statuses_count": 3266, "time_zone": "Sydney", "url": "http://t.co/fR0vQPzCo0", "utc_offset": 36000}, "user_mentions": [{"id": 380749300, "name": "@apple", "screen_name": "Apple"}]}