{"created_at": "Sun Oct 16 12:12:58 +0000 2011", "favorited": false, "id": 125544764203466752, "lang": "en", "retweeted": false, "source": "<a href=\"http://twitter.com/download/iphone\" rel=\"nofollow\">Twitter for iPhone</a>", "text": "I really hate that @apple won't let you hide the Newsstand app or move it into a folder. It serves no purpose for me.", "truncated": false, "user": {"created_at": "Thu Jul 23 21:05:27 +0000 2009", "description": "Wife, kids, dog, white picket fence: it's idyllic. Attorney. Litigator. Sports fan. Default IT guy.", "favourites_count": 100, "followers_count": 144, "friends_count": 230, "geo_enabled": true, "id": 59588548, "lang": "en", "listed_count": 8, "location": "Phoenix, Arizona", "name": "John", "profile_background_color": "022330", "profile_background_image_url": "http://abs.twimg.com/images/themes/theme15/bg.png", "profile_background_tile": false, "profile_banner_url": "https://pbs.twimg.com/profile_banners/59588548/1398206519", "profile_image_url": "https://pbs.twimg.com/profile_images/420441735139819520/3ifUokoK_normal.jpeg", "profile_link_color": "0084B4", "profile_sidebar_fill_color": "C0DFEC", "profile_text_color": "333333", "protected": false, "screen_name": "jwsphx", "statuses_count": 3062, "time_zone": "Arizona", "utc_offset": -25200}, "user_mentions": [{"id": 380749300, "name": "@apple", "screen_name": "Apple"}]}