{"created_at": "Sun Oct 16 12:17:57 +0000 2011", "favorited": false, "hashtags": ["ios5", "stevejobsday"], "id": 125546017205665792, "lang": "en", "retweeted": false, "source": "<a href=\"http://twitter.com/download/iphone\" rel=\"nofollow\">Twitter for iPhone</a>", "text": "this reader button for safari is perfect for fic @apple #ios5 #stevejobsday", "truncated": false, "user": {"created_at": "Sun Jun 19 11:19:13 +0000 2011", "description": "Made in Ireland, exported to UK. N\u00edl a l\u00e1n Gaeilge agam ach d\u00e9anaim mo dh\u00edcheall ar aon n\u00f3s! \nTime you enjoyed wasting, was not wasted. - John Lennon", "favourites_count": 206, "followers_count": 345, "friends_count": 464, "id": 320139357, "lang": "en", "listed_count": 6, "location": "Ireland ", "name": "pukesten", "profile_background_color": "C0DEED", "profile_background_image_url": "http://abs.twimg.com/images/themes/theme1/bg.png", "profile_background_tile": false, "profile_banner_url": "https://pbs.twimg.com/profile_banners/320139357/1376092583", "profile_image_url": "https://pbs.twimg.com/profile_images/447424257824681984/aHtfBtRt_normal.jpeg", "profile_link_color": "0084B4", "profile_sidebar_fill_color": "DDEEF6", "profile_text_color": "333333", "protected": false, "screen_name": "pukesten", "statuses_count": 52372, "time_zone": "Amsterdam", "utc_offset": 7200}, "user_mentions": [{"id": 380749300, "name": "@apple", "screen_name": "Apple"}]}