{"created_at": "Sun Oct 16 11:05:14 +0000 2011", "favorited": false, "hashtags": ["iOS5"], "id": 125527718203887616, "lang": "en", "retweeted": false, "source": "<a href=\"http://twitter.com/download/iphone\" rel=\"nofollow\">Twitter for iPhone</a>", "text": "New #iOS5 notification center is a big improvement, but @apple missed an easy trick by not making it fully available on lock screen.", "truncated": false, "user": {"created_at": "Fri May 23 12:30:29 +0000 2008", "description": "Loves cats, travelling, long walks on the beach-or was that giant mutant cats terrorizing travellors along the beach..", "favourites_count": 23, "followers_count": 641, "friends_count": 545, "id": 14880810, "lang": "en", "listed_count": 28, "location": "Benoni, SA", "name": "Matt Benic", "profile_background_color": "B3E99B", "profile_background_image_url": "http://pbs.twimg.com/profile_background_images/2578206/bg-shine.png", "profile_background_tile": true, "profile_banner_url": "https://pbs.twimg.com/profile_banners/14880810/1349065951", "profile_image_url": "https://pbs.twimg.com/profile_images/474904870160719874/oOM0cLYm_normal.jpeg", "profile_link_color": "53BE14", "profile_sidebar_fill_color": "B3E683", "profile_text_color": "000000", "protected": false, "screen_name": "mattbenic", "statuses_count": 7992, "time_zone": "Harare", "url": "http://t.co/IcVO78ldCm", "utc_offset": 7200}, "user_mentions": [{"id": 380749300, "name": "@apple", "screen_name": "Apple"}]}