{"created_at": "Sun Oct 16 10:03:34 +0000 2011", "favorited": false, "id": 125512197135806464, "in_reply_to_screen_name": "Apple", "in_reply_to_user_id": 380749300, "lang": "und", "retweeted": false, "source": "<a href=\"http://blackberry.com/twitter\" rel=\"nofollow\">Twitter for BlackBerry\u00ae</a>", "text": "@apple http://t.co/LKm2JzIN", "truncated": false, "urls": {"http://t.co/LKm2JzIN": "http://yfrog.com/h82xtcsj"}, "user": {"created_at": "Tue Apr 27 14:30:52 +0000 2010", "description": "soy full pana... divertido y en algunos caso odioso  \u0623\u0646\u0627 \u0628\u0627\u0646\u0627 \u0643\u0627\u0645\u0644... \u0645\u062a\u0639\u0629 \u0648\u064a\u0643\u0631\u0647 \u0641\u064a \u0628\u0639\u0636 \u0627\u0644\u062d\u0627\u0644\u0627\u062a \u062a\u0631\u064a\u062f \u0627\u0644\u0641\u062a\u0627\u0629 \u0627\u0644\u062a\u064a \u0623\u062d\u0628 \u062d\u0642\u0627", "favourites_count": 1, "followers_count": 17, "friends_count": 75, "geo_enabled": true, "id": 137711348, "lang": "es", "listed_count": 1, "location": "sur america", "name": "D'Quey Yusbr DJ", "profile_background_color": "642D8B", "profile_background_image_url": "http://pbs.twimg.com/profile_background_images/238533973/ccc.jpg", "profile_background_tile": false, "profile_image_url": "https://pbs.twimg.com/profile_images/3063911622/1472934703baa897b8315fdc82bb752d_normal.jpeg", "profile_link_color": "FF0000", "profile_sidebar_fill_color": "7AC3EE", "profile_text_color": "3D1957", "protected": false, "screen_name": "YusberDaniel", "statuses_count": 506, "time_zone": "Caracas", "utc_offset": -16200}, "user_mentions": [{"id": 380749300, "name": "@apple", "screen_name": "Apple"}]}