{"created_at": "Sun Oct 16 10:40:31 +0000 2011", "favorited": false, "id": 125521498055254016, "lang": "de", "retweeted": false, "source": "<a href=\"http://twitterfeed.com\" rel=\"nofollow\">twitterfeed</a>", "text": "[iPad] iPad 1. Generation general\u00fcberholt ab 389 \u20ac @Apple: Der Tablet von Apple bleibt weiterhin recht preisstab... http://t.co/h8ANhAVu", "truncated": false, "urls": {"http://t.co/h8ANhAVu": "http://bit.ly/r4zeSD"}, "user": {"created_at": "Sun Apr 05 22:07:41 +0000 2009", "followers_count": 469, "friends_count": 29, "id": 29078342, "lang": "de", "listed_count": 33, "name": "WeltderSchnaeppchen", "profile_background_color": "C0DEED", "profile_background_image_url": "http://abs.twimg.com/images/themes/theme1/bg.png", "profile_background_tile": false, "profile_image_url": "https://abs.twimg.com/sticky/default_profile_images/default_profile_6_normal.png", "profile_link_color": "0084B4", "profile_sidebar_fill_color": "DDEEF6", "profile_text_color": "333333", "protected": false, "screen_name": "wschnaeppchen", "statuses_count": 33937, "time_zone": "Greenland", "url": "http://t.co/fa8P8NqCQu", "utc_offset": -7200}, "user_mentions": [{"id": 380749300, "name": "@apple", "screen_name": "Apple"}]}