{"created_at": "Sun Oct 16 13:45:31 +0000 2011", "favorited": false, "id": 125568051277086721, "lang": "pt", "retweeted": false, "source": "<a href=\"http://twitter.com/download/iphone\" rel=\"nofollow\">Twitter for iPhone</a>", "text": "Olha aqui @apple: na proxima atualiza\u00e7ao eu quero um atalho pra ligar/desligar a 3g Ok ? Aff fazem tudo pela metade !!! Steve,da um jeito ai", "truncated": false, "user": {"created_at": "Mon Dec 14 14:52:46 +0000 2009", "favourites_count": 5, "followers_count": 180, "friends_count": 338, "geo_enabled": true, "id": 96774628, "lang": "en", "listed_count": 2, "name": "Giulian ", "profile_background_color": "BDDBF2", "profile_background_image_url": "http://pbs.twimg.com/profile_background_images/830179369/837a1d7c4ac4851ac4d757eed34e6073.jpeg", "profile_background_tile": true, "profile_banner_url": "https://pbs.twimg.com/profile_banners/96774628/1375154539", "profile_image_url": "https://pbs.twimg.com/profile_images/378800000845787144/aa6ce835b2a64f3865bbf379afc19b67_normal.jpeg", "profile_link_color": "BD48B9", "profile_sidebar_fill_color": "F0EAF7", "profile_text_color": "52424D", "protected": false, "screen_name": "giuliancruz", "statuses_count": 5667, "time_zone": "Brasilia", "utc_offset": -10800}, "user_mentions": [{"id": 380749300, "name": "@apple", "screen_name": "Apple"}]}