{"created_at": "Sun Oct 16 15:34:21 +0000 2011", "favorited": false, "hashtags": ["laptop"], "id": 125595441562783744, "in_reply_to_screen_name": "Apple", "in_reply_to_user_id": 380749300, "lang": "en", "retweeted": false, "source": "<a href=\"http://www.cloudhopper.com/\" rel=\"nofollow\">Cloudhopper</a>", "text": "@apple How much is the student discount on the MacBook Air in Canada? Your reps have said both $50 and $100. Which is it? Thanks! #laptop", "truncated": false, "user": {"created_at": "Sat Apr 04 22:54:26 +0000 2009", "description": "Consulting | Foodie | Marketer | Friend | Influencer | Connector w/ a contagious energy. Shares ideas on Innovation, Technology, Marketing, Leadership #tywlife", "favourites_count": 168, "followers_count": 1327, "friends_count": 1998, "id": 28888611, "lang": "en", "listed_count": 68, "location": "Canada | Asia", "name": "Tammy Wong", "profile_background_color": "131516", "profile_background_image_url": "http://abs.twimg.com/images/themes/theme14/bg.gif", "profile_background_tile": true, "profile_banner_url": "https://pbs.twimg.com/profile_banners/28888611/1401550963", "profile_image_url": "https://pbs.twimg.com/profile_images/1591787035/IMG_0557_-_Copy1_normal.JPG", "profile_link_color": "009999", "profile_sidebar_fill_color": "EFEFEF", "profile_text_color": "333333", "protected": false, "screen_name": "tammyYTwong", "statuses_count": 12946, "time_zone": "Eastern Time (US & Canada)", "url": "http://t.co/ctdDCFQlFV", "utc_offset": -14400}, "user_mentions": [{"id": 380749300, "name": "@apple", "screen_name": "Apple"}]}