{"created_at": "Sun Oct 16 15:09:47 +0000 2011", "favorited": false, "hashtags": ["yesplease"], "id": 125589258898644992, "lang": "en", "retweeted": false, "source": "<a href=\"http://twitter.com/download/iphone\" rel=\"nofollow\">Twitter for iPhone</a>", "text": "You know what would be awesome? If @QVC sold @apple iPads on easy pay. #yesplease", "truncated": false, "user": {"created_at": "Thu Sep 25 16:11:35 +0000 2008", "description": "Jesus is my rock, art is my life, music is my escape, my story is here.", "favourites_count": 585, "followers_count": 542, "friends_count": 1731, "id": 16452838, "lang": "en", "listed_count": 6, "location": "Over yonder", "name": "Kelly (with a y)", "profile_background_color": "352726", "profile_background_image_url": "http://abs.twimg.com/images/themes/theme5/bg.gif", "profile_background_tile": false, "profile_banner_url": "https://pbs.twimg.com/profile_banners/16452838/1365528936", "profile_image_url": "https://pbs.twimg.com/profile_images/3254909304/3a4f050658e6aa6bb7fb0e229cf469bb_normal.jpeg", "profile_link_color": "D02B55", "profile_sidebar_fill_color": "99CC33", "profile_text_color": "3E4415", "protected": false, "screen_name": "Kellywithay", "statuses_count": 15559, "time_zone": "Central Time (US & Canada)", "url": "http://t.co/eOGG5tww7V", "utc_offset": -18000}, "user_mentions": [{"id": 17621994, "name": "QVC", "screen_name": "QVC"}, {"id": 380749300, "name": "@apple", "screen_name": "Apple"}]}