{"created_at": "Sun Oct 16 12:05:44 +0000 2011", "favorited": false, "id": 125542941287649280, "lang": "nl", "retweeted": false, "source": "<a href=\"http://twitter.com/download/iphone\" rel=\"nofollow\">Twitter for iPhone</a>", "text": "Oja, ik ben gelijk al mijn apps kwijt bedankt @apple .", "truncated": false, "user": {"created_at": "Fri May 28 16:29:12 +0000 2010", "description": "17 jaar - reizen over de hele wereld - in aandelen handelen - Moestuin - PR manager PEPM - Mavo - Amnesty International - politiek", "favourites_count": 115, "followers_count": 136, "friends_count": 72, "geo_enabled": true, "id": 149179491, "lang": "nl", "listed_count": 6, "location": "alphen aan den rijn ( 0172 )", "name": "ReimerVisser", "profile_background_color": "352726", "profile_background_image_url": "http://pbs.twimg.com/profile_background_images/330011469/twilk_background_4e70f0295bea8.jpg", "profile_background_tile": false, "profile_banner_url": "https://pbs.twimg.com/profile_banners/149179491/1388426443", "profile_image_url": "https://pbs.twimg.com/profile_images/3780831983/7c5a72133d9938f9a3a4132ffa498666_normal.jpeg", "profile_link_color": "D02B54", "profile_sidebar_fill_color": "DDEEF6", "profile_text_color": "333333", "protected": false, "screen_name": "ReimerVisser", "statuses_count": 20973, "time_zone": "Amsterdam", "url": "http://t.co/4Pg4MFKgBh", "utc_offset": 7200}, "user_mentions": [{"id": 380749300, "name": "@apple", "screen_name": "Apple"}]}