{"coordinates": {"coordinates": [27.91485354, -26.15965437], "type": "Point"}, "created_at": "Sun Oct 16 14:58:13 +0000 2011", "favorited": false, "geo": {"coordinates": [-26.15965437, 27.91485354], "type": "Point"}, "id": 125586348064247808, "in_reply_to_screen_name": "Apple", "in_reply_to_user_id": 380749300, "lang": "en", "place": {"attributes": {}, "bounding_box": {"coordinates": [[[27.771294, -26.2656921], [27.9772907, -26.2656921], [27.9772907, -26.0197293], [27.771294, -26.0197293]]], "type": "Polygon"}, "contained_within": [], "country": "South Africa", "country_code": "ZA", "full_name": "Roodepoort", "id": "1744381d2805a216", "name": "Roodepoort", "place_type": "city", "url": "https://api.twitter.com/1.1/geo/id/1744381d2805a216.json"}, "retweeted": false, "source": "<a href=\"http://twitter.com/download/iphone\" rel=\"nofollow\">Twitter for iPhone</a>", "text": "@apple not happy with Apple today. I did the suggested software update and now nothing works!!!", "truncated": false, "user": {"created_at": "Mon Aug 08 16:15:00 +0000 2011", "description": "Ours is not to reason why ours is to do or die...", "favourites_count": 25, "followers_count": 68, "friends_count": 171, "geo_enabled": true, "id": 350978229, "lang": "en", "listed_count": 1, "location": "South Africa", "name": "Diederick Stopforth", "profile_background_color": "C0DEED", "profile_background_image_url": "http://abs.twimg.com/images/themes/theme1/bg.png", "profile_background_tile": false, "profile_image_url": "https://pbs.twimg.com/profile_images/457134819281891328/H-4GJ_PS_normal.jpeg", "profile_link_color": "0084B4", "profile_sidebar_fill_color": "DDEEF6", "profile_text_color": "333333", "protected": false, "screen_name": "DWStopforth", "statuses_count": 1492, "time_zone": "Pretoria", "utc_offset": 7200}, "user_mentions": [{"id": 380749300, "name": "@apple", "screen_name": "Apple"}]}