{"created_at": "Sun Oct 16 10:22:28 +0000 2011", "favorited": false, "id": 125516954407677952, "lang": "de", "retweeted": false, "source": "<a href=\"http://twitterfeed.com\" rel=\"nofollow\">twitterfeed</a>", "text": "[iPad] iPad 1. Generation general\u00fcberholt ab 389 \u20ac @Apple http://t.co/tOv1xKQ8", "truncated": false, "urls": {"http://t.co/tOv1xKQ8": "http://bit.ly/r4zeSD"}, "user": {"created_at": "Fri May 15 19:16:15 +0000 2009", "description": "Mach deinen Elektronik-Deal! Hier findest du t\u00e4glich Schn\u00e4ppchen aus der Welt der Technik - DVDs, Gadgets, alles was das Lifestyle-Herz begehrt!", "favourites_count": 2, "followers_count": 472, "friends_count": 541, "id": 40310308, "lang": "de", "listed_count": 24, "location": "Hamburg", "name": "Max Musterdeal", "profile_background_color": "C0DEED", "profile_background_image_url": "http://abs.twimg.com/images/themes/theme1/bg.png", "profile_background_tile": false, "profile_image_url": "https://pbs.twimg.com/profile_images/637559936/elektronik_bigger_normal.jpg", "profile_link_color": "0084B4", "profile_sidebar_fill_color": "DDEEF6", "profile_text_color": "333333", "protected": false, "screen_name": "ElektronikDeal", "statuses_count": 12444, "time_zone": "Berlin", "utc_offset": 7200}, "user_mentions": [{"id": 380749300, "name": "@apple", "screen_name": "Apple"}]}