{"created_at": "Sun Oct 16 09:56:09 +0000 2011", "favorited": false, "hashtags": ["live", "apps", "iCloud", "iCloud"], "id": 125510333078048768, "lang": "en", "retweeted": false, "source": "<a href=\"http://twitter.com/download/iphone\" rel=\"nofollow\">Twitter for iPhone</a>", "text": "Comparing @Office #live with @google #apps and @apple #iCloud , I do not see #iCloud leading the crowd. Do you agree ?", "truncated": false, "user": {"created_at": "Thu Dec 27 18:31:24 +0000 2007", "description": "ASC-Andreas Schaller Technology Consulting is supporting the European businesses active in the Internet of Things", "followers_count": 418, "friends_count": 912, "geo_enabled": true, "id": 11574722, "lang": "en", "listed_count": 49, "location": "Wiesau", "name": "Andreas Schaller", "profile_background_color": "C6E2EE", "profile_background_image_url": "http://abs.twimg.com/images/themes/theme2/bg.gif", "profile_background_tile": false, "profile_banner_url": "https://pbs.twimg.com/profile_banners/11574722/1398447653", "profile_image_url": "https://pbs.twimg.com/profile_images/377103667/Logo_v3_email_square_normal.jpg", "profile_link_color": "1F98C7", "profile_sidebar_fill_color": "DAECF4", "profile_text_color": "663B12", "protected": false, "screen_name": "AndreasSchaller", "statuses_count": 2201, "time_zone": "Berlin", "url": "http://t.co/gEIGYuAy", "utc_offset": 7200}, "user_mentions": [{"id": 22209176, "name": "Office", "screen_name": "Office"}, {"id": 20536157, "name": "A Googler", "screen_name": "google"}, {"id": 380749300, "name": "@apple", "screen_name": "Apple"}]}