{"created_at": "Sun Oct 16 15:05:35 +0000 2011", "favorited": false, "id": 125588202286366721, "lang": "en", "retweeted": false, "source": "<a href=\"http://twitter.com/#!/download/ipad\" rel=\"nofollow\">Twitter for iPad</a>", "text": "Hey @Apple...I know Steve Jobs died & all but my Twitter for iPad app keeps crashing...Fix it...NOW..please..lol -F.Light", "truncated": false, "user": {"created_at": "Tue Apr 06 02:24:31 +0000 2010", "description": "Synchronized To The Hexagon Until My Hex Is Gone. Rest In Peace @IAmWillDurr, @TrapGod_Ra & Kamron. Email: F.LightYearsAhead@gmail.com #COB #OneTime", "favourites_count": 1176, "followers_count": 1384, "friends_count": 1027, "id": 130016863, "lang": "en", "listed_count": 26, "location": "@TheTribeAkashic", "name": "Haru Ugaritic", "profile_background_color": "000000", "profile_background_image_url": "http://pbs.twimg.com/profile_background_images/456668639161102336/BOnW_5pn.jpeg", "profile_background_tile": true, "profile_banner_url": "https://pbs.twimg.com/profile_banners/130016863/1401594730", "profile_image_url": "https://pbs.twimg.com/profile_images/472948832297570304/r_9UWmOH_normal.jpeg", "profile_link_color": "4F0505", "profile_sidebar_fill_color": "02060F", "profile_text_color": "6B6B6B", "protected": false, "screen_name": "TakeF_Light", "statuses_count": 95461, "time_zone": "Eastern Time (US & Canada)", "url": "https://t.co/xtiGiFlQFv", "utc_offset": -14400}, "user_mentions": [{"id": 380749300, "name": "@apple", "screen_name": "Apple"}]}