{"created_at": "Sun Oct 16 12:11:23 +0000 2011", "favorited": false, "id": 125544363945230336, "lang": "en", "retweeted": false, "source": "<a href=\"http://www.facebook.com/twitter\" rel=\"nofollow\">Facebook</a>", "text": "A Great iPhone 4S Review @engadget @iphone @apple http://t.co/gX07Qywe", "truncated": false, "urls": {"http://t.co/gX07Qywe": "http://fb.me/1o2mbBGAC"}, "user": {"created_at": "Wed Dec 15 20:04:50 +0000 2010", "description": "iOS Development & Consulting (@iPhone, @iPad, @iPodTouch)", "followers_count": 4, "friends_count": 15, "id": 227055928, "lang": "en", "listed_count": 1, "name": "ErgonDesign.net", "profile_background_color": "1A1B1F", "profile_background_image_url": "http://abs.twimg.com/images/themes/theme9/bg.gif", "profile_background_tile": false, "profile_image_url": "https://pbs.twimg.com/profile_images/378800000156068109/e6f697e8c14d38474ef4da5b0fc8f4de_normal.png", "profile_link_color": "2FC2EF", "profile_sidebar_fill_color": "252429", "profile_text_color": "666666", "protected": false, "screen_name": "ErgonDesign_net", "statuses_count": 245, "time_zone": "Athens", "url": "http://t.co/sOCPnVKvBQ", "utc_offset": 10800}, "user_mentions": [{"id": 14372486, "name": "Engadget", "screen_name": "engadget"}, {"id": 159289267, "name": "Iphone", "screen_name": "Iphone"}, {"id": 380749300, "name": "@apple", "screen_name": "Apple"}]}