{"created_at": "Sun Oct 16 21:57:56 +0000 2011", "favorited": false, "hashtags": ["sadreally"], "id": 125691975474229248, "lang": "en", "retweeted": false, "source": "<a href=\"http://ubersocial.com\" rel=\"nofollow\">UberSocial for BlackBerry</a>", "text": "Comparing the @apple & @BlackBerry apps/interfaces, can anyone imagine how @BlackBerry could have done worse? #sadreally", "truncated": false, "user": {"created_at": "Fri Oct 08 13:58:28 +0000 2010", "description": "Mike is a patent attorney and computer scientist.  His opinions are his own, sadly.", "favourites_count": 1, "followers_count": 392, "friends_count": 425, "id": 200118480, "lang": "en", "listed_count": 24, "location": "Madison, WI", "name": "Mike Wokasch", "profile_background_color": "EBEBEB", "profile_background_image_url": "http://abs.twimg.com/images/themes/theme7/bg.gif", "profile_background_tile": false, "profile_image_url": "https://pbs.twimg.com/profile_images/1140017039/Wokasch_color_normal.jpg", "profile_link_color": "990000", "profile_sidebar_fill_color": "F3F3F3", "profile_text_color": "333333", "protected": false, "screen_name": "MadisonIP", "statuses_count": 1307, "time_zone": "Central Time (US & Canada)", "url": "http://t.co/bBjTG1rQy5", "utc_offset": -18000}, "user_mentions": [{"id": 380749300, "name": "@apple", "screen_name": "Apple"}, {"id": 14580438, "name": "BlackBerry", "screen_name": "BlackBerry"}, {"id": 14580438, "name": "BlackBerry", "screen_name": "BlackBerry"}]}