{"coordinates": {"coordinates": [-77.33808386, 38.98185061], "type": "Point"}, "created_at": "Sun Oct 16 22:28:08 +0000 2011", "favorited": false, "geo": {"coordinates": [38.98185061, -77.33808386], "type": "Point"}, "hashtags": ["magic"], "id": 125699573799845888, "in_reply_to_screen_name": "Apple", "in_reply_to_user_id": 380749300, "lang": "en", "place": {"attributes": {}, "bounding_box": {"coordinates": [[[-77.393246, 38.908648], [-77.304868, 38.908648], [-77.304868, 39.002993], [-77.393246, 39.002993]]], "type": "Polygon"}, "contained_within": [], "country": "United States", "country_code": "US", "full_name": "Reston, VA", "id": "ec212eb1116b92e2", "name": "Reston", "place_type": "city", "url": "https://api.twitter.com/1.1/geo/id/ec212eb1116b92e2.json"}, "retweeted": false, "source": "<a href=\"http://twitter.com/download/iphone\" rel=\"nofollow\">Twitter for iPhone</a>", "text": "@apple Cards app notifies me the card I sent has arrived at local post office and should be delivered today... Sunday. Truly is #magic.", "truncated": false, "user": {"created_at": "Fri May 23 16:13:33 +0000 2008", "description": "Front-End Web Developer at Gannett Digital", "favourites_count": 9, "followers_count": 236, "friends_count": 349, "geo_enabled": true, "id": 14883342, "lang": "en", "listed_count": 16, "location": "Reston, VA", "name": "Erik Kallevig", "profile_background_color": "131516", "profile_background_image_url": "http://abs.twimg.com/images/themes/theme14/bg.gif", "profile_background_tile": true, "profile_banner_url": "https://pbs.twimg.com/profile_banners/14883342/1400869507", "profile_image_url": "https://pbs.twimg.com/profile_images/2960081355/8b825060b5f6ac0c4efa5433cd9cc3fa_normal.jpeg", "profile_link_color": "009999", "profile_sidebar_fill_color": "EFEFEF", "profile_text_color": "333333", "protected": false, "screen_name": "ekallevig", "statuses_count": 596, "time_zone": "Eastern Time (US & Canada)", "url": "http://t.co/zlqeot7ECW", "utc_offset": -14400}, "user_mentions": [{"id": 380749300, "name": "@apple", "screen_name": "Apple"}]}