{"created_at": "Sun Oct 16 21:10:33 +0000 2011", "favorited": false, "id": 125680049478316032, "in_reply_to_screen_name": "rygurl", "in_reply_to_status_id": 125664515391102977, "in_reply_to_user_id": 19464162, "lang": "en", "retweeted": false, "source": "<a href=\"http://twitter.com\" rel=\"nofollow\">Twitter Web Client</a>", "text": "@rygurl you need an @apple iphone4S with Siri!", "truncated": false, "user": {"created_at": "Sat Mar 07 21:15:00 +0000 2009", "description": "Child of God. Brother. Boyfriend. Project Manager. Engineer. Photographer. Snowboarder. Traveler. Eater.", "favourites_count": 248, "followers_count": 195, "friends_count": 47, "id": 23235510, "lang": "en", "listed_count": 8, "name": "Alex", "profile_background_color": "022330", "profile_background_image_url": "http://abs.twimg.com/images/themes/theme15/bg.png", "profile_background_tile": false, "profile_image_url": "https://pbs.twimg.com/profile_images/1126693516/me_normal.jpg", "profile_link_color": "0084B4", "profile_sidebar_fill_color": "C0DFEC", "profile_text_color": "333333", "protected": false, "screen_name": "chowftw", "statuses_count": 8636, "time_zone": "Pacific Time (US & Canada)", "url": "http://t.co/DoeqhRQ0H4", "utc_offset": -25200}, "user_mentions": [{"id": 19464162, "name": "Janine S", "screen_name": "rygurl"}, {"id": 380749300, "name": "@apple", "screen_name": "Apple"}]}