{"created_at": "Sun Oct 16 21:30:17 +0000 2011", "favorited": false, "hashtags": ["fbf11", "publaunch"], "id": 125685016389894144, "lang": "en", "retweet_count": 1, "retweeted": false, "retweeted_status": {"created_at": "Sun Oct 16 20:20:01 +0000 2011", "favorited": false, "hashtags": ["fbf11", "publaunch"], "id": 125667332931596290, "lang": "en", "retweet_count": 1, "retweeted": false, "source": "<a href=\"http://www.hootsuite.com\" rel=\"nofollow\">Hootsuite</a>", "text": "\"3 principal global players will be active in every market...@Amazon, @Apple, & @Kobo.\" #fbf11 #publaunch @MikeShatzkin http://t.co/1ndxcMO1", "truncated": false, "urls": {"http://t.co/1ndxcMO1": "http://ow.ly/6YVHp"}, "user": {"created_at": "Tue May 12 09:56:28 +0000 2009", "description": "Journalist in Publishing  | #PorterMeets @TheBookseller | Writing on the Ether @ThoughtCatalog | #EtherIssue @PubPerspectives | Formerly: CNN, Village Voice, UN", "followers_count": 9583, "friends_count": 1737, "id": 39469575, "lang": "en", "listed_count": 708, "name": "Porter Anderson", "profile_background_color": "1D0A07", "profile_background_image_url": "http://abs.twimg.com/images/themes/theme14/bg.gif", "profile_background_tile": true, "profile_banner_url": "https://pbs.twimg.com/profile_banners/39469575/1398204475", "profile_image_url": "https://pbs.twimg.com/profile_images/420354979094745088/MwNaNqJY_normal.jpeg", "profile_link_color": "1B0B07", "profile_sidebar_fill_color": "C4B989", "profile_text_color": "29B1C6", "protected": false, "screen_name": "Porter_Anderson", "statuses_count": 101864, "time_zone": "Eastern Time (US & Canada)", "url": "http://t.co/gO4iueqhlu", "utc_offset": -14400}, "user_mentions": [{"id": 20793816, "name": "Amazon", "screen_name": "amazon"}, {"id": 380749300, "name": "@apple", "screen_name": "Apple"}, {"id": 17348224, "name": "Kobo", "screen_name": "kobo"}, {"id": 19001065, "name": "Mike Shatzkin", "screen_name": "MikeShatzkin"}]}, "source": "<a href=\"http://twitter.com/download/android\" rel=\"nofollow\">Twitter for Android</a>", "text": "RT @Porter_Anderson: \"3 principal global players will be active in every market...@Amazon, @Apple, & @Kobo.\" #fbf11 #publaunch @MikeShat ...", "truncated": false, "urls": {"http://t.co/1ndxcMO1": "http://ow.ly/6YVHp"}, "user": {"created_at": "Sun Jul 10 18:52:34 +0000 2011", "description": "Bookinaute palm\u00e9e", "favourites_count": 18, "followers_count": 120, "friends_count": 419, "id": 332961641, "lang": "fr", "listed_count": 4, "name": "Tuxy Lady", "profile_background_color": "642D8B", "profile_background_image_url": "http://abs.twimg.com/images/themes/theme10/bg.gif", "profile_background_tile": true, "profile_image_url": "https://pbs.twimg.com/profile_images/1435775336/TuxHawaii_normal.jpg", "profile_link_color": "FF0000", "profile_sidebar_fill_color": "7AC3EE", "profile_text_color": "3D1957", "protected": false, "screen_name": "TuxyLady", "statuses_count": 434, "time_zone": "Greenland", "utc_offset": -7200}, "user_mentions": [{"id": 39469575, "name": "Porter Anderson", "screen_name": "Porter_Anderson"}, {"id": 20793816, "name": "Amazon", "screen_name": "amazon"}, {"id": 380749300, "name": "@apple", "screen_name": "Apple"}, {"id": 17348224, "name": "Kobo", "screen_name": "kobo"}, {"id": 19001065, "name": "Mike Shatzkin", "screen_name": "MikeShatzkin"}]}