{"created_at": "Sun Oct 16 22:08:19 +0000 2011", "favorited": false, "id": 125694587313467393, "in_reply_to_screen_name": "Apple", "in_reply_to_user_id": 380749300, "lang": "en", "retweeted": false, "source": "<a href=\"http://www.facebook.com/twitter\" rel=\"nofollow\">Facebook</a>", "text": "WOW DOGS!!\n\n@Apple w/Starr earlier - upstairs in the huge soho store and all of a sudden she sprung to attention... http://t.co/b2PLMYVD", "truncated": false, "urls": {"http://t.co/b2PLMYVD": "http://fb.me/1hFDf3S16"}, "user": {"created_at": "Wed Sep 24 05:05:21 +0000 2008", "description": "Dog biscuit company in New York City. All-natural, gluten free biscuits, handmade with heart and local farmer's market ingredients in small batches.", "favourites_count": 13, "followers_count": 2361, "friends_count": 1547, "id": 16430868, "lang": "en", "listed_count": 110, "location": "NYC", "name": "Biscuits by Lambchop", "profile_background_color": "8B542B", "profile_background_image_url": "http://pbs.twimg.com/profile_background_images/25562015/twitterbackgrnd4.jpg", "profile_background_tile": false, "profile_banner_url": "https://pbs.twimg.com/profile_banners/16430868/1398464139", "profile_image_url": "https://pbs.twimg.com/profile_images/905192065/lambchop_head_normal.jpeg", "profile_link_color": "9D582E", "profile_sidebar_fill_color": "EADEAA", "profile_text_color": "333333", "protected": false, "screen_name": "lambybiscuits", "statuses_count": 9371, "time_zone": "Central Time (US & Canada)", "url": "http://t.co/wUEf08Wve2", "utc_offset": -18000}, "user_mentions": [{"id": 380749300, "name": "@apple", "screen_name": "Apple"}]}