{"coordinates": {"coordinates": [-86.68624, 36.3065], "type": "Point"}, "created_at": "Sun Oct 16 19:29:11 +0000 2011", "favorited": false, "geo": {"coordinates": [36.3065, -86.68624], "type": "Point"}, "id": 125654540455378945, "lang": "en", "place": {"attributes": {}, "bounding_box": {"coordinates": [[[-87.054766, 35.967785], [-86.515588, 35.967785], [-86.515588, 36.405496], [-87.054766, 36.405496]]], "type": "Polygon"}, "contained_within": [], "country": "United States", "country_code": "US", "full_name": "Nashville, TN", "id": "67eb74af40bb4766", "name": "Nashville", "place_type": "city", "url": "https://api.twitter.com/1.1/geo/id/67eb74af40bb4766.json"}, "retweeted": false, "source": "<a href=\"http://www.echofon.com/\" rel=\"nofollow\">Echofon</a>", "text": "Is it too much to ask which app is incompatible, @apple? http://t.co/yKqip7nk", "truncated": false, "urls": {"http://t.co/yKqip7nk": "http://lockerz.com/s/147738381"}, "user": {"created_at": "Mon Mar 31 21:25:14 +0000 2008", "description": "Interaction/user experience designer, CX strategist. Design like you're right, listen like you're wrong, test like you're curious.", "favourites_count": 574, "followers_count": 698, "friends_count": 935, "geo_enabled": true, "id": 14269684, "lang": "en", "listed_count": 65, "location": "Nashville, TN", "name": "Jim Voorhies", "profile_background_color": "0C1409", "profile_background_image_url": "http://pbs.twimg.com/profile_background_images/394611423/TalbotLago2.jpg", "profile_background_tile": false, "profile_banner_url": "https://pbs.twimg.com/profile_banners/14269684/1398280141", "profile_image_url": "https://pbs.twimg.com/profile_images/1179416086/Voorhies_2sm_normal.jpg", "profile_link_color": "696545", "profile_sidebar_fill_color": "C6C6C6", "profile_text_color": "2A2A2A", "protected": false, "screen_name": "jimvoorhies", "statuses_count": 14073, "time_zone": "Central Time (US & Canada)", "url": "http://t.co/hhgOWaJ85j", "utc_offset": -18000}, "user_mentions": [{"id": 380749300, "name": "@apple", "screen_name": "Apple"}]}