{"created_at": "Sun Oct 16 19:03:18 +0000 2011", "favorited": false, "hashtags": ["addicted"], "id": 125648027045199873, "lang": "en", "retweeted": false, "source": "<a href=\"http://www.echofon.com/\" rel=\"nofollow\">Echofon</a>", "text": "RT @MattyRiesz: @kathrynyee You were right, an iPhone is a must have. #addicted {WELCOME TO THE @APPLE CLUB}", "truncated": false, "user": {"created_at": "Thu Jul 16 13:55:25 +0000 2009", "description": "Designer, Stylist & Curator of Experiences & Events @BashStudio / Brand Strategy", "favourites_count": 402, "followers_count": 447, "friends_count": 573, "geo_enabled": true, "id": 57339887, "lang": "en", "listed_count": 8, "location": "Boston", "name": "Kay", "profile_background_color": "000000", "profile_background_image_url": "http://pbs.twimg.com/profile_background_images/682338012/7838264df84eb2fd145a00eafaf6bf95.jpeg", "profile_background_tile": false, "profile_banner_url": "https://pbs.twimg.com/profile_banners/57339887/1401719091", "profile_image_url": "https://pbs.twimg.com/profile_images/473470753015218176/1T27dgqe_normal.jpeg", "profile_link_color": "74DEC9", "profile_sidebar_fill_color": "3B3934", "profile_text_color": "CCCCCC", "protected": false, "screen_name": "kathrynyee", "statuses_count": 4253, "time_zone": "Eastern Time (US & Canada)", "url": "http://t.co/bXmbCXOK7y", "utc_offset": -14400}, "user_mentions": [{"id": 253834781, "name": "Matthew Riesz", "screen_name": "MattyRiesz"}, {"id": 57339887, "name": "Kay", "screen_name": "kathrynyee"}, {"id": 380749300, "name": "@apple", "screen_name": "Apple"}]}