{"created_at": "Sun Oct 16 19:55:00 +0000 2011", "favorited": false, "id": 125661036891226113, "in_reply_to_screen_name": "mcp111", "in_reply_to_status_id": 125591434056318977, "in_reply_to_user_id": 15178679, "lang": "en", "retweeted": false, "source": "<a href=\"http://www.echofon.com/\" rel=\"nofollow\">Echofon</a>", "text": "@mcp111 @apple @AppStore Why are you asking us? Apple don't read messages on Twitter... and Apple aren't @Apple either", "truncated": false, "user": {"created_at": "Mon Jun 27 18:02:17 +0000 2011", "description": "Providing FREE Apple product support via Twitter. Have a question? We're just a tweet away! \n\nTopic Of The Week: iPhone & iOS", "favourites_count": 55, "followers_count": 206, "friends_count": 338, "id": 325074505, "lang": "en", "listed_count": 7, "location": "Twitter (UK)", "name": "iHelpline", "profile_background_color": "C0DEED", "profile_background_image_url": "http://abs.twimg.com/images/themes/theme1/bg.png", "profile_background_tile": false, "profile_image_url": "https://pbs.twimg.com/profile_images/1415917636/ProfilePic_normal.png", "profile_link_color": "0084B4", "profile_sidebar_fill_color": "DDEEF6", "profile_text_color": "333333", "protected": false, "screen_name": "iHelpline", "statuses_count": 2023, "url": "http://t.co/tPdrGuNKtC"}, "user_mentions": [{"id": 15178679, "name": "Partha ", "screen_name": "mcp111"}, {"id": 380749300, "name": "@apple", "screen_name": "Apple"}, {"id": 74594552, "name": "App Store ", "screen_name": "AppStore"}, {"id": 380749300, "name": "@apple", "screen_name": "Apple"}]}