{"created_at": "Sun Oct 16 20:19:39 +0000 2011", "favorited": false, "hashtags": ["imamac"], "id": 125667241978114048, "lang": "en", "retweeted": false, "source": "<a href=\"http://twitter.com\" rel=\"nofollow\">Twitter Web Client</a>", "text": "So, I am using my work PC (NEVER EVER) to get a feel for it; it has the worst speakers ever!! @apple you have spoiled me!! #imamac", "truncated": false, "user": {"created_at": "Mon Jan 05 04:32:26 +0000 2009", "description": "I talk too much, I have way too many tubes of lip gloss, 4 a.m. dance parties are love! I intend to change the world.. oh & love IS all you need. ;o) \u2764", "favourites_count": 7882, "followers_count": 307, "friends_count": 1999, "id": 18623575, "lang": "en", "listed_count": 14, "location": "managing property in m-town", "name": "K  \u262e", "profile_background_color": "ECD078", "profile_background_image_url": "http://pbs.twimg.com/profile_background_images/142043042/x9f42f5471840bcc29e57ce0c911f4b9.png", "profile_background_tile": true, "profile_banner_url": "https://pbs.twimg.com/profile_banners/18623575/1349281816", "profile_image_url": "https://pbs.twimg.com/profile_images/435661439408562176/50QcGZLJ_normal.jpeg", "profile_link_color": "53777A", "profile_sidebar_fill_color": "542437", "profile_text_color": "D95B43", "protected": false, "screen_name": "livenoutlouder", "statuses_count": 27896, "time_zone": "Central Time (US & Canada)", "utc_offset": -18000}, "user_mentions": [{"id": 380749300, "name": "@apple", "screen_name": "Apple"}]}