{"created_at": "Sun Oct 16 19:00:10 +0000 2011", "favorited": false, "hashtags": ["iWeb", "mobileme", "help", "dtv"], "id": 125647236418912256, "lang": "en", "retweeted": false, "source": "<a href=\"http://www.echofon.com/\" rel=\"nofollow\">Echofon</a>", "text": "Dear @apple can I still use #iWeb for my #mobileme website if I convert to iCloud with my Apple ID for mail and iCal??? #help #dtv thanks!", "truncated": false, "user": {"created_at": "Sat Mar 07 19:04:38 +0000 2009", "description": "Adviseur in wetenschapspopularisatie, dagvoorzitter. En Europees R&D manager bij de Amsterdam Economic Board. Ook:fotografie,foodie,ex-Parisienne", "favourites_count": 3090, "followers_count": 1279, "friends_count": 1929, "id": 23222496, "lang": "nl", "listed_count": 47, "location": "Leiden (NL)", "name": "Audrie van Veen", "profile_background_color": "352726", "profile_background_image_url": "http://pbs.twimg.com/profile_background_images/151829166/twilk_background_4c98cbba43c4a.jpg", "profile_background_tile": true, "profile_banner_url": "https://pbs.twimg.com/profile_banners/23222496/1383862281", "profile_image_url": "https://pbs.twimg.com/profile_images/378800000707181782/9b26a4d495a01c221453932be30f9438_normal.jpeg", "profile_link_color": "D02B55", "profile_sidebar_fill_color": "99CC33", "profile_text_color": "3E4415", "protected": false, "screen_name": "audrievv", "statuses_count": 20774, "time_zone": "Amsterdam", "url": "http://t.co/evrawFqa1B", "utc_offset": 7200}, "user_mentions": [{"id": 380749300, "name": "@apple", "screen_name": "Apple"}]}