{"created_at": "Sun Oct 16 18:34:25 +0000 2011", "favorited": false, "hashtags": ["twitpeeps"], "id": 125640758966484992, "lang": "en", "retweeted": false, "source": "<a href=\"http://twitter.com/download/iphone\" rel=\"nofollow\">Twitter for iPhone</a>", "text": "What's up #twitpeeps? How's every @apple user liking iOS 5?", "truncated": false, "user": {"created_at": "Fri Jan 21 16:32:32 +0000 2011", "description": "Just a 21 y/o trying to figure out life. #MusicLover #LittleMonster Anytime you need someone to talk to, I'm here for you PS @ladygaga follows :)", "favourites_count": 1710, "followers_count": 912, "friends_count": 1198, "geo_enabled": true, "id": 241166702, "lang": "en", "listed_count": 11, "location": "Monsterr Island", "name": "Derek Jersey", "profile_background_color": "02070A", "profile_background_image_url": "http://pbs.twimg.com/profile_background_images/199464331/IMG_0539.JPG", "profile_background_tile": true, "profile_banner_url": "https://pbs.twimg.com/profile_banners/241166702/1350537789", "profile_image_url": "https://pbs.twimg.com/profile_images/378800000476423647/08e11034f52efe53bf18e90b5c15477b_normal.jpeg", "profile_link_color": "0C00B3", "profile_sidebar_fill_color": "5FB7E6", "profile_text_color": "DE1111", "protected": false, "screen_name": "HausDeKersey", "statuses_count": 16247, "url": "http://t.co/xgO2n4ieYu"}, "user_mentions": [{"id": 380749300, "name": "@apple", "screen_name": "Apple"}]}