{"created_at": "Sun Oct 16 20:47:00 +0000 2011", "favorited": false, "hashtags": ["iCloud"], "id": 125674121722998785, "lang": "en", "retweeted": false, "source": "<a href=\"http://itunes.apple.com/us/app/twitter/id409789998?mt=12\" rel=\"nofollow\">Twitter for Mac</a>", "text": "Why can't I check just Notes (without mail) on Lion for #iCloud like I do on the iOS devices @apple ?", "truncated": false, "user": {"created_at": "Wed Sep 10 09:20:39 +0000 2008", "description": "Bank, Project Manager, Virtualizing Servers/Clients in Enterprises, gambler", "favourites_count": 86, "followers_count": 61, "friends_count": 121, "geo_enabled": true, "id": 16218717, "lang": "en", "listed_count": 3, "location": "Bavaria", "name": "ChrisdeWagner", "profile_background_color": "C0DEED", "profile_background_image_url": "http://abs.twimg.com/images/themes/theme1/bg.png", "profile_background_tile": false, "profile_image_url": "https://pbs.twimg.com/profile_images/66231691/IMG_9310_normal.JPG", "profile_link_color": "0084B4", "profile_sidebar_fill_color": "DDEEF6", "profile_text_color": "333333", "protected": false, "screen_name": "ChrisdeWagner", "statuses_count": 429, "time_zone": "Berlin", "utc_offset": 7200}, "user_mentions": [{"id": 380749300, "name": "@apple", "screen_name": "Apple"}]}