{"created_at": "Sun Oct 16 21:10:20 +0000 2011", "favorited": false, "id": 125679996420374530, "in_reply_to_screen_name": "Apple", "in_reply_to_user_id": 380749300, "lang": "und", "retweeted": false, "source": "<a href=\"https://dev.twitter.com/docs/tfw\" rel=\"nofollow\">Twitter for Websites</a>", "text": "@apple http://t.co/2YcsCG68 via @donorschoose", "truncated": false, "urls": {"http://t.co/2YcsCG68": "http://www.donorschoose.org/donors/proposal.html?id=649285&utm_source=dc&utm_campaign=twitter&utm_medium=projectpage"}, "user": {"created_at": "Sun Oct 17 03:51:22 +0000 2010", "description": "I am a second grade teacher and I love working with kids. I love reading, shopping, going out with friends, and traveling.", "favourites_count": 512, "followers_count": 88, "friends_count": 170, "id": 203785191, "lang": "en", "listed_count": 1, "location": "Texas", "name": "Brenda", "profile_background_color": "0099B9", "profile_background_image_url": "http://abs.twimg.com/images/themes/theme4/bg.gif", "profile_background_tile": false, "profile_image_url": "https://pbs.twimg.com/profile_images/447598923088027649/7JdF5ggO_normal.jpeg", "profile_link_color": "0099B9", "profile_sidebar_fill_color": "95E8EC", "profile_text_color": "3C3940", "protected": false, "screen_name": "lovetoteach2nd", "statuses_count": 1393, "time_zone": "Central Time (US & Canada)", "utc_offset": -18000}, "user_mentions": [{"id": 380749300, "name": "@apple", "screen_name": "Apple"}, {"id": 17232815, "name": "DonorsChoose", "screen_name": "DonorsChoose"}]}