{"created_at": "Sun Oct 16 20:11:07 +0000 2011", "favorited": false, "id": 125665094561574913, "in_reply_to_screen_name": "semil", "in_reply_to_status_id": 125654735532466177, "in_reply_to_user_id": 15227849, "lang": "en", "retweeted": false, "source": "<a href=\"http://twitter.com\" rel=\"nofollow\">Twitter Web Client</a>", "text": "@semilshah yeah except that when you ask for a receipt, it takes them 30 minutes to figure out where it printed out. Fix that, @Apple!", "truncated": false, "user": {"created_at": "Tue Sep 04 14:46:54 +0000 2007", "description": "I heart entrepreneurs. Partner @BessemerVP. Views randomly generated.", "favourites_count": 44, "followers_count": 8820, "friends_count": 220, "geo_enabled": true, "id": 8646172, "lang": "en", "listed_count": 362, "location": "\u00dcT: 37.459116,-122.18709", "name": "Ethan Kurzweil", "profile_background_color": "9AE4E8", "profile_background_image_url": "http://abs.twimg.com/images/themes/theme1/bg.png", "profile_background_tile": false, "profile_image_url": "https://pbs.twimg.com/profile_images/33800282/P1010066_normal.jpg", "profile_link_color": "0000FF", "profile_sidebar_fill_color": "E0FF92", "profile_text_color": "000000", "protected": false, "screen_name": "ethankurz", "statuses_count": 3415, "time_zone": "Pacific Time (US & Canada)", "url": "http://t.co/NEBc3hnJw6", "utc_offset": -25200}, "user_mentions": [{"id": 408869944, "name": "Semil Shah", "screen_name": "semilshah"}, {"id": 380749300, "name": "@apple", "screen_name": "Apple"}]}