{"coordinates": {"coordinates": [-74.0051461, 40.74098937], "type": "Point"}, "created_at": "Sun Oct 16 18:01:56 +0000 2011", "favorited": false, "geo": {"coordinates": [40.74098937, -74.0051461], "type": "Point"}, "id": 125632582795804672, "lang": "en", "place": {"attributes": {"street_address": "401 W 14th St"}, "bounding_box": {"coordinates": [[[-74.005531, 40.741082], [-74.005531, 40.741082], [-74.005531, 40.741082], [-74.005531, 40.741082]]], "type": "Polygon"}, "contained_within": [], "country": "United States", "country_code": "US", "full_name": "Apple Store", "id": "731cf9671da62623", "name": "Apple Store", "place_type": "poi", "url": "https://api.twitter.com/1.1/geo/id/731cf9671da62623.json"}, "retweeted": false, "source": "<a href=\"http://foursquare.com\" rel=\"nofollow\">foursquare</a>", "text": "Right. Migrate from older mbp to imac using ethernet not firewire. Thanks Drew for saving me some $. @apple http://t.co/IAHHaGXy", "truncated": false, "urls": {"http://t.co/IAHHaGXy": "http://4sq.com/rdXHjy"}, "user": {"created_at": "Fri May 23 18:52:12 +0000 2008", "description": "digital marketing dude @resonatetweets", "favourites_count": 30, "followers_count": 240, "friends_count": 357, "geo_enabled": true, "id": 14885111, "lang": "en", "listed_count": 5, "location": "NYC", "name": "Marc Johnson", "profile_background_color": "C0DEED", "profile_background_image_url": "http://abs.twimg.com/images/themes/theme1/bg.png", "profile_background_tile": false, "profile_image_url": "https://pbs.twimg.com/profile_images/2182270230/madmen_icon_normal.jpg", "profile_link_color": "0084B4", "profile_sidebar_fill_color": "DDEEF6", "profile_text_color": "333333", "protected": false, "screen_name": "marcuspj", "statuses_count": 1152, "time_zone": "Eastern Time (US & Canada)", "url": "http://t.co/b16NQOFyKD", "utc_offset": -14400}, "user_mentions": [{"id": 380749300, "name": "@apple", "screen_name": "Apple"}]}