{"created_at": "Sun Oct 16 20:06:39 +0000 2011", "favorited": false, "hashtags": ["Lion"], "id": 125663967296229376, "lang": "en", "retweeted": false, "source": "<a href=\"http://itunes.apple.com/us/app/twitter/id409789998?mt=12\" rel=\"nofollow\">Twitter for Mac</a>", "text": "While the improvements in @Apple Mac OS 10.7 #Lion are great, the full-screen implementation on 2 monitors is broken.", "truncated": false, "user": {"created_at": "Wed Jun 02 12:25:01 +0000 2010", "description": "A small personal design firm, with great big ideas.", "favourites_count": 11, "followers_count": 82, "friends_count": 73, "geo_enabled": true, "id": 151024342, "lang": "en", "listed_count": 3, "location": "New York, NY", "name": "Whitehouse & Company", "profile_background_color": "131516", "profile_background_image_url": "http://abs.twimg.com/images/themes/theme1/bg.png", "profile_background_tile": true, "profile_image_url": "https://pbs.twimg.com/profile_images/3592651361/7fb1f6e2102d68c013156ef5142c127d_normal.png", "profile_link_color": "0F51A3", "profile_sidebar_fill_color": "EFEFEF", "profile_text_color": "333333", "protected": false, "screen_name": "WandCoDesign", "statuses_count": 194, "time_zone": "Eastern Time (US & Canada)", "url": "http://t.co/LERoDp1pIl", "utc_offset": -14400}, "user_mentions": [{"id": 380749300, "name": "@apple", "screen_name": "Apple"}]}