{"created_at": "Sun Oct 16 21:07:02 +0000 2011", "favorited": false, "hashtags": ["autoSaveSucks"], "id": 125679166015283203, "lang": "en", "retweeted": false, "source": "<a href=\"http://twitter.com\" rel=\"nofollow\">Twitter Web Client</a>", "text": "Clarence Thomas must have designed the new OSX lion, tossing decades of workflow standards, @apple bring back \u201csave as\u201d! #autoSaveSucks", "truncated": false, "user": {"created_at": "Wed Mar 18 14:20:35 +0000 2009", "description": "Yeah, it's me, Hi.", "favourites_count": 278, "followers_count": 191, "friends_count": 383, "id": 25079492, "lang": "en", "listed_count": 13, "location": "New York City", "name": "Myles Gaythwaite", "profile_background_color": "C0DEED", "profile_background_image_url": "http://abs.twimg.com/images/themes/theme1/bg.png", "profile_background_tile": false, "profile_image_url": "https://pbs.twimg.com/profile_images/108105092/herm_normal.jpg", "profile_link_color": "0084B4", "profile_sidebar_fill_color": "DDEEF6", "profile_text_color": "333333", "protected": false, "screen_name": "mylesnyc", "statuses_count": 2563, "time_zone": "Tehran", "url": "http://t.co/F9PHXhALx1", "utc_offset": 16200}, "user_mentions": [{"id": 380749300, "name": "@apple", "screen_name": "Apple"}]}