{"created_at": "Sun Oct 16 21:48:52 +0000 2011", "favorited": false, "hashtags": ["iOS5", "geolocation"], "id": 125689691927351296, "in_reply_to_screen_name": "Apple", "in_reply_to_user_id": 380749300, "lang": "en", "retweeted": false, "source": "<a href=\"http://twitter.com/download/iphone\" rel=\"nofollow\">Twitter for iPhone</a>", "text": "@Apple, #iOS5 #geolocation Suburbs with 2 words drops Map Pins in other States! Please fix.", "truncated": false, "user": {"created_at": "Mon Jul 25 11:41:36 +0000 2011", "favourites_count": 4, "followers_count": 9, "friends_count": 23, "geo_enabled": true, "id": 342046035, "lang": "en", "location": "Melbourne, Victoria, Australia", "name": "Enabled", "profile_background_color": "C0DEED", "profile_background_image_url": "http://abs.twimg.com/images/themes/theme1/bg.png", "profile_background_tile": false, "profile_banner_url": "https://pbs.twimg.com/profile_banners/342046035/1378264191", "profile_image_url": "https://pbs.twimg.com/profile_images/378800000407961257/ee099e7e9afc5b9bd004db84e627c744_normal.jpeg", "profile_link_color": "0084B4", "profile_sidebar_fill_color": "DDEEF6", "profile_text_color": "333333", "protected": false, "screen_name": "Enabled2", "statuses_count": 847, "time_zone": "Melbourne", "utc_offset": 36000}, "user_mentions": [{"id": 380749300, "name": "@apple", "screen_name": "Apple"}]}