{"created_at": "Sun Oct 16 22:10:23 +0000 2011", "favorited": false, "id": 125695107734319104, "in_reply_to_screen_name": "Jhoodmartin", "in_reply_to_status_id": 125692662199238659, "in_reply_to_user_id": 38047702, "lang": "en", "retweeted": false, "source": "<a href=\"http://twitter.com/#!/download/ipad\" rel=\"nofollow\">Twitter for iPad</a>", "text": "@Jhoodmartin @rolandsmartin yes salute to Steve Jobs and @apple. I'm tweeting and you are watching on the IPad. Let's go Schaub time to lead", "truncated": false, "user": {"created_at": "Sun Apr 26 16:34:29 +0000 2009", "description": "ACF Certified Executive Chef, Program Director Outback Culinary Academy, Adjunct Instructor Houston Community College and Owner Lemond Catering and Events", "favourites_count": 1065, "followers_count": 1510, "friends_count": 1044, "geo_enabled": true, "id": 35501332, "lang": "en", "listed_count": 16, "location": "Houston, Texas", "name": "Reginald Martin,CEC", "profile_background_color": "C0DEED", "profile_background_image_url": "http://abs.twimg.com/images/themes/theme1/bg.png", "profile_background_tile": false, "profile_image_url": "https://pbs.twimg.com/profile_images/378800000149606990/c4d0cf38765a3eb62e2af86df7bf8b5d_normal.jpeg", "profile_link_color": "0084B4", "profile_sidebar_fill_color": "DDEEF6", "profile_text_color": "333333", "protected": false, "screen_name": "chefreggie06", "statuses_count": 3694, "time_zone": "Central Time (US & Canada)", "url": "http://t.co/RfXs3chtFq", "utc_offset": -18000}, "user_mentions": [{"id": 38047702, "name": "Jacquie Hood Martin", "screen_name": "Jhoodmartin"}, {"id": 16116288, "name": "rolandsmartin", "screen_name": "rolandsmartin"}, {"id": 380749300, "name": "@apple", "screen_name": "Apple"}]}