{"created_at": "Sun Oct 16 20:10:19 +0000 2011", "favorited": false, "hashtags": ["FAIL"], "id": 125664891691474944, "lang": "en", "retweeted": false, "source": "<a href=\"http://www.echofon.com/\" rel=\"nofollow\">Echofon</a>", "text": "Waiting at end of 20 person line after checking in on time for my \"genius bar\" appt. @apple store...I do not find this system \"genius\" #FAIL", "truncated": false, "user": {"created_at": "Fri Apr 24 00:43:01 +0000 2009", "description": "Positive-thinker, foodie, wine fanatic, Mom of 2 giggly girls, loyal CUBS fan, grew up on a farm and happy to #followback", "favourites_count": 8, "followers_count": 4954, "friends_count": 4750, "geo_enabled": true, "id": 34788270, "lang": "en", "listed_count": 204, "location": "Ft. Lauderdale and Chicago", "name": "Deanna Hulting Kim", "profile_background_color": "0099B9", "profile_background_image_url": "http://pbs.twimg.com/profile_background_images/32712312/Twitterbckgrnd.jpg", "profile_background_tile": false, "profile_banner_url": "https://pbs.twimg.com/profile_banners/34788270/1356404878", "profile_image_url": "https://pbs.twimg.com/profile_images/378800000815497698/7df5404ba778cc0400d7e6e144101031_normal.jpeg", "profile_link_color": "0099B9", "profile_sidebar_fill_color": "95E8EC", "profile_text_color": "3C3940", "protected": false, "screen_name": "DeannaKim", "statuses_count": 3449, "time_zone": "Eastern Time (US & Canada)", "url": "http://t.co/npnRtcLIU2", "utc_offset": -14400}, "user_mentions": [{"id": 380749300, "name": "@apple", "screen_name": "Apple"}]}