{"created_at": "Sun Oct 16 20:04:42 +0000 2011", "favorited": false, "id": 125663477573500930, "lang": "en", "retweeted": false, "source": "<a href=\"http://twitter.com/download/iphone\" rel=\"nofollow\">Twitter for iPhone</a>", "text": "Bummer!  My @Yahoo! iPad fantasy football app keeps crashing; not sure if it's the app or the new @apple iOS 5. Only two apps running.", "truncated": false, "user": {"created_at": "Tue Jun 02 21:20:38 +0000 2009", "description": "Prof. Photogrammetrist, Drupal Dabbler, Salish Sea Cruiser, Occasional Brewer", "favourites_count": 43, "followers_count": 124, "friends_count": 438, "geo_enabled": true, "id": 44211341, "lang": "en", "listed_count": 9, "location": "Seattle, USA", "name": "Jeff Kenner", "profile_background_color": "131516", "profile_background_image_url": "http://abs.twimg.com/images/themes/theme14/bg.gif", "profile_background_tile": true, "profile_image_url": "https://pbs.twimg.com/profile_images/378800000785502738/9c96f2c5f9a22cdc740a2986f154478b_normal.jpeg", "profile_link_color": "009999", "profile_sidebar_fill_color": "EFEFEF", "profile_text_color": "333333", "protected": false, "screen_name": "JeffKenner", "statuses_count": 1087, "time_zone": "Pacific Time (US & Canada)", "utc_offset": -25200}, "user_mentions": [{"id": 19380829, "name": "Yahoo", "screen_name": "Yahoo"}, {"id": 380749300, "name": "@apple", "screen_name": "Apple"}]}