{"created_at": "Sun Oct 16 21:14:49 +0000 2011", "favorited": false, "id": 125681125376000000, "lang": "en", "retweeted": false, "source": "<a href=\"http://twitter.com/download/android\" rel=\"nofollow\">Twitter for Android</a>", "text": "Iphone 4s siri doesn't work for shit @apple", "truncated": false, "user": {"created_at": "Wed Oct 05 07:03:04 +0000 2011", "favourites_count": 2, "followers_count": 20, "friends_count": 103, "geo_enabled": true, "id": 385287926, "lang": "en", "location": "temecula, california", "name": "Anthony Ercolani", "profile_background_color": "C0DEED", "profile_background_image_url": "http://abs.twimg.com/images/themes/theme1/bg.png", "profile_background_tile": false, "profile_image_url": "https://pbs.twimg.com/profile_images/3255160504/23814026c308732d0c77f5515f1b7f24_normal.jpeg", "profile_link_color": "0084B4", "profile_sidebar_fill_color": "DDEEF6", "profile_text_color": "333333", "protected": false, "screen_name": "AnthonyErcolani", "statuses_count": 328, "url": "http://t.co/kLhyo7BE3h"}, "user_mentions": [{"id": 380749300, "name": "@apple", "screen_name": "Apple"}]}