{"created_at": "Sun Oct 16 22:01:24 +0000 2011", "favorited": false, "id": 125692845054115842, "lang": "en", "retweet_count": 1, "retweeted": false, "source": "<a href=\"http://twitter.com/download/iphone\" rel=\"nofollow\">Twitter for iPhone</a>", "text": "Watching @cotmtulsa webcast on Joseph  from my iPad on my @apple TV. I love technology. http://t.co/mpBZyl72", "truncated": false, "user": {"created_at": "Thu Feb 26 15:51:57 +0000 2009", "description": "Living a God purposed life in a self-centered world. Attends @COTMTulsa & @LifeChurchOK. Works for @Phillips66co IT (opinions are my own) & OK State Alum", "favourites_count": 47, "followers_count": 141, "friends_count": 417, "geo_enabled": true, "id": 22023611, "lang": "en", "listed_count": 2, "location": "Bartlesville, OK", "name": "Damon Crawley", "profile_background_color": "FFFFFF", "profile_background_image_url": "http://pbs.twimg.com/profile_background_images/13093580/primary_OSU_sm.jpg", "profile_background_tile": false, "profile_image_url": "https://pbs.twimg.com/profile_images/815163961/DSC_2190b_normal.jpg", "profile_link_color": "FF6600", "profile_sidebar_fill_color": "333333", "profile_text_color": "919191", "protected": false, "screen_name": "damoncrawley", "statuses_count": 2184, "time_zone": "Central Time (US & Canada)", "url": "http://t.co/5U6j269nWx", "utc_offset": -18000}, "user_mentions": [{"id": 380749300, "name": "@apple", "screen_name": "Apple"}]}