{"created_at": "Sun Oct 16 19:42:44 +0000 2011", "favorited": false, "id": 125657950185463808, "lang": "en", "retweet_count": 1, "retweeted": false, "retweeted_status": {"created_at": "Sun Oct 16 18:09:42 +0000 2011", "favorited": false, "id": 125634537966411776, "lang": "en", "retweet_count": 1, "retweeted": false, "source": "<a href=\"http://www.echofon.com/\" rel=\"nofollow\">Echofon</a>", "text": "With @twitter and @apple partnership, would be great if SMS from 40404 to iOS devices would use imessage.", "truncated": false, "user": {"created_at": "Sun Mar 18 12:46:42 +0000 2007", "description": "Digerati leader @LifeChurchTV,co-founder of @YouVersion. \r\nPassions: Jesus,family,leading,racing bikes,impacting the world for Christ.\r\nFocus: Leaving a legacy!", "favourites_count": 298, "followers_count": 112266, "friends_count": 977, "geo_enabled": true, "id": 1413801, "lang": "en", "listed_count": 443, "location": "Edmond", "name": "Terry Storch", "profile_background_color": "FAFAFA", "profile_background_image_url": "http://pbs.twimg.com/profile_background_images/380184843/x1ca4cb0a8b8e8d7816c82244b186fd6.jpg", "profile_background_tile": false, "profile_banner_url": "https://pbs.twimg.com/profile_banners/1413801/1398299084", "profile_image_url": "https://pbs.twimg.com/profile_images/378800000731951164/324cb014827700db1b9b24ac8714013b_normal.jpeg", "profile_link_color": "17A9DF", "profile_sidebar_fill_color": "FAFAFA", "profile_text_color": "7B8894", "protected": false, "screen_name": "TerryStorch", "statuses_count": 20050, "time_zone": "Central Time (US & Canada)", "url": "http://t.co/ImXaSUPtzk", "utc_offset": -18000}, "user_mentions": [{"id": 783214, "name": "Twitter", "screen_name": "twitter"}, {"id": 380749300, "name": "@apple", "screen_name": "Apple"}]}, "source": "<a href=\"http://www.echofon.com/\" rel=\"nofollow\">Echofon</a>", "text": "RT @TerryStorch: With @twitter and @apple partnership, would be great if SMS from 40404 to iOS devices would use imessage.", "truncated": false, "user": {"created_at": "Wed Mar 17 23:11:41 +0000 2010", "description": "Follower of Jesus\nSocial Media Treasure Hunter\n2006 Time Person of the Year.\n#STLCards #WPS  #ThunderUp\nI Talk SPORTS!", "favourites_count": 1331, "followers_count": 550, "friends_count": 273, "geo_enabled": true, "id": 124004909, "lang": "en", "listed_count": 18, "location": "Oklahoma City", "name": "Phil Singleton", "profile_background_color": "C0DEED", "profile_background_image_url": "http://abs.twimg.com/images/themes/theme1/bg.png", "profile_background_tile": false, "profile_banner_url": "https://pbs.twimg.com/profile_banners/124004909/1353163162", "profile_image_url": "https://pbs.twimg.com/profile_images/3597358297/16df0b20f1afd807d48cb6ed78a31aa2_normal.jpeg", "profile_link_color": "0084B4", "profile_sidebar_fill_color": "DDEEF6", "profile_text_color": "333333", "protected": false, "screen_name": "pwsing", "statuses_count": 23554, "time_zone": "Central Time (US & Canada)", "utc_offset": -18000}, "user_mentions": [{"id": 1413801, "name": "Terry Storch", "screen_name": "TerryStorch"}, {"id": 783214, "name": "Twitter", "screen_name": "twitter"}, {"id": 380749300, "name": "@apple", "screen_name": "Apple"}]}