{"created_at": "Sun Oct 16 22:24:48 +0000 2011", "favorited": false, "id": 125698733768843264, "in_reply_to_screen_name": "htc", "in_reply_to_user_id": 15818391, "lang": "en", "retweeted": false, "source": "<a href=\"http://twitter.com/download/android\" rel=\"nofollow\">Twitter for Android</a>", "text": "@HTC vs @Apple who winning", "truncated": false, "user": {"created_at": "Tue May 03 05:39:14 +0000 2011", "description": "Home to all imports cobalt ss cobalt tc honda acura nisssan and much more, follow us on instagram EliteTeamGhost", "favourites_count": 14, "followers_count": 50, "friends_count": 199, "geo_enabled": true, "id": 292150745, "lang": "en", "location": "Columbus, GA", "name": "ETG_BATMA7V", "profile_background_color": "0099B9", "profile_background_image_url": "http://abs.twimg.com/images/themes/theme4/bg.gif", "profile_background_tile": false, "profile_banner_url": "https://pbs.twimg.com/profile_banners/292150745/1387154590", "profile_image_url": "https://pbs.twimg.com/profile_images/3434691879/82ef6869f585ba3e30b4d2212e17abd2_normal.jpeg", "profile_link_color": "0099B9", "profile_sidebar_fill_color": "95E8EC", "profile_text_color": "3C3940", "protected": false, "screen_name": "Youngin_89", "statuses_count": 759, "time_zone": "Central Time (US & Canada)", "url": "http://t.co/CV3WaYS4ch", "utc_offset": -18000}, "user_mentions": [{"id": 15818391, "name": "HTC", "screen_name": "htc"}, {"id": 380749300, "name": "@apple", "screen_name": "Apple"}]}