{"created_at": "Sun Oct 16 22:12:40 +0000 2011", "favorited": false, "id": 125695680135172096, "in_reply_to_screen_name": "chefreggie06", "in_reply_to_status_id": 125695107734319104, "in_reply_to_user_id": 35501332, "lang": "en", "retweeted": false, "source": "<a href=\"http://twitter.com/download/android\" rel=\"nofollow\">Twitter for Android</a>", "text": "@chefreggie06 @rolandsmartin @Apple get ready Tampa Bay the Martin's are coming to town! Bring it on Buccaneers!", "truncated": false, "user": {"created_at": "Tue May 05 23:10:08 +0000 2009", "description": "Woman. Wife. Warrior.", "favourites_count": 15, "followers_count": 6013, "friends_count": 383, "geo_enabled": true, "id": 38047702, "lang": "en", "listed_count": 85, "location": "In His Will * Empowering Peeps", "name": "Jacquie Hood Martin", "profile_background_color": "FFFFFF", "profile_background_image_url": "http://abs.twimg.com/images/themes/theme7/bg.gif", "profile_background_tile": false, "profile_banner_url": "https://pbs.twimg.com/profile_banners/38047702/1400794799", "profile_image_url": "https://pbs.twimg.com/profile_images/465696542633230336/2TdMb6w2_normal.jpeg", "profile_link_color": "509294", "profile_sidebar_fill_color": "EADEAA", "profile_text_color": "333333", "protected": false, "screen_name": "Jhoodmartin", "statuses_count": 8475, "time_zone": "Central Time (US & Canada)", "url": "http://t.co/pG145P13sm", "utc_offset": -18000}, "user_mentions": [{"id": 35501332, "name": "Reginald Martin,CEC", "screen_name": "chefreggie06"}, {"id": 16116288, "name": "rolandsmartin", "screen_name": "rolandsmartin"}, {"id": 380749300, "name": "@apple", "screen_name": "Apple"}]}