{"created_at": "Sun Oct 16 17:26:49 +0000 2011", "favorited": false, "id": 125623745284018176, "in_reply_to_screen_name": "Apple", "in_reply_to_user_id": 380749300, "lang": "en", "retweeted": false, "source": "<a href=\"http://twitter.com/download/iphone\" rel=\"nofollow\">Twitter for iPhone</a>", "text": "@Apple iOS 5 is sweet! Notifications, phone search covers mail now, wifi sync, iCloud backup and integrated Twitter are all well done.", "truncated": false, "user": {"created_at": "Wed Jul 23 19:28:12 +0000 2008", "description": "Startups, game tech, wine, investing.", "favourites_count": 564, "followers_count": 587, "friends_count": 219, "geo_enabled": true, "id": 15570505, "lang": "en", "listed_count": 22, "name": "Ron Williams", "profile_background_color": "A8BCC4", "profile_background_image_url": "http://abs.twimg.com/images/themes/theme9/bg.gif", "profile_background_tile": false, "profile_banner_url": "https://pbs.twimg.com/profile_banners/15570505/1354209124", "profile_image_url": "https://pbs.twimg.com/profile_images/378800000672544559/6336d1caa306d2663091062bc3986751_normal.jpeg", "profile_link_color": "1F98C7", "profile_sidebar_fill_color": "DAECF4", "profile_text_color": "663B12", "protected": false, "screen_name": "sonicdeath", "statuses_count": 6037, "time_zone": "Pacific Time (US & Canada)", "url": "https://t.co/lYprYZP3lg", "utc_offset": -25200}, "user_mentions": [{"id": 380749300, "name": "@apple", "screen_name": "Apple"}]}