{"created_at": "Sun Oct 16 19:23:38 +0000 2011", "favorited": false, "id": 125653144993660928, "in_reply_to_screen_name": "Apple", "in_reply_to_user_id": 380749300, "lang": "no", "retweeted": false, "source": "<a href=\"http://itunes.apple.com/us/app/twitter/id409789998?mt=12\" rel=\"nofollow\">Twitter for Mac</a>", "text": "@apple - dette blir for dumt. http://t.co/zqKMkq91", "truncated": false, "urls": {"http://t.co/zqKMkq91": "http://cl.ly/B0Rm"}, "user": {"created_at": "Thu Apr 03 21:48:04 +0000 2008", "description": "designer, weareint.io", "favourites_count": 3198, "followers_count": 497, "friends_count": 215, "geo_enabled": true, "id": 14297107, "lang": "en", "listed_count": 11, "location": "Oslo", "name": "Anders Drage", "profile_background_color": "C0DEED", "profile_background_image_url": "http://abs.twimg.com/images/themes/theme1/bg.png", "profile_background_tile": false, "profile_image_url": "https://pbs.twimg.com/profile_images/378800000306598925/15907aa6f2457028e81ad65c2fef4610_normal.jpeg", "profile_link_color": "0084B4", "profile_sidebar_fill_color": "DDEEF6", "profile_text_color": "333333", "protected": false, "screen_name": "AndersDrage", "statuses_count": 4717, "time_zone": "Stockholm", "url": "http://t.co/jREgbVdtdn", "utc_offset": 7200}, "user_mentions": [{"id": 380749300, "name": "@apple", "screen_name": "Apple"}]}