{"created_at": "Sun Oct 16 17:42:40 +0000 2011", "favorited": false, "hashtags": ["iOS5"], "id": 125627732032888833, "lang": "en", "retweeted": false, "source": "<a href=\"http://www.cloudhopper.com/\" rel=\"nofollow\">Cloudhopper</a>", "text": "@reddclay81 Well then!\n\nP.S. Did you respond so fast because of @Apple 's #iOS5 ?", "truncated": false, "user": {"created_at": "Sat Oct 09 01:27:49 +0000 2010", "description": "Soccer. Speech. Info Speaker. Ex-Impromptu Speaker. Scholstic Bowl. Tennis. Youtube. I try to be poetic sometimes. Grade 8 USSF soccer referee.", "favourites_count": 1482, "followers_count": 230, "friends_count": 579, "id": 200335466, "lang": "en", "listed_count": 1, "location": "Illinois", "name": "42", "profile_background_color": "050505", "profile_background_image_url": "http://pbs.twimg.com/profile_background_images/794466712/a168e5f822608bd4475ef4612a2c7210.jpeg", "profile_background_tile": false, "profile_banner_url": "https://pbs.twimg.com/profile_banners/200335466/1380291509", "profile_image_url": "https://pbs.twimg.com/profile_images/378800000458254242/31e4585191693038f65d578f854549cd_normal.jpeg", "profile_link_color": "D46E3F", "profile_sidebar_fill_color": "0D170A", "profile_text_color": "0A911E", "protected": false, "screen_name": "42Hermy", "statuses_count": 3197, "time_zone": "Central Time (US & Canada)", "url": "http://t.co/8D3Zi5dHjz", "utc_offset": -18000}, "user_mentions": [{"id": 380749300, "name": "@apple", "screen_name": "Apple"}]}