{"created_at": "Sun Oct 16 19:21:45 +0000 2011", "favorited": false, "hashtags": ["iOS5", "awesome"], "id": 125652668080336896, "lang": "en", "retweeted": false, "source": "<a href=\"http://twitter.com/download/iphone\" rel=\"nofollow\">Twitter for iPhone</a>", "text": "Loving #iOS5 !! #awesome @Apple", "truncated": false, "user": {"created_at": "Sat Jan 01 22:26:42 +0000 2011", "description": "20/Toronto\n- UofT '16\n-Full-time Polymath- Hockey, Football, Soccer & Basketball\n                                           - Instagram: msalam93", "favourites_count": 2, "followers_count": 70, "friends_count": 60, "geo_enabled": true, "id": 232970225, "lang": "en", "listed_count": 2, "location": "Toronto", "name": "Mo Salam", "profile_background_color": "1A1B1F", "profile_background_image_url": "http://pbs.twimg.com/profile_background_images/804747543/4706f1beac24dd1a3a3f7a5e1f99bd76.jpeg", "profile_background_tile": true, "profile_image_url": "https://pbs.twimg.com/profile_images/378800000358017204/b18daa969f1cb797bcbe573fbfb994c1_normal.jpeg", "profile_link_color": "2FC2EF", "profile_sidebar_fill_color": "252429", "profile_text_color": "666666", "protected": false, "screen_name": "MJSalam", "statuses_count": 721}, "user_mentions": [{"id": 380749300, "name": "@apple", "screen_name": "Apple"}]}