{"created_at": "Sun Oct 16 18:43:33 +0000 2011", "favorited": false, "hashtags": ["iPhone4S"], "id": 125643054190305280, "lang": "en", "retweeted": false, "source": "<a href=\"http://twitter.com/download/iphone\" rel=\"nofollow\">Twitter for iPhone</a>", "text": "Siri is having a hard time remembering who my sister is. contact card needs space for family info. #iPhone4S @apple", "truncated": false, "user": {"created_at": "Fri Mar 27 17:33:47 +0000 2009", "description": "Assistant Director of Cox Family Enterprise Center @KennesawState's @ColesCollege, marketer, communicator, MBA grad, photographer, traveler, uncle & friend.", "favourites_count": 110, "followers_count": 382, "friends_count": 307, "geo_enabled": true, "id": 27052698, "lang": "en", "listed_count": 9, "location": "Woodstock, Georgia", "name": "Michael Clark", "profile_background_color": "000000", "profile_background_image_url": "http://pbs.twimg.com/profile_background_images/24757629/mqvertstripeswallpaper.br.jpg", "profile_background_tile": false, "profile_banner_url": "https://pbs.twimg.com/profile_banners/27052698/1350136797", "profile_image_url": "https://pbs.twimg.com/profile_images/1514408743/Michael_s_Social_pic_normal.jpg", "profile_link_color": "AAAAAA", "profile_sidebar_fill_color": "696969", "profile_text_color": "111111", "protected": false, "screen_name": "mbclark2", "statuses_count": 4012, "time_zone": "Eastern Time (US & Canada)", "utc_offset": -14400}, "user_mentions": [{"id": 380749300, "name": "@apple", "screen_name": "Apple"}]}