{"created_at": "Sun Oct 16 21:53:08 +0000 2011", "favorited": false, "id": 125690764331196416, "lang": "en", "retweeted": false, "source": "<a href=\"http://blackberry.com/twitter\" rel=\"nofollow\">Twitter for BlackBerry\u00ae</a>", "text": "Waiting patiently for me at the @apple store. @Badog420 http://t.co/NaFaeXuh", "truncated": false, "urls": {"http://t.co/NaFaeXuh": "http://yfrog.com/odqfhogj"}, "user": {"created_at": "Sun Aug 10 16:55:12 +0000 2008", "description": "Event and Multi-cam Entertainment TV Producer, Connector  and Talent Executive.  Concentration on  Music, Lifestyle, Fashion and Art.\nWorld Traveler", "favourites_count": 156, "followers_count": 2161, "friends_count": 369, "id": 15799307, "lang": "en", "listed_count": 66, "location": "All Over The World", "name": "Heidi Kelso", "profile_background_color": "131516", "profile_background_image_url": "http://pbs.twimg.com/profile_background_images/56830484/13340_179606106874_713526874_3330925_8343194_n.jpg", "profile_background_tile": true, "profile_image_url": "https://pbs.twimg.com/profile_images/61403176/Heidi_normal.jpg", "profile_link_color": "009999", "profile_sidebar_fill_color": "EFEFEF", "profile_text_color": "333333", "protected": false, "screen_name": "heidiknyc", "statuses_count": 13419, "time_zone": "Eastern Time (US & Canada)", "url": "http://t.co/gSRTKz8dFS", "utc_offset": -14400}, "user_mentions": [{"id": 380749300, "name": "@apple", "screen_name": "Apple"}, {"id": 191337397, "name": "\u25c4 me so funny \u25ba", "screen_name": "Badog420"}]}