{"created_at": "Sun Oct 16 18:05:27 +0000 2011", "favorited": false, "id": 125633468708302848, "lang": "en", "retweeted": false, "source": "<a href=\"http://www.echofon.com/\" rel=\"nofollow\">Echofon</a>", "text": "I want Siri on my iPhone4 ! @apple", "truncated": false, "user": {"created_at": "Wed Nov 04 12:48:52 +0000 2009", "description": "RJ-SK-TU74 #moviewatcher 'Tweet whtever comes to my mind'", "favourites_count": 1477, "followers_count": 504, "friends_count": 303, "geo_enabled": true, "id": 87430753, "lang": "en", "listed_count": 7, "name": "TATAOJ\u00ae", "profile_background_color": "B2DFDA", "profile_background_image_url": "http://abs.twimg.com/images/themes/theme1/bg.png", "profile_background_tile": false, "profile_banner_url": "https://pbs.twimg.com/profile_banners/87430753/1399277907", "profile_image_url": "https://pbs.twimg.com/profile_images/471697644306190336/4k3UkRhf_normal.jpeg", "profile_link_color": "DCE00B", "profile_sidebar_fill_color": "8BD628", "profile_text_color": "252429", "protected": false, "screen_name": "tataojr", "statuses_count": 36736, "time_zone": "Pacific Time (US & Canada)", "utc_offset": -25200}, "user_mentions": [{"id": 380749300, "name": "@apple", "screen_name": "Apple"}]}