{"created_at": "Sun Oct 16 18:35:35 +0000 2011", "favorited": false, "hashtags": ["fail"], "id": 125641051531784192, "lang": "en", "retweet_count": 2, "retweeted": false, "retweeted_status": {"created_at": "Sun Oct 16 18:31:51 +0000 2011", "favorite_count": 1, "favorited": false, "hashtags": ["fail"], "id": 125640113119170560, "lang": "en", "retweet_count": 2, "retweeted": false, "source": "<a href=\"http://twitter.com\" rel=\"nofollow\">Twitter Web Client</a>", "text": "so this SMS full message is known @apple issue with new iOS5 update. trying restore. When all else #fail - restore.", "truncated": false, "user": {"created_at": "Mon Apr 14 19:10:52 +0000 2008", "description": "Restoring 109 yr old house/grounds in southwest WA State Victorian beach village. Passionate about salmon, oysters, technology, gin & DIY projects.", "favourites_count": 300, "followers_count": 604063, "friends_count": 448662, "id": 14389132, "lang": "en", "listed_count": 4015, "location": "Seaview WA", "name": "Nansen Malin", "profile_background_color": "9AE4E8", "profile_background_image_url": "http://pbs.twimg.com/profile_background_images/2943036/collage.JPG", "profile_background_tile": true, "profile_banner_url": "https://pbs.twimg.com/profile_banners/14389132/1399418978", "profile_image_url": "https://pbs.twimg.com/profile_images/463823588324151296/b0tvikPl_normal.jpeg", "profile_link_color": "0000FF", "profile_sidebar_fill_color": "E0FF92", "profile_text_color": "000000", "protected": false, "screen_name": "nansen", "statuses_count": 36399, "time_zone": "Pacific Time (US & Canada)", "url": "http://t.co/nY0FmLscMh", "utc_offset": -25200}, "user_mentions": [{"id": 380749300, "name": "@apple", "screen_name": "Apple"}]}, "source": "<a href=\"http://twitter.com\" rel=\"nofollow\">Twitter Web Client</a>", "text": "RT @nansen: so this SMS full message is known @apple issue with new iOS5 update. trying restore. When all else #fail - restore.", "truncated": false, "user": {"created_at": "Sat Jul 16 03:55:20 +0000 2011", "favourites_count": 1669, "followers_count": 924, "friends_count": 1990, "geo_enabled": true, "id": 336337897, "lang": "es", "listed_count": 9, "location": "venezuela", "name": "Josue1:9", "profile_background_color": "C0DEED", "profile_background_image_url": "http://pbs.twimg.com/profile_background_images/317686251/wilfredo_093.JPG", "profile_background_tile": false, "profile_image_url": "https://pbs.twimg.com/profile_images/470531011495747584/6e-6m8YY_normal.jpeg", "profile_link_color": "0084B4", "profile_sidebar_fill_color": "DDEEF6", "profile_text_color": "333333", "protected": false, "screen_name": "wilfredosantand", "statuses_count": 21160, "time_zone": "Caracas", "utc_offset": -16200}, "user_mentions": [{"id": 14389132, "name": "Nansen Malin", "screen_name": "nansen"}, {"id": 380749300, "name": "@apple", "screen_name": "Apple"}]}