{"created_at": "Sun Oct 16 19:18:10 +0000 2011", "favorited": false, "id": 125651769261965312, "lang": "en", "retweeted": false, "source": "<a href=\"http://www.echofon.com/\" rel=\"nofollow\">Echofon</a>", "text": "Pissed with whoever designs keyboards with @apple for not having a home and end key.  working on the CLI i use those keys often", "truncated": false, "user": {"created_at": "Thu Jul 17 14:50:43 +0000 2008", "description": "Cloud Expert, Linux Nerd, Daddy, Sch\u00fcmilch.  My Tweets are My Own and may not reflect my employer.", "favourites_count": 363, "followers_count": 504, "friends_count": 805, "geo_enabled": true, "id": 15468530, "lang": "en", "listed_count": 13, "location": "Seattle, Washingtion", "name": "Brandon Woodward", "profile_background_color": "1A1B1F", "profile_background_image_url": "http://abs.twimg.com/images/themes/theme9/bg.gif", "profile_background_tile": false, "profile_image_url": "https://pbs.twimg.com/profile_images/1860461768/Photo_on_2012-01-03_at_09.31_normal.jpg", "profile_link_color": "2FC2EF", "profile_sidebar_fill_color": "252429", "profile_text_color": "666666", "protected": false, "screen_name": "whitenhiemer", "statuses_count": 4539, "time_zone": "Central Time (US & Canada)", "url": "http://t.co/P0g8ONZgLn", "utc_offset": -18000}, "user_mentions": [{"id": 380749300, "name": "@apple", "screen_name": "Apple"}]}