{"created_at": "Sun Oct 16 18:04:31 +0000 2011", "favorited": false, "id": 125633233982459904, "lang": "en", "retweeted": false, "source": "<a href=\"http://twitterrific.com\" rel=\"nofollow\">Twitterrific</a>", "text": "So @apple the new iMessage is great and all, but is there a way to default to SMS when I'm not on wifi? I have limited data.", "truncated": false, "user": {"created_at": "Sat Sep 13 17:06:14 +0000 2008", "description": "PR pro, Chicago native, news and information junkie.", "favourites_count": 283, "followers_count": 384, "friends_count": 1015, "id": 16273514, "lang": "en", "listed_count": 14, "location": "Chicago, Tampa or in-between", "name": "Carolyn O.", "profile_background_color": "16145E", "profile_background_image_url": "http://pbs.twimg.com/profile_background_images/52200324/BF00CB89.jpg", "profile_background_tile": true, "profile_image_url": "https://pbs.twimg.com/profile_images/411959797/madmen_icon2_normal.jpg", "profile_link_color": "DE1637", "profile_sidebar_fill_color": "E5E8FF", "profile_text_color": "0E1454", "protected": false, "screen_name": "cjoehl", "statuses_count": 1970, "time_zone": "Eastern Time (US & Canada)", "utc_offset": -14400}, "user_mentions": [{"id": 380749300, "name": "@apple", "screen_name": "Apple"}]}