{"created_at": "Sun Oct 16 19:03:05 +0000 2011", "favorited": false, "hashtags": ["ipad", "stevejobs"], "id": 125647972087242754, "lang": "en", "retweeted": false, "source": "<a href=\"https://dev.twitter.com/docs/tfw\" rel=\"nofollow\">Twitter for Websites</a>", "text": "Teach Different: iTeach Therefore iAm http://t.co/yozd8HCx @apple @teachforus @teachforamerica #ipad #stevejobs", "truncated": false, "urls": {"http://t.co/yozd8HCx": "http://tch4.us/ghf"}, "user": {"created_at": "Thu Mar 26 02:47:20 +0000 2009", "description": "'The most powerful response to outer world complexity is attaining inner world clarity;' thus, I seek to balance pragmatic observations & idealistic conviction.", "favourites_count": 247, "followers_count": 565, "friends_count": 352, "geo_enabled": true, "id": 26670535, "lang": "en", "listed_count": 16, "location": "Boston, MA", "name": "Anthony Britt", "profile_background_color": "EBEBEB", "profile_background_image_url": "http://abs.twimg.com/images/themes/theme7/bg.gif", "profile_background_tile": false, "profile_banner_url": "https://pbs.twimg.com/profile_banners/26670535/1364697768", "profile_image_url": "https://pbs.twimg.com/profile_images/378800000154443529/a9a7df263f643987d25610d669a55af7_normal.jpeg", "profile_link_color": "990000", "profile_sidebar_fill_color": "F3F3F3", "profile_text_color": "333333", "protected": false, "screen_name": "TonyBontheMIC", "statuses_count": 6411, "time_zone": "Eastern Time (US & Canada)", "url": "http://t.co/qMJ4tJSuRv", "utc_offset": -14400}, "user_mentions": [{"id": 380749300, "name": "@apple", "screen_name": "Apple"}, {"id": 25891136, "name": "Teach For Us", "screen_name": "TeachForUs"}, {"id": 19918047, "name": "Teach For America", "screen_name": "TeachForAmerica"}]}