{"created_at": "Sun Oct 16 17:12:23 +0000 2011", "favorited": false, "id": 125620113582993408, "in_reply_to_screen_name": "MrMattMiranda", "in_reply_to_status_id": 125488731418394624, "in_reply_to_user_id": 114375050, "lang": "en", "retweeted": false, "source": "<a href=\"http://twitter.com/download/android\" rel=\"nofollow\">Twitter for Android</a>", "text": "@Mvm549 well, if it told you what you did to it or how it happened, it would be concrete evidence that @Apple is logging your life. :l", "truncated": false, "user": {"created_at": "Wed Mar 24 23:30:40 +0000 2010", "description": "I'm awesome. That is all. jsl@jslenterprises.net", "favourites_count": 1, "followers_count": 155, "friends_count": 126, "geo_enabled": true, "id": 126139075, "lang": "en", "listed_count": 10, "location": "The Hammer", "name": "J. S. L.", "profile_background_color": "23292F", "profile_background_image_url": "http://pbs.twimg.com/profile_background_images/467967231/Bottom_texture.jpg", "profile_background_tile": false, "profile_image_url": "https://pbs.twimg.com/profile_images/1957030179/JSLI_normal.png", "profile_link_color": "04959F", "profile_sidebar_fill_color": "EFEFEF", "profile_text_color": "333333", "protected": false, "screen_name": "JSLEnterprises", "statuses_count": 1363, "time_zone": "Eastern Time (US & Canada)", "url": "http://t.co/fxu81j1ks3", "utc_offset": -14400}, "user_mentions": [{"id": 380749300, "name": "@apple", "screen_name": "Apple"}]}