{"created_at": "Sun Oct 16 22:11:45 +0000 2011", "favorited": false, "hashtags": ["Apple", "SteveJobs"], "id": 125695449423286272, "lang": "en", "retweeted": false, "source": "<a href=\"http://www.facebook.com/twitter\" rel=\"nofollow\">Facebook</a>", "text": "Steve Jobs Biopic Coming Soon - @Apple #Apple #SteveJobs http://t.co/DxZBa5bG", "truncated": false, "urls": {"http://t.co/DxZBa5bG": "http://fb.me/17RLgfWjT"}, "user": {"created_at": "Sat Aug 13 21:50:03 +0000 2011", "description": "Your movie universe INSTAFIED!", "favourites_count": 136, "followers_count": 36150, "friends_count": 15246, "geo_enabled": true, "id": 354532188, "lang": "en", "listed_count": 152, "location": "Montreal, Canada", "name": "InstaReviews", "profile_background_color": "DBAF2C", "profile_background_image_url": "http://pbs.twimg.com/profile_background_images/454114370952237056/SCxXVc4_.png", "profile_background_tile": true, "profile_banner_url": "https://pbs.twimg.com/profile_banners/354532188/1401679433", "profile_image_url": "https://pbs.twimg.com/profile_images/438893844051263488/-ikV4s3Y_normal.jpeg", "profile_link_color": "F0B318", "profile_sidebar_fill_color": "95E8EC", "profile_text_color": "3C3940", "protected": false, "screen_name": "InstaReviews__", "statuses_count": 6605, "time_zone": "Eastern Time (US & Canada)", "url": "http://t.co/sWhuRgj51E", "utc_offset": -14400}, "user_mentions": [{"id": 380749300, "name": "@apple", "screen_name": "Apple"}]}