{"created_at": "Sun Oct 16 18:40:22 +0000 2011", "favorited": false, "id": 125642256114909184, "lang": "en", "retweeted": false, "source": "<a href=\"http://getscopeapp.com\" rel=\"nofollow\">Scope App</a>", "text": "Lmao RT @RobynheaRtz: He asked Siri where's the hoes at & she told him where the nearest escorts were I love @apple", "truncated": false, "user": {"created_at": "Thu Nov 05 22:00:51 +0000 2009", "description": "Internet marketing || Event Promotions\nFacebook: Roberto Lovell \nRoberto.Lovell7@Gmail.com", "favourites_count": 53, "followers_count": 2643, "friends_count": 1264, "id": 87794845, "lang": "en", "listed_count": 15, "name": "#BertPitt", "profile_background_color": "642D8B", "profile_background_image_url": "http://pbs.twimg.com/profile_background_images/837954645/b1718e598198140131569603a517d3fa.jpeg", "profile_background_tile": true, "profile_banner_url": "https://pbs.twimg.com/profile_banners/87794845/1365484366", "profile_image_url": "https://pbs.twimg.com/profile_images/3434627776/323f537bdc1c91b396bda9e44bfb552b_normal.jpeg", "profile_link_color": "FF0000", "profile_sidebar_fill_color": "C0DFEC", "profile_text_color": "333333", "protected": false, "screen_name": "BertPitt7", "statuses_count": 95125, "time_zone": "Eastern Time (US & Canada)", "url": "http://t.co/uQCWWQvka5", "utc_offset": -14400}, "user_mentions": [{"id": 169737764, "name": "Ms. HeaRtz \u2764", "screen_name": "RobynHeartz"}, {"id": 380749300, "name": "@apple", "screen_name": "Apple"}]}