{"created_at": "Sun Oct 16 19:08:18 +0000 2011", "favorited": false, "id": 125649285667749889, "in_reply_to_screen_name": "iFit_Tyler", "in_reply_to_status_id": 125644856830857216, "in_reply_to_user_id": 20888194, "lang": "en", "retweeted": false, "source": "<a href=\"http://twitter.com/download/iphone\" rel=\"nofollow\">Twitter for iPhone</a>", "text": "@NoVaTyler @apple Most of mine are gone too! Not recovered after I saved them b4 I upgraded my iPhone! Soooo pissed!", "truncated": false, "user": {"created_at": "Mon Aug 10 13:35:34 +0000 2009", "description": "Health/Fitness Buff, Personal Trainer, NPC Figure Competitor & @UnCutSportsShow Sponsored Athlete! Always do the right thing & you'll never go wrong", "favourites_count": 518, "followers_count": 2611, "friends_count": 993, "geo_enabled": true, "id": 64404239, "lang": "en", "listed_count": 65, "location": "Washington DC Metro Area", "name": "Foreverfit4u", "profile_background_color": "383573", "profile_background_image_url": "http://pbs.twimg.com/profile_background_images/646865789/sj830m0ruux611ct4p6k.jpeg", "profile_background_tile": true, "profile_banner_url": "https://pbs.twimg.com/profile_banners/64404239/1350096555", "profile_image_url": "https://pbs.twimg.com/profile_images/378800000108977886/fca580b9941da66d6c4a99c3d1035d36_normal.jpeg", "profile_link_color": "0084B4", "profile_sidebar_fill_color": "DDFFCC", "profile_text_color": "333333", "protected": false, "screen_name": "Foreverfit4u", "statuses_count": 23886, "time_zone": "America/Detroit", "url": "http://t.co/L6UDSVlcUv", "utc_offset": -14400}, "user_mentions": [{"id": 1686557821, "name": "Nova Tyler", "screen_name": "NovaTyler"}, {"id": 380749300, "name": "@apple", "screen_name": "Apple"}]}