{"created_at": "Sun Oct 16 18:03:51 +0000 2011", "favorited": false, "hashtags": ["help"], "id": 125633065878958080, "lang": "en", "retweeted": false, "source": "<a href=\"http://twitter.com\" rel=\"nofollow\">Twitter Web Client</a>", "text": "not happy with @apple right now. the upgrade to my itouch4 took out my itouch and laptop. #help", "truncated": false, "user": {"created_at": "Mon Mar 17 16:59:22 +0000 2008", "favourites_count": 2, "followers_count": 150, "friends_count": 265, "id": 14164286, "lang": "en", "listed_count": 8, "location": "Watertown, MA", "name": "jencreated", "profile_background_color": "C0DEED", "profile_background_image_url": "http://abs.twimg.com/images/themes/theme1/bg.png", "profile_background_tile": false, "profile_image_url": "https://pbs.twimg.com/profile_images/378800000580691862/f795042cd53392253e7c8fdb68c87cb6_normal.jpeg", "profile_link_color": "0084B4", "profile_sidebar_fill_color": "DDEEF6", "profile_text_color": "333333", "protected": false, "screen_name": "jencreated", "statuses_count": 1018, "time_zone": "Eastern Time (US & Canada)", "utc_offset": -14400}, "user_mentions": [{"id": 380749300, "name": "@apple", "screen_name": "Apple"}]}