{"created_at": "Sun Oct 16 20:53:41 +0000 2011", "favorited": false, "id": 125675806977556480, "lang": "en", "retweeted": false, "source": "<a href=\"http://twitter.com\" rel=\"nofollow\">Twitter Web Client</a>", "text": "i officially HATE @apple... fix your damn itunes.", "truncated": false, "user": {"created_at": "Mon Sep 05 01:12:19 +0000 2011", "favourites_count": 2276, "followers_count": 146, "friends_count": 139, "geo_enabled": true, "id": 368062524, "lang": "en", "name": "Justine", "profile_background_color": "A026D1", "profile_background_image_url": "http://pbs.twimg.com/profile_background_images/325460807/hellokitters.PNG", "profile_background_tile": true, "profile_banner_url": "https://pbs.twimg.com/profile_banners/368062524/1367850885", "profile_image_url": "https://pbs.twimg.com/profile_images/475113162593685504/x0fyNuZ__normal.jpeg", "profile_link_color": "BE20D6", "profile_sidebar_fill_color": "EFEFEF", "profile_text_color": "333333", "protected": false, "screen_name": "JustineChangg", "statuses_count": 4275, "time_zone": "Eastern Time (US & Canada)", "utc_offset": -14400}, "user_mentions": [{"id": 380749300, "name": "@apple", "screen_name": "Apple"}]}