{"created_at": "Sun Oct 16 15:57:22 +0000 2011", "favorited": false, "id": 125601235985367041, "in_reply_to_screen_name": "pmphillips", "in_reply_to_status_id": 125585606100267008, "in_reply_to_user_id": 18273674, "lang": "en", "retweeted": false, "source": "<a href=\"http://twitter.com\" rel=\"nofollow\">Twitter Web Client</a>", "text": "@pmphillips @apple If my non-Apple equipment broke this often, I guess I'd need an Asus genius bar. But it doesn't, so I don't :-)", "truncated": false, "user": {"created_at": "Fri May 13 14:10:23 +0000 2011", "description": "Importing Bibles for YouVersion. St Pixels. Elder in a reformed church. Occasionally writing theology. Frequently married with two scary children.", "favourites_count": 1, "followers_count": 153, "friends_count": 182, "id": 298006794, "lang": "en", "listed_count": 22, "location": "Cavaillon, France", "name": "Mark Howe", "profile_background_color": "4523CF", "profile_background_image_url": "http://abs.twimg.com/images/themes/theme1/bg.png", "profile_background_tile": true, "profile_image_url": "https://pbs.twimg.com/profile_images/1351949731/sandown_normal.jpg", "profile_link_color": "EB920C", "profile_sidebar_fill_color": "260126", "profile_text_color": "FCE703", "protected": false, "screen_name": "mvahowe", "statuses_count": 2566, "time_zone": "Paris", "utc_offset": 7200}, "user_mentions": [{"id": 18273674, "name": "pmphillips", "screen_name": "pmphillips"}, {"id": 380749300, "name": "@apple", "screen_name": "Apple"}]}