{"created_at": "Sun Oct 16 20:00:25 +0000 2011", "favorited": false, "id": 125662399217930240, "in_reply_to_screen_name": "Apple", "in_reply_to_user_id": 380749300, "lang": "en", "retweeted": false, "source": "<a href=\"http://twitter.com\" rel=\"nofollow\">Twitter Web Client</a>", "text": "@apple just got the new iOS5 upgrade with iMessage...good luck surviving now @BlackBerry", "truncated": false, "user": {"created_at": "Thu Sep 01 02:27:24 +0000 2011", "description": "less human.more being.", "followers_count": 73, "friends_count": 137, "id": 365825012, "lang": "en", "listed_count": 3, "location": "Toronto", "name": "kiley little", "profile_background_color": "ACDED6", "profile_background_image_url": "http://pbs.twimg.com/profile_background_images/378335492/33441_744993126849_120803479_45964060_2857310_n.jpg", "profile_background_tile": true, "profile_image_url": "https://pbs.twimg.com/profile_images/1523056187/261389_948046446369_120803479_48017202_1757806_n_normal.jpg", "profile_link_color": "038543", "profile_sidebar_fill_color": "F6F6F6", "profile_text_color": "333333", "protected": false, "screen_name": "ki_little", "statuses_count": 236, "time_zone": "Eastern Time (US & Canada)", "url": "http://t.co/fhTKVLGWNo", "utc_offset": -14400}, "user_mentions": [{"id": 380749300, "name": "@apple", "screen_name": "Apple"}, {"id": 14580438, "name": "BlackBerry", "screen_name": "BlackBerry"}]}