{"created_at": "Sun Oct 16 18:43:45 +0000 2011", "favorited": false, "id": 125643107260829697, "in_reply_to_screen_name": "BlackBerry", "in_reply_to_user_id": 14580438, "lang": "en", "retweeted": false, "source": "<a href=\"http://twitter.com/#!/download/ipad\" rel=\"nofollow\">Twitter for iPad</a>", "text": "@blackberry boo hiss!............@apple wuhu!!!!!!!! When will my berry powered technology actually work??", "truncated": false, "user": {"created_at": "Sat Mar 19 00:41:14 +0000 2011", "description": "why have a dog when I can bark myself?", "favourites_count": 4, "followers_count": 240, "friends_count": 74, "id": 268549015, "lang": "en", "listed_count": 1, "location": "England", "name": "bodie4paws", "profile_background_color": "C0DEED", "profile_background_image_url": "http://abs.twimg.com/images/themes/theme1/bg.png", "profile_background_tile": false, "profile_banner_url": "https://pbs.twimg.com/profile_banners/268549015/1383021075", "profile_image_url": "https://pbs.twimg.com/profile_images/378800000663369955/b2b7a09bceadda68a96bd0e79d211a69_normal.jpeg", "profile_link_color": "0084B4", "profile_sidebar_fill_color": "DDEEF6", "profile_text_color": "333333", "protected": false, "screen_name": "bodie4paws", "statuses_count": 394, "time_zone": "London", "utc_offset": 3600}, "user_mentions": [{"id": 14580438, "name": "BlackBerry", "screen_name": "BlackBerry"}, {"id": 380749300, "name": "@apple", "screen_name": "Apple"}]}