{"created_at": "Sun Oct 16 20:10:45 +0000 2011", "favorited": false, "hashtags": ["mactard"], "id": 125664999036301312, "lang": "en", "retweeted": false, "source": "<a href=\"http://www.echofon.com/\" rel=\"nofollow\">Echofon</a>", "text": "The folks at @apple are awesome! So glad I a #mactard", "truncated": false, "user": {"created_at": "Fri Feb 26 02:18:27 +0000 2010", "description": "Colorado girl on an adventure through life and Vermont. I'm living and loving life with all things snow and awesome. also, this and that.", "favourites_count": 266, "followers_count": 901, "friends_count": 844, "geo_enabled": true, "id": 117611534, "lang": "en", "listed_count": 28, "location": "Burlington, VT", "name": "Lesley Betts", "profile_background_color": "C0DEED", "profile_background_image_url": "http://pbs.twimg.com/profile_background_images/378800000071379920/9f21e34b4f4f4c484748d63edccaca9c.jpeg", "profile_background_tile": false, "profile_banner_url": "https://pbs.twimg.com/profile_banners/117611534/1353722263", "profile_image_url": "https://pbs.twimg.com/profile_images/719296350/twitter_normal.jpg", "profile_link_color": "0084B4", "profile_sidebar_fill_color": "DDEEF6", "profile_text_color": "333333", "protected": false, "screen_name": "ElbeebyBurton", "statuses_count": 8134, "time_zone": "Quito", "url": "http://t.co/kCxBYntnGE", "utc_offset": -18000}, "user_mentions": [{"id": 380749300, "name": "@apple", "screen_name": "Apple"}]}