{"created_at": "Sun Oct 16 17:16:29 +0000 2011", "favorited": false, "hashtags": ["worstupdateever"], "id": 125621144148639744, "in_reply_to_screen_name": "Apple", "in_reply_to_user_id": 380749300, "lang": "en", "retweeted": false, "source": "<a href=\"http://twitter.com\" rel=\"nofollow\">Twitter Web Client</a>", "text": "@apple What's the point of iCloud wireless updates when ios5 now forces me to use the computer to charge my ipod touch now? #worstupdateever", "truncated": false, "user": {"created_at": "Tue Apr 26 05:36:19 +0000 2011", "description": "Pop culture addict. Sarcasm is my best friend. Mom of a wicked kitty. Crafter--check out my Etsy shop.", "favourites_count": 498, "followers_count": 279, "friends_count": 495, "id": 288067697, "lang": "en", "listed_count": 11, "location": "Ohio", "name": "Susan", "profile_background_color": "C0DEED", "profile_background_image_url": "http://abs.twimg.com/images/themes/theme1/bg.png", "profile_background_tile": false, "profile_banner_url": "https://pbs.twimg.com/profile_banners/288067697/1355688757", "profile_image_url": "https://pbs.twimg.com/profile_images/440678730076528640/9tmXSUUb_normal.jpeg", "profile_link_color": "0084B4", "profile_sidebar_fill_color": "DDEEF6", "profile_text_color": "333333", "protected": false, "screen_name": "wickedcat68", "statuses_count": 17155, "time_zone": "Eastern Time (US & Canada)", "url": "http://t.co/Y5G9bMmobl", "utc_offset": -14400}, "user_mentions": [{"id": 380749300, "name": "@apple", "screen_name": "Apple"}]}