{"created_at": "Sun Oct 16 17:55:29 +0000 2011", "favorited": false, "hashtags": ["Towson", "iPhone"], "id": 125630955154190336, "in_reply_to_screen_name": "Apple", "in_reply_to_user_id": 380749300, "lang": "en", "retweeted": false, "source": "<a href=\"http://twitter.com/download/iphone\" rel=\"nofollow\">Twitter for iPhone</a>", "text": "@apple store #Towson waiting at Genius bar - huge crowd waiting for #iPhone 4s @michaelmark @nicolelil http://t.co/x92sweCh", "truncated": false, "user": {"created_at": "Thu May 07 21:18:46 +0000 2009", "description": "Former flight attendants \u2708, airline news, travel consultant many years, dance teacher, choreographer. Fitness instructor. Interests: health, world events.", "favourites_count": 53, "followers_count": 941, "friends_count": 884, "geo_enabled": true, "id": 38519532, "lang": "en", "listed_count": 7, "location": "Maryland", "name": "Lexy Mark", "profile_background_color": "352726", "profile_background_image_url": "http://abs.twimg.com/images/themes/theme5/bg.gif", "profile_background_tile": false, "profile_banner_url": "https://pbs.twimg.com/profile_banners/38519532/1386774660", "profile_image_url": "https://pbs.twimg.com/profile_images/378800000691950411/76c762daf8da9ea62026d18a85cd51ea_normal.jpeg", "profile_link_color": "D02B55", "profile_sidebar_fill_color": "99CC33", "profile_text_color": "3E4415", "protected": false, "screen_name": "SilverlineRDU", "statuses_count": 11758, "time_zone": "Quito", "utc_offset": -18000}, "user_mentions": [{"id": 380749300, "name": "@apple", "screen_name": "Apple"}, {"id": 14794139, "name": "Michael Mark", "screen_name": "michaelmark"}, {"id": 6513092, "name": "Nicole Lillian Mark", "screen_name": "nicolelil"}]}