{"created_at": "Sun Oct 16 17:05:50 +0000 2011", "favorited": false, "id": 125618466353983488, "lang": "en", "retweet_count": 2, "retweeted": false, "retweeted_status": {"created_at": "Sun Oct 16 16:33:41 +0000 2011", "favorited": false, "id": 125610372727193601, "lang": "en", "retweet_count": 2, "retweeted": false, "source": "<a href=\"http://twitter.com\" rel=\"nofollow\">Twitter Web Client</a>", "text": "Another great James Stewart story in today's NY Times about importance of architecture in @apple retail success http://t.co/Kniz452s", "truncated": false, "urls": {"http://t.co/Kniz452s": "http://nyti.ms/r26v9n"}, "user": {"created_at": "Wed Jan 21 01:07:14 +0000 2009", "description": "Fashion journalist and author of of Everyday Icon: Michelle Obama and the Power of Style", "favourites_count": 29, "followers_count": 15892, "friends_count": 201, "id": 19268763, "lang": "en", "listed_count": 312, "location": "New York City", "name": "Kate Betts", "profile_background_color": "C72CC7", "profile_background_image_url": "http://pbs.twimg.com/profile_background_images/269354540/Everyday-Icon.jpg", "profile_background_tile": false, "profile_banner_url": "https://pbs.twimg.com/profile_banners/19268763/1360939275", "profile_image_url": "https://pbs.twimg.com/profile_images/3235650171/62bf35da0ce029f5cecebd1db5de77fc_normal.jpeg", "profile_link_color": "219ADB", "profile_sidebar_fill_color": "21DBE8", "profile_text_color": "333333", "protected": false, "screen_name": "katebetts", "statuses_count": 3930, "time_zone": "Quito", "url": "http://t.co/KUCyupXl1w", "utc_offset": -18000}, "user_mentions": [{"id": 380749300, "name": "@apple", "screen_name": "Apple"}]}, "source": "<a href=\"http://blackberry.com/twitter\" rel=\"nofollow\">Twitter for BlackBerry\u00ae</a>", "text": "RT @katebetts: Another great James Stewart story in today's NY Times about importance of architecture in @apple retail success http://t. ...", "truncated": false, "urls": {"http://t.co/Kniz452s": "http://nyti.ms/r26v9n"}, "user": {"created_at": "Thu Mar 19 03:12:49 +0000 2009", "description": "I am the BKLYN contessa.  Art | Food | Travel | Design \r\nhello@bklyncontessa.com", "favourites_count": 15, "followers_count": 9033, "friends_count": 3255, "id": 25226261, "lang": "en", "listed_count": 335, "location": "Brooklyn", "name": "NicoleDufourDurocher", "profile_background_color": "C0DEED", "profile_background_image_url": "http://abs.twimg.com/images/themes/theme1/bg.png", "profile_background_tile": false, "profile_image_url": "https://pbs.twimg.com/profile_images/3477161705/527bb1eb4cd6e746db0f40e33053cde7_normal.jpeg", "profile_link_color": "0084B4", "profile_sidebar_fill_color": "DDEEF6", "profile_text_color": "333333", "protected": false, "screen_name": "bklyncontessa", "statuses_count": 61062, "time_zone": "Eastern Time (US & Canada)", "url": "http://t.co/FmXhoAWnbi", "utc_offset": -14400}, "user_mentions": [{"id": 19268763, "name": "Kate Betts", "screen_name": "katebetts"}, {"id": 380749300, "name": "@apple", "screen_name": "Apple"}]}