{"created_at": "Sun Oct 16 21:49:43 +0000 2011", "favorited": false, "id": 125689905954299904, "in_reply_to_screen_name": "fundingroadmap", "in_reply_to_status_id": 125687786387931138, "in_reply_to_user_id": 16419972, "lang": "en", "retweeted": false, "source": "<a href=\"http://twitter.com/download/iphone\" rel=\"nofollow\">Twitter for iPhone</a>", "text": "@fundingroadmap @apple also knowing that this is no ending http://t.co/q08cBcuE", "truncated": false, "urls": {"http://t.co/q08cBcuE": "http://drnicko.wordpress.com/2011/10/06/flow-prayer-for-a-provisional-ending/"}, "user": {"created_at": "Thu Jun 10 12:03:55 +0000 2010", "description": "Touching lives through creativity: research, learning and productions based in the UK and working globally.", "favourites_count": 50, "followers_count": 1687, "friends_count": 1894, "geo_enabled": true, "id": 154114843, "lang": "en", "listed_count": 34, "location": "CH45 4RJ, Merseyside, UK", "name": "Aspire Trust", "profile_background_color": "2293DF", "profile_background_image_url": "http://pbs.twimg.com/profile_background_images/378800000165797190/Lp9_zyvj.jpeg", "profile_background_tile": false, "profile_banner_url": "https://pbs.twimg.com/profile_banners/154114843/1389369325", "profile_image_url": "https://pbs.twimg.com/profile_images/421671824259166208/607TunYw_normal.jpeg", "profile_link_color": "FF5C21", "profile_sidebar_fill_color": "F6F6F6", "profile_text_color": "333333", "protected": false, "screen_name": "AspireTrust", "statuses_count": 6706, "time_zone": "London", "url": "http://t.co/XEuLeQSPSK", "utc_offset": 3600}, "user_mentions": [{"id": 16419972, "name": "Crowdfunding", "screen_name": "fundingroadmap"}, {"id": 380749300, "name": "@apple", "screen_name": "Apple"}]}