{"created_at": "Sun Oct 16 18:54:30 +0000 2011", "favorited": false, "id": 125645811903250432, "lang": "en", "retweet_count": 1, "retweeted": false, "source": "<a href=\"http://twitter.com\" rel=\"nofollow\">Twitter Web Client</a>", "text": "hey @apple do you wanna fix my fucking playlist order, you piece of shit", "truncated": false, "user": {"created_at": "Mon Jul 27 17:35:22 +0000 2009", "description": "Check your local listings.", "favourites_count": 838, "followers_count": 452, "friends_count": 192, "geo_enabled": true, "id": 60657069, "lang": "en", "listed_count": 1, "location": "ATL", "name": "Jason Jones ", "profile_background_color": "709397", "profile_background_image_url": "http://abs.twimg.com/images/themes/theme6/bg.gif", "profile_background_tile": false, "profile_banner_url": "https://pbs.twimg.com/profile_banners/60657069/1399512333", "profile_image_url": "https://pbs.twimg.com/profile_images/474279931086913537/jiGbRbMY_normal.jpeg", "profile_link_color": "FF3300", "profile_sidebar_fill_color": "A0C5C7", "profile_text_color": "333333", "protected": false, "screen_name": "JDougyJ", "statuses_count": 27018}, "user_mentions": [{"id": 380749300, "name": "@apple", "screen_name": "Apple"}]}