{"created_at": "Sun Oct 16 16:25:47 +0000 2011", "favorited": false, "id": 125608381431025664, "lang": "und", "retweeted": false, "source": "<a href=\"http://www.apple.com\" rel=\"nofollow\">Photos on iOS</a>", "text": "I &lt;3 @apple http://t.co/ondXWpEr", "truncated": false, "user": {"created_at": "Mon Jun 22 16:07:12 +0000 2009", "description": "Christ follower, Husband, ENTP, Love #88 Jr. and Auburn!", "followers_count": 199, "friends_count": 517, "id": 49673069, "lang": "en", "listed_count": 1, "location": "Tally, FL", "name": "John Padgett", "profile_background_color": "1A1B1F", "profile_background_image_url": "http://abs.twimg.com/images/themes/theme9/bg.gif", "profile_background_tile": false, "profile_banner_url": "https://pbs.twimg.com/profile_banners/49673069/1367407644", "profile_image_url": "https://pbs.twimg.com/profile_images/453290125901168640/paXbSff2_normal.jpeg", "profile_link_color": "2FC2EF", "profile_sidebar_fill_color": "252429", "profile_text_color": "666666", "protected": false, "screen_name": "John_Padgett", "statuses_count": 1921, "time_zone": "Eastern Time (US & Canada)", "utc_offset": -14400}, "user_mentions": [{"id": 380749300, "name": "@apple", "screen_name": "Apple"}]}