{"created_at": "Sun Oct 16 16:06:07 +0000 2011", "favorited": false, "id": 125603435440644098, "lang": "en", "retweeted": false, "source": "<a href=\"http://www.htc.com\" rel=\"nofollow\">  HTC Peep</a>", "text": "I hate you @apple for not sending Toledo,oh @bestbuy any @iPhone for @verizon even after I pre ordered!!!", "truncated": false, "user": {"created_at": "Fri Mar 13 03:21:03 +0000 2009", "description": "...I rather be hated for who I am than loved for who I am not...", "favourites_count": 24, "followers_count": 92, "friends_count": 172, "id": 24117580, "lang": "en", "listed_count": 1, "location": "United States", "name": "Rubz", "profile_background_color": "642D8B", "profile_background_image_url": "http://abs.twimg.com/images/themes/theme10/bg.gif", "profile_background_tile": true, "profile_image_url": "https://pbs.twimg.com/profile_images/442163672547590144/Xb6g4kaO_normal.jpeg", "profile_link_color": "FF0000", "profile_sidebar_fill_color": "7AC3EE", "profile_text_color": "3D1957", "protected": false, "screen_name": "RubaPlus4", "statuses_count": 1258, "time_zone": "Eastern Time (US & Canada)", "utc_offset": -14400}, "user_mentions": [{"id": 380749300, "name": "@apple", "screen_name": "Apple"}, {"id": 17475575, "name": "Best Buy", "screen_name": "BestBuy"}, {"id": 159289267, "name": "Iphone", "screen_name": "Iphone"}, {"id": 59602642, "name": "Verizon", "screen_name": "Verizon"}]}