{"created_at": "Sun Oct 16 20:29:58 +0000 2011", "favorited": false, "hashtags": ["Siri"], "id": 125669834922008576, "lang": "en", "retweeted": false, "source": "<a href=\"http://seesmic.com/\" rel=\"nofollow\">Seesmic</a>", "text": "You need to ask #Siri her favorite color and the average speed of an unladen swallow. Seems Someone @apple is a Monty python fan", "truncated": false, "user": {"created_at": "Wed Jul 29 20:31:42 +0000 2009", "description": "Christian, husband, dad, writer, insurance guy, quesadilla maker", "favourites_count": 126, "followers_count": 390, "friends_count": 192, "id": 61288332, "lang": "en", "listed_count": 19, "location": "Greenville SC", "name": "Alex Forrest", "profile_background_color": "06293C", "profile_background_image_url": "http://pbs.twimg.com/profile_background_images/420950124/x235cd8c6411b839152df4f6acd326ee.png", "profile_background_tile": true, "profile_banner_url": "https://pbs.twimg.com/profile_banners/61288332/1401373988", "profile_image_url": "https://pbs.twimg.com/profile_images/469126189030731777/s2euzpgr_normal.jpeg", "profile_link_color": "0A6175", "profile_sidebar_fill_color": "7EAAB6", "profile_text_color": "094052", "protected": false, "screen_name": "alexcforrest", "statuses_count": 6755, "time_zone": "Eastern Time (US & Canada)", "url": "http://t.co/Ax9bBZwAPe", "utc_offset": -14400}, "user_mentions": [{"id": 380749300, "name": "@apple", "screen_name": "Apple"}]}