{"created_at": "Sun Oct 16 17:20:14 +0000 2011", "favorited": false, "id": 125622089502830592, "in_reply_to_screen_name": "Apple", "in_reply_to_user_id": 380749300, "lang": "fr", "retweeted": false, "source": "<a href=\"http://twitter.com/download/iphone\" rel=\"nofollow\">Twitter for iPhone</a>", "text": "@Apple et je devrais arr\u00eater de vous glorifier et \u00e7a c'est pas cool...", "truncated": false, "user": {"created_at": "Wed May 13 11:52:25 +0000 2009", "description": "Creative Consultant for assholes and Flamboyant Fried Chicken Cooker. IG: @svetchassol", "favourites_count": 17710, "followers_count": 1331, "friends_count": 198, "geo_enabled": true, "id": 39734703, "lang": "en", "listed_count": 29, "location": "Paris/Tokyo/US/Palma", "name": "Svet", "profile_background_color": "070A0A", "profile_background_image_url": "http://pbs.twimg.com/profile_background_images/669862587/51b4a89af13a0006daf1f4105736bca2.jpeg", "profile_background_tile": true, "profile_banner_url": "https://pbs.twimg.com/profile_banners/39734703/1391429808", "profile_image_url": "https://pbs.twimg.com/profile_images/462268309472555008/rvnLfFgy_normal.jpeg", "profile_link_color": "121214", "profile_sidebar_fill_color": "DDFFCC", "profile_text_color": "333333", "protected": false, "screen_name": "SvetChassol", "statuses_count": 72845, "time_zone": "Paris", "url": "http://t.co/jM2X92uepY", "utc_offset": 7200}, "user_mentions": [{"id": 380749300, "name": "@apple", "screen_name": "Apple"}]}