{"created_at": "Sun Oct 16 17:01:49 +0000 2011", "favorited": false, "id": 125617451705712640, "lang": "it", "retweeted": false, "source": "<a href=\"http://twitter.com\" rel=\"nofollow\">Twitter Web Client</a>", "text": "U pick Camera&Iphone4s orCamera&Ipad2?????????????? @apple", "truncated": false, "user": {"created_at": "Sat Jul 09 18:57:33 +0000 2011", "description": "#1 Baby mama- Lindsay Lohan #2 Baby mama- Lady Gaga #3 Babt mama- Lana Del Rey 3 Baby Mamas =", "favourites_count": 352, "followers_count": 345, "friends_count": 624, "id": 332403578, "lang": "en", "listed_count": 2, "location": "Newyork newyork \u263a", "name": "Ryan\u303d", "profile_background_color": "FFFFFF", "profile_background_image_url": "http://pbs.twimg.com/profile_background_images/816932938/8ef02b0322fabfdea34063669489e7d1.jpeg", "profile_background_tile": true, "profile_banner_url": "https://pbs.twimg.com/profile_banners/332403578/1390678602", "profile_image_url": "https://pbs.twimg.com/profile_images/427163159527702529/DyTkd4IV_normal.jpeg", "profile_link_color": "9698A1", "profile_sidebar_fill_color": "FFFFFF", "profile_text_color": "1839DB", "protected": false, "screen_name": "Strangerooz", "statuses_count": 3749, "time_zone": "Eastern Time (US & Canada)", "url": "http://t.co/gui0jCH2kD", "utc_offset": -14400}, "user_mentions": [{"id": 380749300, "name": "@apple", "screen_name": "Apple"}]}