{"created_at": "Sun Oct 16 19:55:25 +0000 2011", "favorited": false, "hashtags": ["annoyed"], "id": 125661140939321344, "in_reply_to_screen_name": "Apple", "in_reply_to_user_id": 380749300, "lang": "en", "retweeted": false, "source": "<a href=\"http://twitter.com\" rel=\"nofollow\">Twitter Web Client</a>", "text": "@Apple can suck my dick gotta restore my ipad #annoyed", "truncated": false, "user": {"created_at": "Thu Aug 26 15:53:16 +0000 2010", "description": "Kings of leon & everything to do with film are my life", "favourites_count": 925, "followers_count": 530, "friends_count": 694, "geo_enabled": true, "id": 183269528, "lang": "en", "listed_count": 1, "location": "brighton", "name": "Connor Gosling", "profile_background_color": "FFFFFF", "profile_background_image_url": "http://pbs.twimg.com/profile_background_images/844367348/95283691546cbf9aa7eec0949e9cf62a.jpeg", "profile_background_tile": true, "profile_banner_url": "https://pbs.twimg.com/profile_banners/183269528/1375814236", "profile_image_url": "https://pbs.twimg.com/profile_images/434038734003380225/T0BlJewk_normal.jpeg", "profile_link_color": "000000", "profile_sidebar_fill_color": "FFFFFF", "profile_text_color": "000000", "protected": false, "screen_name": "connorgosling_", "statuses_count": 9344, "time_zone": "Casablanca", "utc_offset": 3600}, "user_mentions": [{"id": 380749300, "name": "@apple", "screen_name": "Apple"}]}