{"created_at": "Sun Oct 16 18:05:47 +0000 2011", "favorited": false, "id": 125633549847117824, "lang": "en", "retweeted": false, "source": "<a href=\"http://twitter.com\" rel=\"nofollow\">Twitter Web Client</a>", "text": "on that @Apple shit hard, change my twitter name to @_iFynest", "truncated": false, "user": {"created_at": "Thu Jun 03 00:50:19 +0000 2010", "description": "Define MySelf as... A True Artist ((Art iz Life)) We_Only_Live_Once....**UnderStanding the Mis-UnderStood** #TeamApple #TeamiPhone #TeamiPad\r\n#TeamLoso", "favourites_count": 156, "followers_count": 329, "friends_count": 490, "geo_enabled": true, "id": 151263139, "lang": "en", "listed_count": 2, "location": "Instagram - @iFynest", "name": "Mike.R\u2122 ", "profile_background_color": "000000", "profile_background_image_url": "http://pbs.twimg.com/profile_background_images/416982963/apple_23.jpg", "profile_background_tile": false, "profile_banner_url": "https://pbs.twimg.com/profile_banners/151263139/1354326345", "profile_image_url": "https://pbs.twimg.com/profile_images/416020859825164288/PhJNwdkZ_normal.jpeg", "profile_link_color": "000000", "profile_sidebar_fill_color": "252429", "profile_text_color": "545454", "protected": false, "screen_name": "_iFynest", "statuses_count": 5686, "time_zone": "Eastern Time (US & Canada)", "url": "http://t.co/6XjDW3Mbrf", "utc_offset": -14400}, "user_mentions": [{"id": 380749300, "name": "@apple", "screen_name": "Apple"}, {"id": 151263139, "name": "Mike.R\u2122 ", "screen_name": "_iFynest"}]}