{"created_at": "Sun Oct 16 20:08:48 +0000 2011", "favorited": false, "id": 125664507757461504, "lang": "en", "retweet_count": 1, "retweeted": false, "retweeted_status": {"created_at": "Sun Oct 16 18:54:30 +0000 2011", "favorited": false, "id": 125645811903250432, "lang": "en", "retweet_count": 1, "retweeted": false, "source": "<a href=\"http://twitter.com\" rel=\"nofollow\">Twitter Web Client</a>", "text": "hey @apple do you wanna fix my fucking playlist order, you piece of shit", "truncated": false, "user": {"created_at": "Mon Jul 27 17:35:22 +0000 2009", "description": "Check your local listings.", "favourites_count": 838, "followers_count": 452, "friends_count": 192, "geo_enabled": true, "id": 60657069, "lang": "en", "listed_count": 1, "location": "ATL", "name": "Jason Jones ", "profile_background_color": "709397", "profile_background_image_url": "http://abs.twimg.com/images/themes/theme6/bg.gif", "profile_background_tile": false, "profile_banner_url": "https://pbs.twimg.com/profile_banners/60657069/1399512333", "profile_image_url": "https://pbs.twimg.com/profile_images/474279931086913537/jiGbRbMY_normal.jpeg", "profile_link_color": "FF3300", "profile_sidebar_fill_color": "A0C5C7", "profile_text_color": "333333", "protected": false, "screen_name": "JDougyJ", "statuses_count": 27018}, "user_mentions": [{"id": 380749300, "name": "@apple", "screen_name": "Apple"}]}, "source": "<a href=\"http://twitter.com/download/iphone\" rel=\"nofollow\">Twitter for iPhone</a>", "text": "RT @JDougyJ: hey @apple do you wanna fix my fucking playlist order, you piece of shit", "truncated": false, "user": {"created_at": "Tue Feb 22 20:46:37 +0000 2011", "description": "Biology major/Pre-med at Ksu.", "favourites_count": 163, "followers_count": 202, "friends_count": 224, "id": 256181759, "lang": "en", "name": "Chris Blodgett", "profile_background_color": "C0DEED", "profile_background_image_url": "http://abs.twimg.com/images/themes/theme1/bg.png", "profile_background_tile": false, "profile_image_url": "https://pbs.twimg.com/profile_images/378800000713301423/aec12878182c7dff14646f4088fa128f_normal.jpeg", "profile_link_color": "0084B4", "profile_sidebar_fill_color": "DDEEF6", "profile_text_color": "333333", "protected": false, "screen_name": "dswaggamax", "statuses_count": 6233}, "user_mentions": [{"id": 60657069, "name": "Jason Jones ", "screen_name": "JDougyJ"}, {"id": 380749300, "name": "@apple", "screen_name": "Apple"}]}