{"created_at": "Sun Oct 16 18:28:18 +0000 2011", "favorited": false, "hashtags": ["NOT"], "id": 125639217090011136, "lang": "en", "retweeted": false, "source": "<a href=\"http://twitter.com\" rel=\"nofollow\">Twitter Web Client</a>", "text": "So glad that I paid $69 for this @apple care protection plan.  Been on hold for over 20 minutes now.  Great customer service. #NOT", "truncated": false, "user": {"created_at": "Fri Apr 17 22:42:49 +0000 2009", "description": "I am a marketing director for an e-comm company in #PDX. I skydive, ski, and go on adventures. I also made a human.", "favourites_count": 216, "followers_count": 699, "friends_count": 652, "geo_enabled": true, "id": 32635333, "lang": "en", "listed_count": 71, "location": "Portland, Oregon", "name": "Alisha H. Runckel", "profile_background_color": "FFFFFF", "profile_background_image_url": "http://pbs.twimg.com/profile_background_images/152917326/twitterbackgroundwithlogo.jpg", "profile_background_tile": false, "profile_banner_url": "https://pbs.twimg.com/profile_banners/32635333/1357360761", "profile_image_url": "https://pbs.twimg.com/profile_images/378800000606481975/67cb262cb843576b7bca397c73f05372_normal.jpeg", "profile_link_color": "7D663B", "profile_sidebar_fill_color": "CDDBE6", "profile_text_color": "333333", "protected": false, "screen_name": "AHemmingson", "statuses_count": 6895, "time_zone": "Pacific Time (US & Canada)", "url": "http://t.co/3il5BhkKEK", "utc_offset": -25200}, "user_mentions": [{"id": 380749300, "name": "@apple", "screen_name": "Apple"}]}