{"created_at": "Sun Oct 16 19:37:12 +0000 2011", "favorited": false, "id": 125656559190683651, "lang": "en", "retweeted": false, "source": "<a href=\"http://twitter.com/download/iphone\" rel=\"nofollow\">Twitter for iPhone</a>", "text": "Dear @Apple Contacts, you are terrible. I just cleaned duplicates for 3 hours and they magically reappeared. Fix it.", "truncated": false, "user": {"created_at": "Fri Apr 25 17:29:15 +0000 2008", "description": "Associate @GraylingUS | Founder @wethereaders | Former @teachforamerica educator | @UTAustin Alum | Lucky man w/ @maggieccrosby | Bay Area x DC x Austin", "favourites_count": 124, "followers_count": 725, "friends_count": 850, "id": 14530043, "lang": "en", "listed_count": 29, "location": "San Francisco Bay Area", "name": "Austin Dannhaus", "profile_background_color": "C0DEED", "profile_background_image_url": "http://abs.twimg.com/images/themes/theme1/bg.png", "profile_background_tile": false, "profile_banner_url": "https://pbs.twimg.com/profile_banners/14530043/1383505794", "profile_image_url": "https://pbs.twimg.com/profile_images/2539506588/3d8pyb7t0cx3c3kk8lfa_normal.jpeg", "profile_link_color": "0084B4", "profile_sidebar_fill_color": "DDEEF6", "profile_text_color": "333333", "protected": false, "screen_name": "austinblake", "statuses_count": 5860, "time_zone": "Central Time (US & Canada)", "utc_offset": -18000}, "user_mentions": [{"id": 380749300, "name": "@apple", "screen_name": "Apple"}]}