{"created_at": "Sun Oct 16 17:00:33 +0000 2011", "favorite_count": 1, "favorited": false, "id": 125617133123153921, "in_reply_to_screen_name": "Apple", "in_reply_to_user_id": 380749300, "lang": "en", "retweeted": false, "source": "<a href=\"http://itunes.apple.com/us/app/twitter/id409789998?mt=12\" rel=\"nofollow\">Twitter for Mac</a>", "text": "@Apple, Y U NO LET ME PRE-ORDER IPHONE 4S?", "truncated": false, "user": {"created_at": "Sun Mar 15 11:06:53 +0000 2009", "description": "I'm all about film production, photography, music production, DJ'ing, gaming and whatever.\r\n\r\nhttp://t.co/WNdKNfIhoY\r\nhttp://t.co/72GqiTZmM6", "favourites_count": 65, "followers_count": 150, "friends_count": 259, "geo_enabled": true, "id": 24510665, "lang": "en", "listed_count": 1, "location": "Norway", "name": "Jarl Erik Cedergren", "profile_background_color": "C0DEED", "profile_background_image_url": "http://pbs.twimg.com/profile_background_images/58903408/twitter.jpg", "profile_background_tile": false, "profile_banner_url": "https://pbs.twimg.com/profile_banners/24510665/1398876802", "profile_image_url": "https://pbs.twimg.com/profile_images/461549578370551808/KEkqTjIm_normal.jpeg", "profile_link_color": "292929", "profile_sidebar_fill_color": "000000", "profile_text_color": "9E9E9E", "protected": false, "screen_name": "Altavos", "statuses_count": 1464, "time_zone": "Amsterdam", "url": "https://t.co/22oVGnS22B", "utc_offset": 7200}, "user_mentions": [{"id": 380749300, "name": "@apple", "screen_name": "Apple"}]}