{"created_at": "Sun Oct 16 20:18:20 +0000 2011", "favorited": false, "hashtags": ["Siri"], "id": 125666909080387584, "lang": "en", "retweeted": false, "source": "<a href=\"http://twitter.com/download/iphone\" rel=\"nofollow\">Twitter for iPhone</a>", "text": "If I was @Apple, I'd publicly denounce and file suit against @Nuance. Then buy 'em on the cheap. #Siri", "truncated": false, "user": {"created_at": "Fri Dec 12 16:39:20 +0000 2008", "description": "CEO of @myEasyFridge. Proud father. Past: CEO of @SpeakerText (acquired by @theCloudFactory), NYT Journalist, NYC Paramedic, USFS Fire Fighter.", "favourites_count": 1265, "followers_count": 3209, "friends_count": 1142, "geo_enabled": true, "id": 18079631, "lang": "en", "listed_count": 253, "location": "San Francisco, CA", "name": "Matt Mireles", "profile_background_color": "131516", "profile_background_image_url": "http://pbs.twimg.com/profile_background_images/284404035/Matt_portrait_smiling.jpg", "profile_background_tile": false, "profile_banner_url": "https://pbs.twimg.com/profile_banners/18079631/1385022090", "profile_image_url": "https://pbs.twimg.com/profile_images/459772028644360192/PrzUQavz_normal.jpeg", "profile_link_color": "009999", "profile_sidebar_fill_color": "EFEFEF", "profile_text_color": "333333", "protected": false, "screen_name": "mattmireles", "statuses_count": 13154, "time_zone": "Pacific Time (US & Canada)", "url": "http://t.co/WWKyGsVkCY", "utc_offset": -25200}, "user_mentions": [{"id": 380749300, "name": "@apple", "screen_name": "Apple"}, {"id": 2345411, "name": "Matt Jones", "screen_name": "nuance"}]}