{"created_at": "Sun Oct 16 18:40:00 +0000 2011", "favorited": false, "hashtags": ["cantwealljustgetalong"], "id": 125642161659199488, "in_reply_to_screen_name": "Apple", "in_reply_to_user_id": 380749300, "lang": "en", "retweeted": false, "source": "<a href=\"http://twitter.com\" rel=\"nofollow\">Twitter Web Client</a>", "text": "@Apple, why do you have such a beef with @Windows?  #cantwealljustgetalong", "truncated": false, "user": {"created_at": "Wed Feb 04 23:36:15 +0000 2009", "description": "Husband, Father, Dodgeballer", "favourites_count": 17, "followers_count": 48, "friends_count": 163, "geo_enabled": true, "id": 20106755, "lang": "en", "location": "Edmonton", "name": "Jon Vanderzyde", "profile_background_color": "C0DEED", "profile_background_image_url": "http://abs.twimg.com/images/themes/theme1/bg.png", "profile_background_tile": false, "profile_image_url": "https://pbs.twimg.com/profile_images/1590119215/jon_normal.jpg", "profile_link_color": "0084B4", "profile_sidebar_fill_color": "DDEEF6", "profile_text_color": "333333", "protected": false, "screen_name": "JonVanderzyde", "statuses_count": 457}, "user_mentions": [{"id": 380749300, "name": "@apple", "screen_name": "Apple"}, {"id": 15670515, "name": "Windows", "screen_name": "Windows"}]}