{"created_at": "Sun Oct 16 22:01:35 +0000 2011", "favorited": false, "id": 125692890474233856, "lang": "en", "retweeted": false, "source": "<a href=\"http://bufferapp.com\" rel=\"nofollow\">Buffer</a>", "text": "Digital X Worldwide | Today Is Steve Jobs Day In California @apple http://t.co/QSCHuMIN", "truncated": false, "urls": {"http://t.co/QSCHuMIN": "http://j.mp/o92Tzu"}, "user": {"created_at": "Sun Mar 29 17:12:45 +0000 2009", "description": "http://t.co/o6PdV0EPHA Coming Soon!", "favourites_count": 14, "followers_count": 211, "friends_count": 105, "id": 27460833, "lang": "en", "listed_count": 4, "name": "DIGITAL X WORLDWIDE", "profile_background_color": "000000", "profile_background_image_url": "http://pbs.twimg.com/profile_background_images/576507046/9dga7oy4hevmgv1r5vyp.png", "profile_background_tile": true, "profile_image_url": "https://pbs.twimg.com/profile_images/2367466364/2haef0nf82jsqq08qqbr_normal.jpeg", "profile_link_color": "FF0000", "profile_sidebar_fill_color": "FFF7CC", "profile_text_color": "0E2FE1", "protected": false, "screen_name": "DGTLXWW", "statuses_count": 8451, "time_zone": "Pacific Time (US & Canada)", "utc_offset": -25200}, "user_mentions": [{"id": 380749300, "name": "@apple", "screen_name": "Apple"}]}