{"created_at": "Sun Oct 16 17:34:03 +0000 2011", "favorited": false, "id": 125625566203346944, "in_reply_to_screen_name": "Apple", "in_reply_to_user_id": 380749300, "lang": "en", "retweeted": false, "source": "<a href=\"http://news.bbc.co.uk/\" rel=\"nofollow\">BBC News iPhone App</a>", "text": "@Apple hits @Samsung in court again - http://t.co/l6brF3yB", "truncated": false, "urls": {"http://t.co/l6brF3yB": "http://www.bbc.co.uk/news/technology-15305448"}, "user": {"created_at": "Thu Nov 19 16:56:49 +0000 2009", "description": "Multi-Platform Digital Marketing Professional. Gym Rat. Accomplished Baker. Movie Addict. Sports Enthusiast. Travel Obsessed. Philanthropically Involved.", "favourites_count": 9, "followers_count": 438, "friends_count": 923, "geo_enabled": true, "id": 91142755, "lang": "en", "listed_count": 12, "location": "New York, NY", "name": "Catherine F Nelson", "profile_background_color": "022330", "profile_background_image_url": "http://abs.twimg.com/images/themes/theme15/bg.png", "profile_background_tile": false, "profile_banner_url": "https://pbs.twimg.com/profile_banners/91142755/1397506750", "profile_image_url": "https://pbs.twimg.com/profile_images/455802637787488256/4RDyu6t2_normal.jpeg", "profile_link_color": "0084B4", "profile_sidebar_fill_color": "C0DFEC", "profile_text_color": "333333", "protected": false, "screen_name": "californiacat22", "statuses_count": 3604, "time_zone": "Eastern Time (US & Canada)", "url": "http://t.co/luL07ZbSNH", "utc_offset": -14400}, "user_mentions": [{"id": 380749300, "name": "@apple", "screen_name": "Apple"}, {"id": 97610612, "name": "samsung", "screen_name": "samsung"}]}