{"created_at": "Sun Oct 16 21:17:17 +0000 2011", "favorited": false, "id": 125681742760771584, "in_reply_to_screen_name": "Apple", "in_reply_to_user_id": 380749300, "lang": "en", "retweeted": false, "source": "<a href=\"http://twitter.com/download/iphone\" rel=\"nofollow\">Twitter for iPhone</a>", "text": "@apple Siri is amazing", "truncated": false, "user": {"created_at": "Sat Apr 18 02:17:51 +0000 2009", "description": "Web Designer for Neiman Marcus. I love Fashion, NYC, and anything fresh.", "favourites_count": 5, "followers_count": 67, "friends_count": 96, "id": 32734579, "lang": "en", "listed_count": 2, "location": "Dallas", "name": "Jake Cano", "profile_background_color": "F5F2F5", "profile_background_image_url": "http://pbs.twimg.com/profile_background_images/399037289/Screen_shot_2012-01-11_at_1.27.02_PM.png", "profile_background_tile": true, "profile_banner_url": "https://pbs.twimg.com/profile_banners/32734579/1359844099", "profile_image_url": "https://pbs.twimg.com/profile_images/429499327870803969/qwnOQAoy_normal.jpeg", "profile_link_color": "696B58", "profile_sidebar_fill_color": "F0F0E7", "profile_text_color": "333333", "protected": false, "screen_name": "Jake_Cano", "statuses_count": 34, "time_zone": "Central Time (US & Canada)", "utc_offset": -18000}, "user_mentions": [{"id": 380749300, "name": "@apple", "screen_name": "Apple"}]}