{"created_at": "Sun Oct 16 22:28:34 +0000 2011", "favorited": false, "id": 125699684693065728, "lang": "es", "retweeted": false, "source": "<a href=\"http://twitter.com\" rel=\"nofollow\">Twitter Web Client</a>", "text": "todos quieren destruir a @blackberryhelp ves que estas en la mala @sebitasrodri mira que @apple ya tiene chat", "truncated": false, "user": {"created_at": "Wed Nov 24 01:10:33 +0000 2010", "description": ".", "favourites_count": 21, "followers_count": 106, "friends_count": 470, "geo_enabled": true, "id": 219138045, "lang": "es", "listed_count": 1, "location": "bogota", "name": "stiven mahecha", "profile_background_color": "000000", "profile_background_image_url": "http://pbs.twimg.com/profile_background_images/681325416/cc68e0935607cbe5ea77c6771bab8648.jpeg", "profile_background_tile": true, "profile_banner_url": "https://pbs.twimg.com/profile_banners/219138045/1398788612", "profile_image_url": "https://pbs.twimg.com/profile_images/378800000816350213/892f690d65f69032f594e52aeedcfb32_normal.jpeg", "profile_link_color": "000000", "profile_sidebar_fill_color": "DDEEF6", "profile_text_color": "333333", "protected": false, "screen_name": "jonagarzon", "statuses_count": 3535, "time_zone": "Bogota", "url": "http://t.co/LtPDvWQ7P6", "utc_offset": -18000}, "user_mentions": [{"id": 36916922, "name": "BlackBerryHelp", "screen_name": "BlackBerryHelp"}, {"id": 305006134, "name": "sebastian rodriguez", "screen_name": "sebitasrodri"}, {"id": 380749300, "name": "@apple", "screen_name": "Apple"}]}