{"created_at": "Sun Oct 16 22:10:20 +0000 2011", "favorited": false, "id": 125695094836826112, "in_reply_to_screen_name": "heidiknyc", "in_reply_to_status_id": 125690764331196416, "in_reply_to_user_id": 15799307, "lang": "en", "retweeted": false, "source": "<a href=\"http://blackberry.com/twitter\" rel=\"nofollow\">Twitter for BlackBerry\u00ae</a>", "text": "@heidiknyc @apple @Badog420 Cute dinner when ur back from shanghai xx", "truncated": false, "user": {"created_at": "Wed Apr 08 04:56:28 +0000 2009", "description": "C2 Worldwide-marketing events pr for fashion brands and music dir of mrkt for,!Flatt Mag. Pres of  CSPR\r corp.Electric Room! Born child of Rock n Roll....", "favourites_count": 15, "followers_count": 1357, "friends_count": 627, "geo_enabled": true, "id": 29644857, "lang": "en", "listed_count": 22, "location": "NYC", "name": "cristina Civetta", "profile_background_color": "1A1B1F", "profile_background_image_url": "http://abs.twimg.com/images/themes/theme9/bg.gif", "profile_background_tile": false, "profile_image_url": "https://pbs.twimg.com/profile_images/1803037993/Manhattan-20111118-00428_normal.jpg", "profile_link_color": "2FC2EF", "profile_sidebar_fill_color": "252429", "profile_text_color": "666666", "protected": false, "screen_name": "civetts", "statuses_count": 6099, "time_zone": "Quito", "utc_offset": -18000}, "user_mentions": [{"id": 15799307, "name": "Heidi Kelso", "screen_name": "heidiknyc"}, {"id": 380749300, "name": "@apple", "screen_name": "Apple"}, {"id": 191337397, "name": "\u25c4 me so funny \u25ba", "screen_name": "Badog420"}]}