{"created_at": "Sun Oct 16 17:57:51 +0000 2011", "favorited": false, "id": 125631556051140608, "lang": "en", "retweeted": false, "source": "<a href=\"http://twitter.com/download/iphone\" rel=\"nofollow\">Twitter for iPhone</a>", "text": "Dear @apple, yesterday you sucked. Today you're awesome! Thanks LP Apple store, crash and burn mich ave store.", "truncated": false, "user": {"created_at": "Sat Jun 04 01:52:41 +0000 2011", "description": "Shred powder. Eat. Sleep. Repeat. Finance @backcountrycom.", "followers_count": 50, "friends_count": 53, "id": 310610455, "lang": "en", "listed_count": 1, "location": "Salt Lake City", "name": "Joey Wolf", "profile_background_color": "C0DEED", "profile_background_image_url": "http://abs.twimg.com/images/themes/theme1/bg.png", "profile_background_tile": false, "profile_image_url": "https://pbs.twimg.com/profile_images/1505097833/Screen_Shot_2011-08-20_at_10.37.45_AM_copy_normal.jpg", "profile_link_color": "0084B4", "profile_sidebar_fill_color": "DDEEF6", "profile_text_color": "333333", "protected": false, "screen_name": "joeywolf_", "statuses_count": 426, "time_zone": "Central Time (US & Canada)", "utc_offset": -18000}, "user_mentions": [{"id": 380749300, "name": "@apple", "screen_name": "Apple"}]}