{"created_at": "Sun Oct 16 19:40:23 +0000 2011", "favorited": false, "hashtags": ["fail"], "id": 125657359841361920, "in_reply_to_screen_name": "nansen", "in_reply_to_status_id": 125656553423507456, "in_reply_to_user_id": 14389132, "lang": "en", "retweeted": false, "source": "<a href=\"http://twitter.com\" rel=\"nofollow\">Twitter Web Client</a>", "text": "@nansen Man, that sux! @apple io5 upgrade a total #fail for you!", "truncated": false, "user": {"created_at": "Wed Dec 10 17:31:16 +0000 2008", "description": "DOD. CIO @JobAngels. Successful VP/Dir of IT/Strategy/Apps/DW/CRM/BI/SM, Strategic Consulting. Blogger,Speaker,US Marine,hubby,dad. MBA,6Sigma,BPM,ITSM,ITIL,P&L", "favourites_count": 1154, "followers_count": 5183, "friends_count": 3868, "id": 18024546, "lang": "en", "listed_count": 333, "location": "Chicago, Illinois, USA", "name": "Mark Cummuta", "profile_background_color": "E4A444", "profile_background_image_url": "http://pbs.twimg.com/profile_background_images/4665395/TRIUMPH_Logo_n_Name_n_Branding_-_small.JPG", "profile_background_tile": false, "profile_banner_url": "https://pbs.twimg.com/profile_banners/18024546/1359866520", "profile_image_url": "https://pbs.twimg.com/profile_images/422041521/Mark_-_June_2009_A_normal.jpg", "profile_link_color": "0E037C", "profile_sidebar_fill_color": "A0A59C", "profile_text_color": "080808", "protected": false, "screen_name": "TriumphCIO", "statuses_count": 37911, "time_zone": "Central Time (US & Canada)", "url": "http://t.co/Z9ykOECHnt", "utc_offset": -18000}, "user_mentions": [{"id": 14389132, "name": "Nansen Malin", "screen_name": "nansen"}, {"id": 380749300, "name": "@apple", "screen_name": "Apple"}]}