{"created_at": "Sun Oct 16 20:08:17 +0000 2011", "favorited": false, "id": 125664375364255744, "lang": "und", "retweeted": false, "source": "<a href=\"http://www.apple.com\" rel=\"nofollow\">Photos on iOS</a>", "text": "I \u2665 @Apple http://t.co/a8on3IAa", "truncated": false, "user": {"created_at": "Thu Dec 02 16:46:19 +0000 2010", "description": "#FollowersForSchmexlie", "favourites_count": 39, "followers_count": 74, "friends_count": 115, "geo_enabled": true, "id": 222161588, "lang": "de", "location": "SchmexlieLand", "name": "Schmexlie Boma", "profile_background_color": "3D07D4", "profile_background_image_url": "http://abs.twimg.com/images/themes/theme1/bg.png", "profile_background_tile": false, "profile_image_url": "https://pbs.twimg.com/profile_images/2629121169/f84ff3b7c2a7a0256d5fbc3491eceb1d_normal.jpeg", "profile_link_color": "7C4DA8", "profile_sidebar_fill_color": "4D2085", "profile_text_color": "4A038C", "protected": false, "screen_name": "SchmexlieBoma", "statuses_count": 1050, "url": "http://t.co/7BZrL9TQgY"}, "user_mentions": [{"id": 380749300, "name": "@apple", "screen_name": "Apple"}]}