{"created_at": "Sun Oct 16 19:11:27 +0000 2011", "favorited": false, "id": 125650076759638016, "lang": "pt", "retweeted": false, "source": "<a href=\"http://twitter.com/download/iphone\" rel=\"nofollow\">Twitter for iPhone</a>", "text": "ninguem desliga o 3g do celular -.- \u201c@giuchavez: Olha aqui @apple: na proxima atualiza\u00e7ao eu quero um atalho pra ligar/desligar a 3g Ok ...", "truncated": false, "user": {"created_at": "Wed Aug 26 02:02:58 +0000 2009", "description": "A boa madeira n\u00e3o cresce com o sossego; quanto mais forte o vento, mais forte s\u00e3o as \u00e1rvores.", "favourites_count": 39, "followers_count": 180, "friends_count": 93, "geo_enabled": true, "id": 68872307, "lang": "pt", "listed_count": 1, "location": "Bhte", "name": "Thiago Padilha", "profile_background_color": "030303", "profile_background_image_url": "http://pbs.twimg.com/profile_background_images/143490344/polinesia04.jpg", "profile_background_tile": true, "profile_image_url": "https://pbs.twimg.com/profile_images/1375735687/image_normal.jpg", "profile_link_color": "0A0A0A", "profile_sidebar_fill_color": "FFFFFF", "profile_text_color": "050405", "protected": false, "screen_name": "thiip", "statuses_count": 1850, "time_zone": "Brasilia", "url": "http://t.co/wgocwSbJt5", "utc_offset": -10800}, "user_mentions": [{"id": 1417903357, "name": "Giu\u2113ii  \u2661", "screen_name": "Giuchavez"}, {"id": 380749300, "name": "@apple", "screen_name": "Apple"}]}