{"created_at": "Sun Oct 16 16:03:19 +0000 2011", "favorited": false, "id": 125602732278169601, "lang": "es", "retweeted": false, "source": "<a href=\"http://blackberry.com/twitter\" rel=\"nofollow\">Twitter for BlackBerry\u00ae</a>", "text": "Quiero migrar @Apple!", "truncated": false, "user": {"created_at": "Wed Jan 27 03:13:52 +0000 2010", "description": "Gracias a Dios,mi familia y amigos, mi felicidad y motivaci\u00f3n!", "favourites_count": 5, "followers_count": 17, "friends_count": 46, "geo_enabled": true, "id": 108814525, "lang": "es", "location": "Cuautla", "name": "alan caballero", "profile_background_color": "1A1B1F", "profile_background_image_url": "http://abs.twimg.com/images/themes/theme9/bg.gif", "profile_background_tile": false, "profile_image_url": "https://pbs.twimg.com/profile_images/1677202985/IMG00721-20111202-2214_3_normal.jpg", "profile_link_color": "2FC2EF", "profile_sidebar_fill_color": "252429", "profile_text_color": "666666", "protected": false, "screen_name": "alanchofas", "statuses_count": 167, "time_zone": "Mexico City", "url": "http://t.co/fnnQXgTKV7", "utc_offset": -18000}, "user_mentions": [{"id": 380749300, "name": "@apple", "screen_name": "Apple"}]}