{"created_at": "Sun Oct 16 21:00:07 +0000 2011", "favorited": false, "hashtags": ["Siri"], "id": 125677424565424128, "lang": "en", "retweeted": false, "source": "<a href=\"http://www.spredfast.com\" rel=\"nofollow\">Spredfast</a>", "text": "Meet #Siri, your new iPhone butler. Click the link and be amazed by all it can do: http://t.co/lvfFdCEL @Apple", "truncated": false, "urls": {"http://t.co/lvfFdCEL": "http://bit.ly/oHIMSc"}, "user": {"created_at": "Wed Feb 09 05:27:14 +0000 2011", "description": "All Status. No Quo. More than a slogan, it's a way of life. Monaco offers the finest features & amenities. Nothing is overlooked\u2013except the Manhattan skyline.", "followers_count": 275, "friends_count": 170, "id": 249506360, "lang": "en", "listed_count": 4, "location": "Jersey City, NJ", "name": "Monaco Jersey City ", "profile_background_color": "FFFFFF", "profile_background_image_url": "http://pbs.twimg.com/profile_background_images/284112348/Monaco_TwitterBackground_update_42958.jpg", "profile_background_tile": true, "profile_image_url": "https://pbs.twimg.com/profile_images/1428015937/Monaco_TwitterAvatar_42958_normal.jpg", "profile_link_color": "0084B4", "profile_sidebar_fill_color": "FFFFFF", "profile_text_color": "333333", "protected": false, "screen_name": "Monaco_JC", "statuses_count": 1539, "time_zone": "Quito", "url": "http://t.co/ozZ4TN8OYo", "utc_offset": -18000}, "user_mentions": [{"id": 380749300, "name": "@apple", "screen_name": "Apple"}]}