{"created_at": "Sun Oct 16 18:39:31 +0000 2011", "favorited": false, "id": 125642041140060160, "lang": "en", "retweeted": false, "source": "<a href=\"http://stone.com/Twittelator\" rel=\"nofollow\">Twittelator</a>", "text": "He asked Siri where's the hoes at & she told him where the nearest escorts were I love @apple", "truncated": false, "user": {"created_at": "Fri Jul 23 01:44:50 +0000 2010", "description": "\u264c(K.M.J. & R.S.K.B)", "favourites_count": 62, "followers_count": 352, "friends_count": 230, "id": 169737764, "lang": "en", "listed_count": 3, "location": "Adios ", "name": "Ms. HeaRtz \u2764", "profile_background_color": "0099B9", "profile_background_image_url": "http://pbs.twimg.com/profile_background_images/130016395/DSC00900.JPG", "profile_background_tile": true, "profile_banner_url": "https://pbs.twimg.com/profile_banners/169737764/1389249038", "profile_image_url": "https://pbs.twimg.com/profile_images/3299568662/56daa81fe62a4d95fb0ae1813c042532_normal.jpeg", "profile_link_color": "0099B9", "profile_sidebar_fill_color": "95E8EC", "profile_text_color": "3C3940", "protected": false, "screen_name": "RobynHeartz", "statuses_count": 19502, "time_zone": "Eastern Time (US & Canada)", "url": "http://t.co/GtvttGQCiB", "utc_offset": -14400}, "user_mentions": [{"id": 380749300, "name": "@apple", "screen_name": "Apple"}]}