{"created_at": "Sun Oct 16 17:36:26 +0000 2011", "favorited": false, "id": 125626166492147713, "in_reply_to_screen_name": "twitter", "in_reply_to_user_id": 783214, "lang": "en", "retweeted": false, "source": "<a href=\"http://twitter.com/download/iphone\" rel=\"nofollow\">Twitter for iPhone</a>", "text": "@twitter can you look at problem on iPad where it won't open @ messages. It just crashes the app. You too @apple maybe your fault.", "truncated": false, "user": {"created_at": "Sun Jan 24 22:48:51 +0000 2010", "description": "Has a strange understanding and would like to know what it means.", "favourites_count": 49, "followers_count": 61, "friends_count": 94, "geo_enabled": true, "id": 108119731, "lang": "en", "listed_count": 1, "name": "by what we give", "profile_background_color": "642D8B", "profile_background_image_url": "http://abs.twimg.com/images/themes/theme10/bg.gif", "profile_background_tile": true, "profile_banner_url": "https://pbs.twimg.com/profile_banners/108119731/1401050008", "profile_image_url": "https://pbs.twimg.com/profile_images/378800000245769000/8228b622498820d833093cbc9e96160d_normal.jpeg", "profile_link_color": "FF0000", "profile_sidebar_fill_color": "7AC3EE", "profile_text_color": "3D1957", "protected": false, "screen_name": "bywhatwegive", "statuses_count": 4937}, "user_mentions": [{"id": 783214, "name": "Twitter", "screen_name": "twitter"}, {"id": 380749300, "name": "@apple", "screen_name": "Apple"}]}