{"coordinates": {"coordinates": [89.89525276, 27.486557], "type": "Point"}, "created_at": "Sun Oct 16 16:59:01 +0000 2011", "favorited": false, "geo": {"coordinates": [27.486557, 89.89525276], "type": "Point"}, "id": 125616747863736320, "in_reply_to_screen_name": "Blogger", "in_reply_to_user_id": 18780567, "lang": "en", "retweeted": false, "source": "<a href=\"http://twitter.com/download/iphone\" rel=\"nofollow\">Twitter for iPhone</a>", "text": "@Blogger loves @Apple iPhone. My blogpost finally done through iPhone apps.", "truncated": false, "user": {"created_at": "Fri Jul 31 08:09:23 +0000 2009", "description": "Bhutanese Teacher, Passionate Blogger, and Concerned Citizen.", "favourites_count": 2821, "followers_count": 2028, "friends_count": 1348, "id": 61723309, "lang": "en", "listed_count": 25, "location": "Wangdue, Bhutan", "name": "PaSsu", "profile_background_color": "8B542B", "profile_background_image_url": "http://abs.twimg.com/images/themes/theme8/bg.gif", "profile_background_tile": false, "profile_banner_url": "https://pbs.twimg.com/profile_banners/61723309/1387307415", "profile_image_url": "https://pbs.twimg.com/profile_images/2942544254/725e4c3ef3be787d5a316dba3b9c1582_normal.jpeg", "profile_link_color": "9D582E", "profile_sidebar_fill_color": "EADEAA", "profile_text_color": "333333", "protected": false, "screen_name": "PaSsu_Diary", "statuses_count": 4532, "time_zone": "Dhaka", "url": "http://t.co/gPdjs3ghVp", "utc_offset": 21600}, "user_mentions": [{"id": 18780567, "name": "Blogger", "screen_name": "Blogger"}, {"id": 380749300, "name": "@apple", "screen_name": "Apple"}]}