{"created_at": "Sun Oct 16 21:01:46 +0000 2011", "favorited": false, "hashtags": ["lol"], "id": 125677838295764992, "lang": "en", "retweeted": false, "source": "<a href=\"http://twitter.com/download/iphone\" rel=\"nofollow\">Twitter for iPhone</a>", "text": "I just told my @apple 4S she was a stupid bitch and her reply was if you insist #lol", "truncated": false, "user": {"created_at": "Tue Sep 07 19:40:18 +0000 2010", "description": "Honarary New Yorker, Neurotic global jet setter that craves adrenaline, adventure and live, breathe and love all things fashion!", "followers_count": 150, "friends_count": 168, "id": 188036020, "lang": "en", "listed_count": 2, "location": "New York", "name": "Natasha Kapadia", "profile_background_color": "131516", "profile_background_image_url": "http://abs.twimg.com/images/themes/theme14/bg.gif", "profile_background_tile": true, "profile_image_url": "https://pbs.twimg.com/profile_images/2641264201/19e62d0c5aeddb35dd1526f868985886_normal.jpeg", "profile_link_color": "009999", "profile_sidebar_fill_color": "EFEFEF", "profile_text_color": "333333", "protected": false, "screen_name": "tash1717", "statuses_count": 996, "url": "http://t.co/AvUlHKMbTn"}, "user_mentions": [{"id": 380749300, "name": "@apple", "screen_name": "Apple"}]}