{"created_at": "Sun Oct 16 19:51:09 +0000 2011", "favorited": false, "id": 125660067482697729, "in_reply_to_screen_name": "nansen", "in_reply_to_status_id": 125656553423507456, "in_reply_to_user_id": 14389132, "lang": "en", "retweeted": false, "source": "<a href=\"http://twitter.com/download/iphone\" rel=\"nofollow\">Twitter for iPhone</a>", "text": "@nansen @apple I have not heard of that. Hubby had no problems- I have not done it yet.", "truncated": false, "user": {"created_at": "Sat May 23 00:04:27 +0000 2009", "description": "wife, mom, Christian conservative, gardener, tea  party patriot", "favourites_count": 852, "followers_count": 2072, "friends_count": 1830, "id": 41932411, "lang": "en", "listed_count": 126, "location": "Kansas", "name": "@Kansaspider C Webb", "profile_background_color": "C0DEED", "profile_background_image_url": "http://pbs.twimg.com/profile_background_images/54406368/twilk_background.jpg", "profile_background_tile": true, "profile_image_url": "https://pbs.twimg.com/profile_images/1540604079/anniversary_normal", "profile_link_color": "0084B4", "profile_sidebar_fill_color": "DDEEF6", "profile_text_color": "333333", "protected": false, "screen_name": "kansaspider", "statuses_count": 77367, "time_zone": "Central Time (US & Canada)", "utc_offset": -18000}, "user_mentions": [{"id": 14389132, "name": "Nansen Malin", "screen_name": "nansen"}, {"id": 380749300, "name": "@apple", "screen_name": "Apple"}]}