{"coordinates": {"coordinates": [-77.0369575, 38.9281884], "type": "Point"}, "created_at": "Sun Oct 16 18:52:18 +0000 2011", "favorited": false, "geo": {"coordinates": [38.9281884, -77.0369575], "type": "Point"}, "id": 125645258003464192, "lang": "en", "place": {"attributes": {}, "bounding_box": {"coordinates": [[[-77.119401, 38.801826], [-76.909396, 38.801826], [-76.909396, 38.99511], [-77.119401, 38.99511]]], "type": "Polygon"}, "contained_within": [], "country": "United States", "country_code": "US", "full_name": "Washington, DC", "id": "01fbe706f872cb32", "name": "Washington", "place_type": "city", "url": "https://api.twitter.com/1.1/geo/id/01fbe706f872cb32.json"}, "retweeted": false, "source": "<a href=\"http://twitter.com/download/android\" rel=\"nofollow\">Twitter for Android</a>", "text": "Thank you @apple for your innovations. Exhibit A: Guy playing with Facetime instead of watching game at sports bar. http://t.co/oU7K39ge", "truncated": false, "urls": {"http://t.co/oU7K39ge": "http://twitpic.com/71e29i"}, "user": {"created_at": "Sun Mar 01 17:33:52 +0000 2009", "description": "@TeachLeadBuild Regional Manager | @GrassrootsEDU Co-Founder | Tech Enthusiast | LA Native | @Steelers Fan | @Nationals Convert | Opinions my own", "favourites_count": 36, "followers_count": 890, "friends_count": 691, "id": 22383514, "lang": "en", "listed_count": 31, "location": "Washington, DC", "name": "Adam L. Barr", "profile_background_color": "022330", "profile_background_image_url": "http://abs.twimg.com/images/themes/theme15/bg.png", "profile_background_tile": false, "profile_image_url": "https://pbs.twimg.com/profile_images/2754567778/77d8b7694edb5f235b1a188f1e019041_normal.png", "profile_link_color": "0084B4", "profile_sidebar_fill_color": "C0DFEC", "profile_text_color": "333333", "protected": false, "screen_name": "adamlbarr", "statuses_count": 6538, "time_zone": "Eastern Time (US & Canada)", "url": "http://t.co/uP8sgaN05A", "utc_offset": -14400}, "user_mentions": [{"id": 380749300, "name": "@apple", "screen_name": "Apple"}]}