{"created_at": "Sun Oct 16 18:42:18 +0000 2011", "favorited": false, "hashtags": ["ios5"], "id": 125642742977138689, "lang": "en", "retweeted": false, "source": "<a href=\"http://twitter.com/download/iphone\" rel=\"nofollow\">Twitter for iPhone</a>", "text": "#ios5 getting sloppy @apple. U need to check your QA team. Too many issues with apps, data and syncing", "truncated": false, "user": {"created_at": "Sat Jul 30 00:20:31 +0000 2011", "favourites_count": 1, "followers_count": 4, "friends_count": 20, "id": 345049535, "lang": "en", "name": "Just curious ", "profile_background_color": "C0DEED", "profile_background_image_url": "http://abs.twimg.com/images/themes/theme1/bg.png", "profile_background_tile": false, "profile_image_url": "https://pbs.twimg.com/profile_images/1474545511/BU005304_13e6350_normal.png", "profile_link_color": "0084B4", "profile_sidebar_fill_color": "DDEEF6", "profile_text_color": "333333", "protected": false, "screen_name": "Judicious_1", "statuses_count": 61, "time_zone": "Mountain Time (US & Canada)", "utc_offset": -21600}, "user_mentions": [{"id": 380749300, "name": "@apple", "screen_name": "Apple"}]}