{"created_at": "Sun Oct 16 17:44:31 +0000 2011", "favorited": false, "id": 125628199269961729, "in_reply_to_screen_name": "Apple", "in_reply_to_user_id": 380749300, "lang": "en", "retweeted": false, "source": "<a href=\"http://twitter.com/download/android\" rel=\"nofollow\">Twitter for Android</a>", "text": "@Apple's Siri is witchcraft.  What's next @googleresearch. 2 yr lead lost?", "truncated": false, "user": {"created_at": "Sat Feb 16 12:28:00 +0000 2008", "description": "#ux #hops #product #analytics #garlic #design #wine #delicious #steel #building @theINDUSTRYin", "favourites_count": 76, "followers_count": 243, "friends_count": 562, "id": 13551082, "lang": "en", "listed_count": 4, "location": "#SiliconRivers", "name": "Ale Oyarzabal", "profile_background_color": "1A1B1F", "profile_background_image_url": "http://pbs.twimg.com/profile_background_images/15136561/btls2.jpg", "profile_background_tile": true, "profile_image_url": "https://pbs.twimg.com/profile_images/1285549185/eightbit-9446c241-688c-4d43-b627-3779d703db0e_normal.png", "profile_link_color": "2FC2EF", "profile_sidebar_fill_color": "252429", "profile_text_color": "666666", "protected": false, "screen_name": "undergroundbrew", "statuses_count": 1317, "time_zone": "Central Time (US & Canada)", "url": "http://t.co/RCZRnANu6Q", "utc_offset": -18000}, "user_mentions": [{"id": 380749300, "name": "@apple", "screen_name": "Apple"}, {"id": 33838201, "name": "Google Research", "screen_name": "googleresearch"}]}