{"created_at": "Sun Oct 16 18:52:46 +0000 2011", "favorited": false, "hashtags": ["California", "SteveJobsDay"], "id": 125645376790331392, "lang": "en", "retweet_count": 1, "retweeted": false, "source": "<a href=\"http://twitter.com\" rel=\"nofollow\">Twitter Web Client</a>", "text": "#California Governor @JerryBrown declares today #SteveJobsDay in his State. Music video tribute  http://t.co/mNr1HIx2 @mashable @cnet @apple", "truncated": false, "urls": {"http://t.co/mNr1HIx2": "http://mashable.com/2011/10/16/steve-jobs-day-video/"}, "user": {"created_at": "Sat Jun 20 11:59:25 +0000 2009", "description": "News junkie, cinephile, brand strategy director at KKLD.\r\n In NYC, & around.", "favourites_count": 257, "followers_count": 749, "friends_count": 503, "id": 48989024, "lang": "en", "listed_count": 6, "location": "iPhone: 40.650562,-74.005928", "name": "Matteo Sardi", "profile_background_color": "C0DEED", "profile_background_image_url": "http://abs.twimg.com/images/themes/theme1/bg.png", "profile_background_tile": false, "profile_banner_url": "https://pbs.twimg.com/profile_banners/48989024/1378920324", "profile_image_url": "https://pbs.twimg.com/profile_images/378800000757050213/b6adb8fb446eef1988f1336b225ceb7e_normal.jpeg", "profile_link_color": "0084B4", "profile_sidebar_fill_color": "DDEEF6", "profile_text_color": "333333", "protected": false, "screen_name": "MatteoSardi", "statuses_count": 1332, "time_zone": "Eastern Time (US & Canada)", "utc_offset": -14400}, "user_mentions": [{"id": 282311464, "name": "Jerry Brown", "screen_name": "JerryBrown"}, {"id": 972651, "name": "Mashable", "screen_name": "mashable"}, {"id": 30261067, "name": "CNET", "screen_name": "CNET"}, {"id": 380749300, "name": "@apple", "screen_name": "Apple"}]}