{"created_at": "Sun Oct 16 18:06:17 +0000 2011", "favorited": false, "id": 125633677597229056, "in_reply_to_screen_name": "Apple", "in_reply_to_user_id": 380749300, "lang": "en", "retweeted": false, "source": "<a href=\"http://twitter.com/download/iphone\" rel=\"nofollow\">Twitter for iPhone</a>", "text": "@apple by far the best iPod and first time iPhone ever.... Good job guys", "truncated": false, "user": {"created_at": "Sun Aug 30 14:57:45 +0000 2009", "description": "Hardcore baseball fan... but my team is the Reds...GO REDS!!!", "favourites_count": 2, "followers_count": 14, "friends_count": 40, "id": 70135585, "lang": "en", "listed_count": 1, "location": "Denver, Colorado", "name": "Richard Marquez", "profile_background_color": "352726", "profile_background_image_url": "http://abs.twimg.com/images/themes/theme5/bg.gif", "profile_background_tile": false, "profile_image_url": "https://pbs.twimg.com/profile_images/1589304910/image_normal.jpg", "profile_link_color": "D02B55", "profile_sidebar_fill_color": "99CC33", "profile_text_color": "3E4415", "protected": false, "screen_name": "exransom", "statuses_count": 118, "time_zone": "Mountain Time (US & Canada)", "utc_offset": -21600}, "user_mentions": [{"id": 380749300, "name": "@apple", "screen_name": "Apple"}]}