{"created_at": "Sun Oct 16 17:36:55 +0000 2011", "favorited": false, "id": 125626286939979776, "in_reply_to_screen_name": "adityasood", "in_reply_to_status_id": 125457535951060993, "in_reply_to_user_id": 7395552, "lang": "en", "retweeted": false, "source": "<a href=\"http://www.echofon.com/\" rel=\"nofollow\">Echofon</a>", "text": "@adityasood @apple @Quora I totally agree, was talking w/friends about that yesterday. Siri Everywhere!", "truncated": false, "user": {"created_at": "Fri Oct 12 20:15:16 +0000 2007", "description": "UX/Product Designer w/a Golden Retriever. Tech, music, woodworking, traveling, scrabble, acts of kindness, & food. ITP/NYU & TechStars NYC Alum. New: SnapCat.cc", "favourites_count": 233, "followers_count": 614, "friends_count": 575, "id": 9410242, "lang": "en", "listed_count": 39, "location": "brooklyn, ny", "name": "Mohit SantRam", "profile_background_color": "022330", "profile_background_image_url": "http://abs.twimg.com/images/themes/theme15/bg.png", "profile_background_tile": false, "profile_banner_url": "https://pbs.twimg.com/profile_banners/9410242/1400473729", "profile_image_url": "https://pbs.twimg.com/profile_images/378800000863839604/qrYXE3tH_normal.png", "profile_link_color": "0084B4", "profile_sidebar_fill_color": "C0DFEC", "profile_text_color": "333333", "protected": false, "screen_name": "msantram", "statuses_count": 4976, "time_zone": "Eastern Time (US & Canada)", "url": "http://t.co/lMFBJwP5tN", "utc_offset": -14400}, "user_mentions": [{"id": 7395552, "name": "Aditya Sood", "screen_name": "adityasood"}, {"id": 380749300, "name": "@apple", "screen_name": "Apple"}, {"id": 33696409, "name": "Quora", "screen_name": "Quora"}]}