{"created_at": "Sun Oct 16 17:55:00 +0000 2011", "favorited": false, "id": 125630836245676033, "in_reply_to_screen_name": "Apple", "in_reply_to_user_id": 380749300, "lang": "en", "retweeted": false, "source": "<a href=\"http://www.hootsuite.com\" rel=\"nofollow\">Hootsuite</a>", "text": "@Apple's Steve Jobs Gets His Day | PCWorld http://t.co/6gT6w2Od", "truncated": false, "urls": {"http://t.co/6gT6w2Od": "http://ow.ly/1yJwd3"}, "user": {"created_at": "Sat Sep 27 13:57:38 +0000 2008", "description": "Perspectives on trends, innovations, and issues impacting commerce and payment management.", "favourites_count": 3, "followers_count": 358, "friends_count": 642, "id": 16485645, "lang": "en", "listed_count": 25, "location": "Point of Transaction", "name": "exsapiens", "profile_background_color": "0099B9", "profile_background_image_url": "http://abs.twimg.com/images/themes/theme4/bg.gif", "profile_background_tile": false, "profile_image_url": "https://pbs.twimg.com/profile_images/1206375747/credit_cards-t2_normal.jpg", "profile_link_color": "0099B9", "profile_sidebar_fill_color": "95E8EC", "profile_text_color": "3C3940", "protected": false, "screen_name": "exsapiens", "statuses_count": 1755, "time_zone": "Pacific Time (US & Canada)", "utc_offset": -25200}, "user_mentions": [{"id": 380749300, "name": "@apple", "screen_name": "Apple"}]}