{"created_at": "Sun Oct 16 16:51:52 +0000 2011", "favorited": false, "hashtags": ["fb"], "id": 125614951787266048, "lang": "en", "retweeted": false, "source": "<a href=\"http://www.cloudhopper.com/\" rel=\"nofollow\">Cloudhopper</a>", "text": "Can someone explain to me how the hell iMessage differs from a text message? @Apple #fb", "truncated": false, "user": {"created_at": "Mon Feb 16 13:45:09 +0000 2009", "description": "Frontline Your Health #GUSDC/HealthNut/FitnessFreak/HabitualMostDoer/EventExecutioner/Foodie/Techie #DanielTheManual", "favourites_count": 36, "followers_count": 1555, "friends_count": 986, "geo_enabled": true, "id": 20985687, "lang": "en", "listed_count": 32, "location": "Online, DC is home", "name": "MrWatchMeWork", "profile_background_color": "000000", "profile_background_image_url": "http://pbs.twimg.com/profile_background_images/863113226/ec2f0af8d60c9cf4219fa662d123342e.png", "profile_background_tile": true, "profile_image_url": "https://pbs.twimg.com/profile_images/2793973154/d7653cd320f19215950e95f2a0ecf7a6_normal.jpeg", "profile_link_color": "23EB58", "profile_sidebar_fill_color": "99CC33", "profile_text_color": "3E4415", "protected": false, "screen_name": "DanTheManDDM", "statuses_count": 28225, "time_zone": "Eastern Time (US & Canada)", "url": "http://t.co/CAz97LP41U", "utc_offset": -14400}, "user_mentions": [{"id": 380749300, "name": "@apple", "screen_name": "Apple"}]}