{"created_at": "Sun Oct 16 23:21:53 +0000 2011", "favorited": false, "hashtags": ["ios5"], "id": 125713100782575616, "lang": "en", "retweeted": false, "source": "<a href=\"http://twitter.com\" rel=\"nofollow\">Twitter Web Client</a>", "text": "It took @apple about 7 years just to figure out how to properly syncronize an iPhone.  WOW!  #ios5", "truncated": false, "user": {"created_at": "Sun Apr 13 18:23:43 +0000 2008", "description": "Introvert. Falls down a lot. Friendly bacon specialist. Travel aficionado. Web practitioner. Student.", "favourites_count": 1172, "followers_count": 503, "friends_count": 464, "geo_enabled": true, "id": 14376735, "lang": "en", "listed_count": 3, "location": "Southern California", "name": "Andrew Weisz", "profile_background_color": "022330", "profile_background_image_url": "http://abs.twimg.com/images/themes/theme15/bg.png", "profile_background_tile": false, "profile_banner_url": "https://pbs.twimg.com/profile_banners/14376735/1350027909", "profile_image_url": "https://pbs.twimg.com/profile_images/473475367227768832/XLrba6-K_normal.jpeg", "profile_link_color": "0084B4", "profile_sidebar_fill_color": "C0DFEC", "profile_text_color": "333333", "protected": false, "screen_name": "andreweisz", "statuses_count": 12700, "time_zone": "Pacific Time (US & Canada)", "url": "http://t.co/L7A5cIYbG7", "utc_offset": -25200}, "user_mentions": [{"id": 380749300, "name": "@apple", "screen_name": "Apple"}]}