{"created_at": "Sun Oct 16 22:54:39 +0000 2011", "favorited": false, "id": 125706246056706049, "lang": "en", "retweeted": false, "source": "<a href=\"http://twitter.com/download/iphone\" rel=\"nofollow\">Twitter for iPhone</a>", "text": "Having major battery drain issue since updating iPhone 4 to iOS 5.  Anyone else? @AppStore @iPhone @apple", "truncated": false, "user": {"created_at": "Sun Jan 10 20:22:01 +0000 2010", "description": "IT Consultant and Photographer from Colorado.", "favourites_count": 2, "followers_count": 64, "friends_count": 297, "id": 103657098, "lang": "en", "location": "Broomfield, CO", "name": "Bradford Upton", "profile_background_color": "C0DEED", "profile_background_image_url": "http://abs.twimg.com/images/themes/theme1/bg.png", "profile_background_tile": false, "profile_banner_url": "https://pbs.twimg.com/profile_banners/103657098/1358030469", "profile_image_url": "https://pbs.twimg.com/profile_images/2355733342/image_normal.jpg", "profile_link_color": "0084B4", "profile_sidebar_fill_color": "DDEEF6", "profile_text_color": "333333", "protected": false, "screen_name": "BradfordUpton", "statuses_count": 189, "time_zone": "Mountain Time (US & Canada)", "utc_offset": -21600}, "user_mentions": [{"id": 74594552, "name": "App Store ", "screen_name": "AppStore"}, {"id": 159289267, "name": "Iphone", "screen_name": "Iphone"}, {"id": 380749300, "name": "@apple", "screen_name": "Apple"}]}