{"created_at": "Sun Oct 16 22:52:21 +0000 2011", "favorited": false, "id": 125705666592641024, "lang": "en", "retweeted": false, "source": "<a href=\"http://ubersocial.com\" rel=\"nofollow\">UberSocial for BlackBerry</a>", "text": "This Moment w/ @Shyah & @DianiGroves is brought to you by @NBA @Apple @Riesling oh and http://t.co/tmQ50JRU", "truncated": false, "urls": {"http://t.co/tmQ50JRU": "http://www.Leahjanell.Blogspot.com"}, "user": {"created_at": "Mon Nov 10 14:22:55 +0000 2008", "description": "Chasing Dreams while the rest are tryna catch up to me...", "favourites_count": 14, "followers_count": 756, "friends_count": 280, "id": 17287235, "lang": "en", "listed_count": 7, "location": "And Just Like That... I'M GONE", "name": "Leahjanell", "profile_background_color": "642D8B", "profile_background_image_url": "http://pbs.twimg.com/profile_background_images/79756116/26933_1336868334644_1019175921_31059558_2272451_n.jpg", "profile_background_tile": true, "profile_image_url": "https://pbs.twimg.com/profile_images/2322650352/image_normal.jpg", "profile_link_color": "FF0000", "profile_sidebar_fill_color": "7AC3EE", "profile_text_color": "3D1957", "protected": false, "screen_name": "Leahjanell", "statuses_count": 34117, "time_zone": "Central Time (US & Canada)", "url": "http://t.co/HTg9tYzxgz", "utc_offset": -18000}, "user_mentions": [{"id": 17136311, "name": "S_D_", "screen_name": "Shyah"}, {"id": 19923144, "name": "NBA", "screen_name": "NBA"}, {"id": 380749300, "name": "@apple", "screen_name": "Apple"}, {"id": 5470552, "name": "ric", "screen_name": "riesling"}]}