{"created_at": "Mon Oct 17 00:16:12 +0000 2011", "favorited": false, "hashtags": ["Win", "PampersHelloApps"], "id": 125726769297891330, "lang": "en", "retweeted": false, "source": "<a href=\"http://twitter.com\" rel=\"nofollow\">Twitter Web Client</a>", "text": "#Win an @Apple iPod Touch from @Mommy_gaga, get the @Pampers Hello World Baby Memories App! http://t.co/en0iacwR #PampersHelloApps", "truncated": false, "urls": {"http://t.co/en0iacwR": "http://bit.ly/p5FaLB"}, "user": {"created_at": "Mon Sep 01 14:52:08 +0000 2008", "description": "East coast Wife and Mother! :)", "favourites_count": 7, "followers_count": 2557, "friends_count": 2813, "geo_enabled": true, "id": 16083130, "lang": "en", "listed_count": 47, "location": "East Coast", "name": "Sarah VM", "profile_background_color": "352726", "profile_background_image_url": "http://abs.twimg.com/images/themes/theme5/bg.gif", "profile_background_tile": false, "profile_banner_url": "https://pbs.twimg.com/profile_banners/16083130/1400595873", "profile_image_url": "https://pbs.twimg.com/profile_images/378800000855957226/fd18278515a2ad897d7c1f76c98dccff_normal.jpeg", "profile_link_color": "301266", "profile_sidebar_fill_color": "99CC33", "profile_text_color": "3E4415", "protected": false, "screen_name": "SmallSlice", "statuses_count": 34585, "time_zone": "Eastern Time (US & Canada)", "utc_offset": -14400}, "user_mentions": [{"id": 380749300, "name": "@apple", "screen_name": "Apple"}, {"id": 44436909, "name": "Deanna, mommyGAGA", "screen_name": "Mommy_Gaga"}, {"id": 54548089, "name": "Pampers", "screen_name": "Pampers"}]}