{"created_at": "Mon Oct 17 00:17:17 +0000 2011", "favorited": false, "id": 125727044263874560, "in_reply_to_screen_name": "Apple", "in_reply_to_user_id": 380749300, "lang": "en", "retweeted": false, "source": "<a href=\"http://itunes.apple.com/us/app/twitter/id409789998?mt=12\" rel=\"nofollow\">Twitter for Mac</a>", "text": "@apple out of respect, I really do think  the Apple logo should be revised to the one you have no doubt seen\u2026 http://t.co/xNKwgxme", "truncated": false, "urls": {"http://t.co/xNKwgxme": "http://l1.yimg.com/a/i/ww/news/2011/10/07/apple-logo.jpg"}, "user": {"created_at": "Wed Feb 20 01:44:52 +0000 2008", "description": "Web Designer, Seventh-day Adventist, husband, son, friend, amateur photographer & guitar player. Not in that order.", "favourites_count": 83, "followers_count": 176, "friends_count": 203, "id": 13700262, "lang": "en", "listed_count": 6, "location": "QLD", "name": "lukef", "profile_background_color": "131516", "profile_background_image_url": "http://abs.twimg.com/images/themes/theme14/bg.gif", "profile_background_tile": true, "profile_image_url": "https://pbs.twimg.com/profile_images/2537127554/nxd17gslv7jr2b6tp8jy_normal.jpeg", "profile_link_color": "009999", "profile_sidebar_fill_color": "EFEFEF", "profile_text_color": "333333", "protected": false, "screen_name": "lukef", "statuses_count": 4724, "time_zone": "Brisbane", "url": "http://t.co/Q7CqgfxYcw", "utc_offset": 36000}, "user_mentions": [{"id": 380749300, "name": "@apple", "screen_name": "Apple"}]}