{"created_at": "Sun Oct 16 23:26:28 +0000 2011", "favorited": false, "hashtags": ["hypo", "D", "tri"], "id": 125714253452812288, "lang": "in", "retweeted": false, "source": "<a href=\"http://twidroyd.com\" rel=\"nofollow\">Twidroyd for Android</a>", "text": "RT @tomkeene Thx @instagram Thx @apple #hypo #D-76 #tri-x http://t.co/BPPJwncp", "truncated": false, "urls": {"http://t.co/BPPJwncp": "http://instagr.am/p/Qa643/"}, "user": {"created_at": "Sat Apr 17 15:41:42 +0000 2010", "description": "Me, myself and I", "favourites_count": 24, "followers_count": 207, "friends_count": 1504, "geo_enabled": true, "id": 134148213, "lang": "en", "listed_count": 5, "location": "MexCity ", "name": "Oswaldo Trejo", "profile_background_color": "131516", "profile_background_image_url": "http://pbs.twimg.com/profile_background_images/565572515/stirling_prize_2010_zaha_hadid_9.jpg", "profile_background_tile": true, "profile_image_url": "https://pbs.twimg.com/profile_images/876913744/DSC00138_normal.JPG", "profile_link_color": "009999", "profile_sidebar_fill_color": "EFEFEF", "profile_text_color": "17191A", "protected": false, "screen_name": "osowaldot", "statuses_count": 5609, "time_zone": "Mexico City", "utc_offset": -18000}, "user_mentions": [{"id": 25709609, "name": "tom keene", "screen_name": "tomkeene"}, {"id": 180505807, "name": "Instagram", "screen_name": "instagram"}, {"id": 380749300, "name": "@apple", "screen_name": "Apple"}]}