{"created_at": "Sun Oct 16 23:17:55 +0000 2011", "favorited": false, "id": 125712104253702146, "in_reply_to_screen_name": "Apple", "in_reply_to_user_id": 380749300, "lang": "en", "retweeted": false, "source": "<a href=\"http://twitter.com/download/iphone\" rel=\"nofollow\">Twitter for iPhone</a>", "text": "@apple So I went to the 5th Ave store and was told I could wait about 4 hours to get a 4S. Needless to say I'm back at the hotel relaxing.", "truncated": false, "user": {"created_at": "Sun Aug 07 20:10:32 +0000 2011", "description": "Music Producer/Composer/Educator. Business email: pedro6285music@gmail.com", "favourites_count": 1635, "followers_count": 23783, "friends_count": 196, "id": 350454680, "lang": "en", "listed_count": 58, "location": "Wilmington, NC, United States", "name": "Pedro | MusicByPedro", "profile_background_color": "1A1B1F", "profile_background_image_url": "http://abs.twimg.com/images/themes/theme9/bg.gif", "profile_background_tile": false, "profile_banner_url": "https://pbs.twimg.com/profile_banners/350454680/1377654700", "profile_image_url": "https://pbs.twimg.com/profile_images/473539416485412864/9O0lfvob_normal.jpeg", "profile_link_color": "2FC2EF", "profile_sidebar_fill_color": "252429", "profile_text_color": "666666", "protected": false, "screen_name": "pedro6285", "statuses_count": 29728, "time_zone": "Eastern Time (US & Canada)", "url": "http://t.co/JLVgXFPpwP", "utc_offset": -14400}, "user_mentions": [{"id": 380749300, "name": "@apple", "screen_name": "Apple"}]}