{"created_at": "Mon Oct 17 04:37:46 +0000 2011", "favorited": false, "id": 125792596114161665, "in_reply_to_screen_name": "virgojud81", "in_reply_to_status_id": 125791545881411584, "in_reply_to_user_id": 152861932, "lang": "en", "retweeted": false, "source": "<a href=\"http://twitter.com/download/iphone\" rel=\"nofollow\">Twitter for iPhone</a>", "text": "@virgojud81 well maybe if you would set ya @apple products to send push notifications it would go through.", "truncated": false, "user": {"created_at": "Sun Oct 16 03:53:14 +0000 2011", "favourites_count": 7, "followers_count": 26, "friends_count": 146, "geo_enabled": true, "id": 391801978, "lang": "en", "listed_count": 4, "name": "\u039aYL\u039e", "profile_background_color": "C0DEED", "profile_background_image_url": "http://abs.twimg.com/images/themes/theme1/bg.png", "profile_background_tile": false, "profile_image_url": "https://pbs.twimg.com/profile_images/1592194225/image_normal.jpg", "profile_link_color": "0084B4", "profile_sidebar_fill_color": "DDEEF6", "profile_text_color": "333333", "protected": false, "screen_name": "Kyle41989", "statuses_count": 100, "time_zone": "Central Time (US & Canada)", "utc_offset": -18000}, "user_mentions": [{"id": 152861932, "name": "Judson Scott Smith", "screen_name": "virgojud81"}, {"id": 380749300, "name": "@apple", "screen_name": "Apple"}]}