{"created_at": "Mon Oct 17 04:46:09 +0000 2011", "favorited": false, "id": 125794703819030528, "lang": "en", "retweeted": false, "source": "<a href=\"http://tweetli.st/\" rel=\"nofollow\">TweetList Pro</a>", "text": "screw you @apple iOS 5. I can't download this crap, and I'm tired of trying. Get this problem figured out about my connection timing out", "truncated": false, "user": {"created_at": "Fri Jul 17 21:53:26 +0000 2009", "description": "Im that guy that says he can do anything, but thats just because i can - @Andrelton \nI bag stuff at kroger and i was recruited to play rugby at UGA.", "favourites_count": 1798, "followers_count": 579, "friends_count": 1040, "id": 57768693, "lang": "en", "listed_count": 5, "location": "Georgia", "name": "Mike", "profile_background_color": "C0DEED", "profile_background_image_url": "http://abs.twimg.com/images/themes/theme1/bg.png", "profile_background_tile": false, "profile_banner_url": "https://pbs.twimg.com/profile_banners/57768693/1399006859", "profile_image_url": "https://pbs.twimg.com/profile_images/464253125558554624/RYntnaaJ_normal.jpeg", "profile_link_color": "0084B4", "profile_sidebar_fill_color": "DDEEF6", "profile_text_color": "333333", "protected": false, "screen_name": "mike_rhodes22", "statuses_count": 27492, "time_zone": "Eastern Time (US & Canada)", "utc_offset": -14400}, "user_mentions": [{"id": 380749300, "name": "@apple", "screen_name": "Apple"}]}