{"created_at": "Sun Oct 16 22:43:53 +0000 2011", "favorited": false, "hashtags": ["teamiphone"], "id": 125703536632807424, "in_reply_to_screen_name": "Apple", "in_reply_to_user_id": 380749300, "lang": "en", "retweeted": false, "source": "<a href=\"http://www.nibirutech.com\" rel=\"nofollow\">TwitBird</a>", "text": "@Apple needs to give me a contract deal i get them new customers all the time #teamiphone\ue00a", "truncated": false, "user": {"created_at": "Tue Jun 09 12:33:53 +0000 2009", "description": "Aveda Cosmetologist Freelance Hairstylist Creative Artist #MUA", "favourites_count": 268, "followers_count": 592, "friends_count": 464, "id": 45826292, "lang": "en", "listed_count": 18, "location": "DMV", "name": "It's Brittany...B!", "profile_background_color": "ACDED6", "profile_background_image_url": "http://pbs.twimg.com/profile_background_images/279171667/pool_2.JPG", "profile_background_tile": true, "profile_banner_url": "https://pbs.twimg.com/profile_banners/45826292/1375627909", "profile_image_url": "https://pbs.twimg.com/profile_images/378800000479295851/5abefa3be0e1715410b106b24d158d61_normal.jpeg", "profile_link_color": "D3D927", "profile_sidebar_fill_color": "050005", "profile_text_color": "D91161", "protected": false, "screen_name": "PrettyAmaazing", "statuses_count": 23953, "time_zone": "Quito", "url": "http://t.co/YA6ooIBGZl", "utc_offset": -18000}, "user_mentions": [{"id": 380749300, "name": "@apple", "screen_name": "Apple"}]}