{"created_at": "Sun Oct 16 22:52:16 +0000 2011", "favorited": false, "id": 125705646942330880, "lang": "en", "retweeted": false, "source": "<a href=\"http://twitter.com\" rel=\"nofollow\">Twitter Web Client</a>", "text": "Partner with @apple. I&#39;d pay $50 for aniBulb. &quot;@washingtonpost: Would you pay $25 for this lightbulb? http://t.co/zGFsehAO&quot;", "truncated": false, "urls": {"http://t.co/zGFsehAO": "http://wapo.st/nBHzoh"}, "user": {"created_at": "Tue Apr 28 13:54:13 +0000 2009", "description": "Entrepreneur. Wanna be artist and rock star. Sheep in wolves clothing. Writer for http://t.co/yQMH8ftroo. Occasional black outs. Based on a true story.", "favourites_count": 225, "followers_count": 1445, "friends_count": 1083, "geo_enabled": true, "id": 36069674, "lang": "en", "listed_count": 21, "location": "Tysons Corner, VA", "name": "Borzou Azabdaftari", "profile_background_color": "1A1B1F", "profile_background_image_url": "http://pbs.twimg.com/profile_background_images/322386809/tumblr_lqez2h4sG21qz7lxdo1_500.jpg", "profile_background_tile": true, "profile_banner_url": "https://pbs.twimg.com/profile_banners/36069674/1349647829", "profile_image_url": "https://pbs.twimg.com/profile_images/423973556033445888/GFMooF6E_normal.jpeg", "profile_link_color": "2FC2EF", "profile_sidebar_fill_color": "252429", "profile_text_color": "666666", "protected": false, "screen_name": "bronxzou", "statuses_count": 7263, "time_zone": "Eastern Time (US & Canada)", "url": "http://t.co/ODIEcB8VX0", "utc_offset": -14400}, "user_mentions": [{"id": 380749300, "name": "@apple", "screen_name": "Apple"}, {"id": 2467791, "name": "Washington Post", "screen_name": "washingtonpost"}]}