{"created_at": "Sun Oct 16 22:36:55 +0000 2011", "favorited": false, "id": 125701785540235264, "lang": "en", "retweeted": false, "source": "<a href=\"http://www.echofon.com/\" rel=\"nofollow\">Echofon</a>", "text": "Dear @apple please send me my Mac Book back surely the repair is done by now... Thanks!", "truncated": false, "user": {"created_at": "Thu Aug 05 23:45:13 +0000 2010", "description": "Just Regular People With Regular Opinions Trying To Keep You Regular\r\n#Jaguars #Heat #GeorgiaBulldogs", "favourites_count": 33, "followers_count": 316, "friends_count": 425, "geo_enabled": true, "id": 175201602, "lang": "en", "listed_count": 9, "location": "Jacksonville, Fl", "name": "RaisingBortles", "profile_background_color": "C0DEED", "profile_background_image_url": "http://pbs.twimg.com/profile_background_images/555749438/purpjville-FL-skyline.jpg", "profile_background_tile": true, "profile_banner_url": "https://pbs.twimg.com/profile_banners/175201602/1349393249", "profile_image_url": "https://pbs.twimg.com/profile_images/378800000223917210/84bb3a4ce9a615b54ade892742f5174b_normal.jpeg", "profile_link_color": "E8DD0E", "profile_sidebar_fill_color": "E883F7", "profile_text_color": "333333", "protected": false, "screen_name": "raisingbran", "statuses_count": 44589, "time_zone": "Eastern Time (US & Canada)", "url": "http://t.co/KqIE4myiSQ", "utc_offset": -14400}, "user_mentions": [{"id": 380749300, "name": "@apple", "screen_name": "Apple"}]}