{"created_at": "Sun Oct 16 23:04:09 +0000 2011", "favorited": false, "hashtags": ["iPhone4S", "ios5"], "id": 125708639607599104, "lang": "en", "retweeted": false, "source": "<a href=\"http://twitter.com/download/iphone\" rel=\"nofollow\">Twitter for iPhone</a>", "text": "Loving my new #iPhone4S thanks @apple for #ios5", "truncated": false, "user": {"created_at": "Sat Oct 15 20:37:07 +0000 2011", "followers_count": 4, "friends_count": 21, "id": 391598905, "lang": "en", "name": "Anthony", "profile_background_color": "C0DEED", "profile_background_image_url": "http://abs.twimg.com/images/themes/theme1/bg.png", "profile_background_tile": false, "profile_image_url": "https://pbs.twimg.com/profile_images/1589925975/image_normal.jpg", "profile_link_color": "0084B4", "profile_sidebar_fill_color": "DDEEF6", "profile_text_color": "333333", "protected": false, "screen_name": "antwoord83", "statuses_count": 8}, "user_mentions": [{"id": 380749300, "name": "@apple", "screen_name": "Apple"}]}