{"created_at": "Sun Oct 16 23:19:14 +0000 2011", "favorite_count": 1, "favorited": false, "hashtags": ["hypo", "D", "tri"], "id": 125712433087123456, "lang": "in", "retweeted": false, "source": "<a href=\"http://instagram.com\" rel=\"nofollow\">Instagram</a>", "text": "Thx @instagram Thx @apple #hypo #D-76 #tri-x http://t.co/D7EeJHBT", "truncated": false, "urls": {"http://t.co/D7EeJHBT": "http://instagr.am/p/Qa643/"}, "user": {"created_at": "Sat Mar 21 18:41:24 +0000 2009", "description": "bloomberg surveillance", "favourites_count": 179, "followers_count": 55189, "friends_count": 6586, "id": 25709609, "lang": "en", "listed_count": 1811, "location": "planet bloomberg", "name": "tom keene", "profile_background_color": "B1B3AF", "profile_background_image_url": "http://pbs.twimg.com/profile_background_images/469256099703439360/mz9aQ-mQ.jpeg", "profile_background_tile": false, "profile_banner_url": "https://pbs.twimg.com/profile_banners/25709609/1402353054", "profile_image_url": "https://pbs.twimg.com/profile_images/462577857487585280/I8NrhA2c_normal.jpeg", "profile_link_color": "0C0D0C", "profile_sidebar_fill_color": "E6F6F9", "profile_text_color": "333333", "protected": false, "screen_name": "tomkeene", "statuses_count": 21613, "time_zone": "Kamchatka", "url": "http://t.co/hrMjcYMl7J", "utc_offset": 43200, "verified": true}, "user_mentions": [{"id": 180505807, "name": "Instagram", "screen_name": "instagram"}, {"id": 380749300, "name": "@apple", "screen_name": "Apple"}]}