{"created_at": "Sun Oct 16 23:57:40 +0000 2011", "favorited": false, "hashtags": ["iPad", "iPhone", "techieTroubles"], "id": 125722107710672896, "lang": "en", "retweeted": false, "source": "<a href=\"http://twitter.com\" rel=\"nofollow\">Twitter Web Client</a>", "text": "what is going on with all my @Apple products?! First my #iPad freezes (still is frozen) and then my #iPhone won't turn on!!! #techieTroubles", "truncated": false, "user": {"created_at": "Thu Apr 23 00:14:18 +0000 2009", "description": "\u2022 social|advertising; When you want to succeed as bad as you want to breathe, then you will be successful.  #FEWDM #BlessedBeyondMeasure", "favourites_count": 1134, "followers_count": 674, "friends_count": 544, "geo_enabled": true, "id": 34456543, "lang": "en", "listed_count": 18, "location": "NYC", "name": "Angela Marie", "profile_background_color": "E39816", "profile_background_image_url": "http://pbs.twimg.com/profile_background_images/607691807/08490vzv4npctd1idngw.jpeg", "profile_background_tile": true, "profile_banner_url": "https://pbs.twimg.com/profile_banners/34456543/1402370875", "profile_image_url": "https://pbs.twimg.com/profile_images/475023367071076353/-JK6gu1n_normal.jpeg", "profile_link_color": "009999", "profile_sidebar_fill_color": "EFEFEF", "profile_text_color": "333333", "protected": false, "screen_name": "aworonick", "statuses_count": 21717, "time_zone": "Central Time (US & Canada)", "utc_offset": -18000}, "user_mentions": [{"id": 380749300, "name": "@apple", "screen_name": "Apple"}]}