{"created_at": "Sun Oct 16 23:09:55 +0000 2011", "favorited": false, "id": 125710089716899840, "lang": "en", "retweeted": false, "source": "<a href=\"http://twitter.com/download/iphone\" rel=\"nofollow\">Twitter for iPhone</a>", "text": "Terrible customer service at Los Gatos @Apple! Why do I have to pay $199 for a bad home button on my iPhone?!?", "truncated": false, "user": {"created_at": "Tue Oct 07 18:22:11 +0000 2008", "description": "One auto-crossin', mobile appin', ganster rappin', keyboard tappin' son of a gun.", "favourites_count": 4, "followers_count": 33, "friends_count": 11, "geo_enabled": true, "id": 16633835, "lang": "en", "listed_count": 2, "location": "San Jose, CA", "name": "oguzolcay", "profile_background_color": "EDECE9", "profile_background_image_url": "http://abs.twimg.com/images/themes/theme3/bg.gif", "profile_background_tile": false, "profile_banner_url": "https://pbs.twimg.com/profile_banners/16633835/1353652762", "profile_image_url": "https://pbs.twimg.com/profile_images/67774587/profile_normal.jpg", "profile_link_color": "088253", "profile_sidebar_fill_color": "E3E2DE", "profile_text_color": "634047", "protected": false, "screen_name": "oguzolcay", "statuses_count": 275, "time_zone": "Pacific Time (US & Canada)", "utc_offset": -25200}, "user_mentions": [{"id": 380749300, "name": "@apple", "screen_name": "Apple"}]}