{"created_at": "Sun Oct 16 23:03:18 +0000 2011", "favorited": false, "id": 125708425752612864, "in_reply_to_screen_name": "Apple", "in_reply_to_user_id": 380749300, "lang": "en", "retweeted": false, "source": "<a href=\"http://twitter.com\" rel=\"nofollow\">Twitter Web Client</a>", "text": "@Apple do not buy an iPhone 4s that isn't in the store. THEY ARE NOT MADE YET AND DEFRAUDING YOU", "truncated": false, "user": {"created_at": "Thu Sep 29 18:01:10 +0000 2011", "description": "Author of the blog Miles Behind Me. Living life knowing you can leave the bad miles behind. Starbucks and Lego addict. Navy wife and mother.", "favourites_count": 488, "followers_count": 191, "friends_count": 252, "geo_enabled": true, "id": 382222828, "lang": "en", "listed_count": 11, "location": "Seattle", "name": "Chelle", "profile_background_color": "642D8B", "profile_background_image_url": "http://abs.twimg.com/images/themes/theme10/bg.gif", "profile_background_tile": true, "profile_banner_url": "https://pbs.twimg.com/profile_banners/382222828/1394121793", "profile_image_url": "https://pbs.twimg.com/profile_images/441605005146333184/ElKmQY2H_normal.jpeg", "profile_link_color": "FF0000", "profile_sidebar_fill_color": "7AC3EE", "profile_text_color": "3D1957", "protected": false, "screen_name": "Miles_Behind_Me", "statuses_count": 6294, "time_zone": "Atlantic Time (Canada)", "url": "http://t.co/6igdDx0QQi", "utc_offset": -10800}, "user_mentions": [{"id": 380749300, "name": "@apple", "screen_name": "Apple"}]}