{"created_at": "Mon Oct 17 00:18:30 +0000 2011", "favorited": false, "id": 125727349034598401, "lang": "en", "retweeted": false, "source": "<a href=\"http://itunes.apple.com/us/app/twitter/id409789998?mt=12\" rel=\"nofollow\">Twitter for Mac</a>", "text": "hmm it seems i should have checked the identity of @apple first\u2026", "truncated": false, "user": {"created_at": "Wed Feb 20 01:44:52 +0000 2008", "description": "Web Designer, Seventh-day Adventist, husband, son, friend, amateur photographer & guitar player. Not in that order.", "favourites_count": 83, "followers_count": 176, "friends_count": 203, "id": 13700262, "lang": "en", "listed_count": 6, "location": "QLD", "name": "lukef", "profile_background_color": "131516", "profile_background_image_url": "http://abs.twimg.com/images/themes/theme14/bg.gif", "profile_background_tile": true, "profile_image_url": "https://pbs.twimg.com/profile_images/2537127554/nxd17gslv7jr2b6tp8jy_normal.jpeg", "profile_link_color": "009999", "profile_sidebar_fill_color": "EFEFEF", "profile_text_color": "333333", "protected": false, "screen_name": "lukef", "statuses_count": 4724, "time_zone": "Brisbane", "url": "http://t.co/Q7CqgfxYcw", "utc_offset": 36000}, "user_mentions": [{"id": 380749300, "name": "@apple", "screen_name": "Apple"}]}