{"created_at": "Sun Oct 16 23:39:51 +0000 2011", "favorited": false, "id": 125717622728818688, "in_reply_to_screen_name": "alexlindsay", "in_reply_to_status_id": 125706591205982208, "in_reply_to_user_id": 11864262, "lang": "en", "retweeted": false, "source": "<a href=\"http://twitterrific.com\" rel=\"nofollow\">Twitterrific</a>", "text": "@alexlindsay My wife upgraded her iPhone 4. I think Siri alone is worth the upgrade. Looking forward to @Apple continuing to enhance Siri.", "truncated": false, "user": {"created_at": "Sun Dec 09 19:14:13 +0000 2007", "description": "Software engineering manager and architect.  Embrace change, manage complexity.", "favourites_count": 5, "followers_count": 35, "friends_count": 158, "id": 10999692, "lang": "en", "listed_count": 1, "location": "Salisbury, MA", "name": "Ron Glasmann", "profile_background_color": "C0DEED", "profile_background_image_url": "http://abs.twimg.com/images/themes/theme1/bg.png", "profile_background_tile": false, "profile_banner_url": "https://pbs.twimg.com/profile_banners/10999692/1354332556", "profile_image_url": "https://pbs.twimg.com/profile_images/2917173156/99da4d3f0223405050c96a05bedcfe5e_normal.jpeg", "profile_link_color": "0084B4", "profile_sidebar_fill_color": "DDEEF6", "profile_text_color": "333333", "protected": false, "screen_name": "ronglasmann", "statuses_count": 351, "time_zone": "Central Time (US & Canada)", "url": "http://t.co/i9Qhbu5zJM", "utc_offset": -18000}, "user_mentions": [{"id": 11864262, "name": "alexlindsay", "screen_name": "alexlindsay"}, {"id": 380749300, "name": "@apple", "screen_name": "Apple"}]}