{"created_at": "Mon Oct 17 00:19:37 +0000 2011", "favorited": false, "id": 125727629012770816, "lang": "en", "retweeted": false, "source": "<a href=\"http://www.echofon.com/\" rel=\"nofollow\">Echofon</a>", "text": "S/O to @apple for replacing my phone for free\ue00e", "truncated": false, "user": {"created_at": "Thu Nov 19 01:38:17 +0000 2009", "favourites_count": 6, "followers_count": 232, "friends_count": 280, "id": 91009307, "lang": "en", "listed_count": 1, "location": "Tucson, AZ", "name": "Cam Yslas", "profile_background_color": "C0DEED", "profile_background_image_url": "http://abs.twimg.com/images/themes/theme1/bg.png", "profile_background_tile": false, "profile_image_url": "https://pbs.twimg.com/profile_images/465909928440254464/u87lrO_o_normal.jpeg", "profile_link_color": "0084B4", "profile_sidebar_fill_color": "DDEEF6", "profile_text_color": "333333", "protected": false, "screen_name": "cam248", "statuses_count": 4318, "time_zone": "Pacific Time (US & Canada)", "utc_offset": -25200}, "user_mentions": [{"id": 380749300, "name": "@apple", "screen_name": "Apple"}]}