{"created_at": "Sun Oct 16 22:34:27 +0000 2011", "favorited": false, "hashtags": ["genius"], "id": 125701161926930433, "in_reply_to_screen_name": "Apple", "in_reply_to_user_id": 380749300, "lang": "en", "retweeted": false, "source": "<a href=\"http://twitter.com/download/iphone\" rel=\"nofollow\">Twitter for iPhone</a>", "text": "@apple the iPhone 4s is great #genius", "truncated": false, "user": {"created_at": "Fri Oct 15 01:50:16 +0000 2010", "description": "Somewhere between psychotic and iconic. Black Diamond 2011-2015\u2655. \n          New York", "favourites_count": 20367, "followers_count": 2566, "friends_count": 932, "geo_enabled": true, "id": 202892735, "lang": "en", "listed_count": 7, "name": "Brynn Baker", "profile_background_color": "FA9E14", "profile_background_image_url": "http://pbs.twimg.com/profile_background_images/556175956/images-3.jpeg", "profile_background_tile": true, "profile_banner_url": "https://pbs.twimg.com/profile_banners/202892735/1348100001", "profile_image_url": "https://pbs.twimg.com/profile_images/454721168843345921/-LFKsFt-_normal.jpeg", "profile_link_color": "A114FF", "profile_sidebar_fill_color": "CEFA0A", "profile_text_color": "FA0085", "protected": false, "screen_name": "bakershorty1022", "statuses_count": 46483, "time_zone": "Atlantic Time (Canada)", "utc_offset": -10800}, "user_mentions": [{"id": 380749300, "name": "@apple", "screen_name": "Apple"}]}