{"created_at": "Mon Oct 17 00:20:34 +0000 2011", "favorited": false, "hashtags": ["Win", "PampersHelloApps"], "id": 125727869363163137, "lang": "en", "retweeted": false, "source": "<a href=\"http://twitter.com\" rel=\"nofollow\">Twitter Web Client</a>", "text": "#Win an @Apple iPod Touch from @Mommy_gaga, get the @Pampers Hello World Baby Memories App! http://t.co/zRBak7kL #PampersHelloApps", "truncated": false, "urls": {"http://t.co/zRBak7kL": "http://bit.ly/p5FaLB"}, "user": {"created_at": "Fri Sep 16 07:06:57 +0000 2011", "followers_count": 7, "friends_count": 65, "id": 374386453, "lang": "en", "name": "Vicente Gonzalez", "profile_background_color": "131516", "profile_background_image_url": "http://abs.twimg.com/images/themes/theme14/bg.gif", "profile_background_tile": true, "profile_image_url": "https://abs.twimg.com/sticky/default_profile_images/default_profile_0_normal.png", "profile_link_color": "009999", "profile_sidebar_fill_color": "EFEFEF", "profile_text_color": "333333", "protected": false, "screen_name": "vgonzalez695", "statuses_count": 14}, "user_mentions": [{"id": 380749300, "name": "@apple", "screen_name": "Apple"}, {"id": 44436909, "name": "Deanna, mommyGAGA", "screen_name": "Mommy_Gaga"}, {"id": 54548089, "name": "Pampers", "screen_name": "Pampers"}]}