{"created_at": "Mon Oct 17 00:10:15 +0000 2011", "favorited": false, "id": 125725274317914112, "in_reply_to_screen_name": "boothelk", "in_reply_to_user_id": 18802403, "lang": "en", "retweeted": false, "source": "<a href=\"http://twitter.com\" rel=\"nofollow\">Twitter Web Client</a>", "text": "@boothelk did you know the first @apple home computer to use a mouse was called 'the lisa' ??", "truncated": false, "user": {"created_at": "Thu Jan 08 17:21:03 +0000 2009", "description": "Digital Marketing Leader at DuPont. Tweets own tweets. Gratuitous emoji.\n\n#philly, #running, pup #marcopolo", "favourites_count": 228, "followers_count": 368, "friends_count": 367, "geo_enabled": true, "id": 18770642, "lang": "en", "listed_count": 17, "location": "Philadelphia, PA", "name": "Christine P Johnson", "profile_background_color": "BADFCD", "profile_background_image_url": "http://pbs.twimg.com/profile_background_images/31812634/P4230890.JPG", "profile_background_tile": false, "profile_banner_url": "https://pbs.twimg.com/profile_banners/18770642/1369190874", "profile_image_url": "https://pbs.twimg.com/profile_images/3506861385/0787f3f7c79e975a1b0bcf791c89295d_normal.jpeg", "profile_link_color": "FF0000", "profile_sidebar_fill_color": "FFF7CC", "profile_text_color": "0C3E53", "protected": false, "screen_name": "CeppyJ", "statuses_count": 2531, "time_zone": "Central Time (US & Canada)", "url": "http://t.co/y65pQw6OAf", "utc_offset": -18000}, "user_mentions": [{"id": 18802403, "name": "boothelk", "screen_name": "boothelk"}, {"id": 380749300, "name": "@apple", "screen_name": "Apple"}]}