{"created_at": "Mon Oct 17 00:23:56 +0000 2011", "favorited": false, "hashtags": ["365daysofgratefulness"], "id": 125728717942161408, "lang": "en", "retweeted": false, "source": "<a href=\"http://twitter.com\" rel=\"nofollow\">Twitter Web Client</a>", "text": "Day305, I'm thankful for the great customer service received today from @Apple via phone CS, new phone on the way #365daysofgratefulness", "truncated": false, "user": {"created_at": "Fri Sep 03 03:44:45 +0000 2010", "description": "Jesus follower, wife of the amazing @bgianaris , mom to sweet baby G, @ElevationChurch staff, owner of @GlitzAndGigglez & known to drink milk out of the jug", "favourites_count": 58, "followers_count": 608, "friends_count": 227, "id": 186319947, "lang": "en", "listed_count": 3, "name": "Shel Gianaris", "profile_background_color": "642D8B", "profile_background_image_url": "http://abs.twimg.com/images/themes/theme10/bg.gif", "profile_background_tile": true, "profile_banner_url": "https://pbs.twimg.com/profile_banners/186319947/1370209408", "profile_image_url": "https://pbs.twimg.com/profile_images/3521313605/2574bad85e7061ad1d310e63551745f1_normal.jpeg", "profile_link_color": "7221B5", "profile_sidebar_fill_color": "7AC3EE", "profile_text_color": "3D1957", "protected": false, "screen_name": "shelgianaris", "statuses_count": 2005, "time_zone": "Eastern Time (US & Canada)", "utc_offset": -14400}, "user_mentions": [{"id": 380749300, "name": "@apple", "screen_name": "Apple"}]}