{"created_at": "Mon Oct 17 00:36:14 +0000 2011", "favorited": false, "id": 125731810733867011, "lang": "en", "retweeted": false, "source": "<a href=\"http://twitter.com/download/iphone\" rel=\"nofollow\">Twitter for iPhone</a>", "text": "Wow. iCloud's mail is down. 1st the iOS 5 upgrade issues and now this. I really hope this isn't @apple without Steve Jobs.", "truncated": false, "user": {"created_at": "Tue Nov 11 21:15:35 +0000 2008", "favourites_count": 16, "followers_count": 485, "friends_count": 235, "geo_enabled": true, "id": 17322302, "lang": "en", "listed_count": 5, "location": "la, ca", "name": "Robby Stempler", "profile_background_color": "000000", "profile_background_image_url": "http://pbs.twimg.com/profile_background_images/5899213/Funk_Bmore.jpg", "profile_background_tile": false, "profile_image_url": "https://pbs.twimg.com/profile_images/1821500408/image_normal.jpg", "profile_link_color": "FF6600", "profile_sidebar_fill_color": "4D034D", "profile_text_color": "000000", "protected": false, "screen_name": "robbystempler", "statuses_count": 3562, "time_zone": "Pacific Time (US & Canada)", "utc_offset": -25200}, "user_mentions": [{"id": 380749300, "name": "@apple", "screen_name": "Apple"}]}