{"created_at": "Mon Oct 17 04:41:19 +0000 2011", "favorited": false, "id": 125793487479259136, "lang": "en", "retweeted": false, "source": "<a href=\"http://twitter.com/download/iphone\" rel=\"nofollow\">Twitter for iPhone</a>", "text": "Ok, so it was a lion and not a leopard. Too much upgrading this weekend. @apple", "truncated": false, "user": {"created_at": "Thu Mar 26 23:11:44 +0000 2009", "description": "Dir. of Sales Ops  @The Orange County Register.  Leadership, business, media, technology, photography, and fashion topics.", "favourites_count": 3, "followers_count": 79, "friends_count": 165, "id": 26882226, "lang": "en", "listed_count": 6, "location": "Orange County, CA", "name": "NateJudie", "profile_background_color": "352726", "profile_background_image_url": "http://abs.twimg.com/images/themes/theme5/bg.gif", "profile_background_tile": false, "profile_image_url": "https://pbs.twimg.com/profile_images/1540505525/image_normal.jpg", "profile_link_color": "D02B55", "profile_sidebar_fill_color": "99CC33", "profile_text_color": "3E4415", "protected": false, "screen_name": "njudie", "statuses_count": 502, "time_zone": "Pacific Time (US & Canada)", "utc_offset": -25200}, "user_mentions": [{"id": 380749300, "name": "@apple", "screen_name": "Apple"}]}