{"created_at": "Sun Oct 16 22:58:04 +0000 2011", "favorited": false, "id": 125707107495452673, "lang": "en", "retweeted": false, "source": "<a href=\"http://ubersocial.com\" rel=\"nofollow\">UberSocial for BlackBerry</a>", "text": "RT @Leahjanell: This Moment w/ @Shyah & @DianiGroves is brought to you by @NBA @Apple @Riesling oh and http://t.co/Dp4XiDs2", "truncated": false, "urls": {"http://t.co/Dp4XiDs2": "http://www.Leahjanell.Blogspot.com"}, "user": {"created_at": "Fri Oct 22 05:25:47 +0000 2010", "description": "21. Brooklyn.", "favourites_count": 42, "followers_count": 411, "friends_count": 298, "id": 206057634, "lang": "en", "listed_count": 4, "name": "Diani Dorj\u00e9", "profile_background_color": "642D8B", "profile_background_image_url": "http://pbs.twimg.com/profile_background_images/378800000064085462/7201373432925245112bd3021f729394.jpeg", "profile_background_tile": true, "profile_banner_url": "https://pbs.twimg.com/profile_banners/206057634/1401562949", "profile_image_url": "https://pbs.twimg.com/profile_images/475667556054097921/XJwwD_z1_normal.jpeg", "profile_link_color": "FF0000", "profile_sidebar_fill_color": "5C5151", "profile_text_color": "0A0A0A", "protected": false, "screen_name": "DianiDorje", "statuses_count": 16732, "time_zone": "Quito", "utc_offset": -18000}, "user_mentions": [{"id": 17287235, "name": "Leahjanell", "screen_name": "Leahjanell"}, {"id": 17136311, "name": "S_D_", "screen_name": "Shyah"}, {"id": 19923144, "name": "NBA", "screen_name": "NBA"}, {"id": 380749300, "name": "@apple", "screen_name": "Apple"}, {"id": 5470552, "name": "ric", "screen_name": "riesling"}]}