{"created_at": "Sun Oct 16 23:25:12 +0000 2011", "favorited": false, "id": 125713935344214016, "in_reply_to_screen_name": "stevejobs", "in_reply_to_user_id": 28397448, "lang": "en", "retweeted": false, "source": "<a href=\"http://twitter.com\" rel=\"nofollow\">Twitter Web Client</a>", "text": "@SteveJobs being honored tonite @Apple...A truly great loss to the world.He will so be missed", "truncated": false, "user": {"created_at": "Tue Oct 26 17:02:26 +0000 2010", "description": "Vegan/Veggie Juicer 15 yrs.W/ Daniel Gale Sothebys Int'l Realty selling res RE 22 years f/t & loving it North Shore Long Island. Love my Goldendoodle Cabo 2!!", "favourites_count": 135, "followers_count": 1539, "friends_count": 1626, "geo_enabled": true, "id": 208107604, "lang": "en", "listed_count": 19, "location": "North Shore Long Island", "name": "Vegan Realtor", "profile_background_color": "352726", "profile_background_image_url": "http://abs.twimg.com/images/themes/theme5/bg.gif", "profile_background_tile": false, "profile_image_url": "https://pbs.twimg.com/profile_images/457189733097943040/qaXLD8dT_normal.jpeg", "profile_link_color": "D02B55", "profile_sidebar_fill_color": "99CC33", "profile_text_color": "3E4415", "protected": false, "screen_name": "VeganRealtor2", "statuses_count": 7348, "time_zone": "Central Time (US & Canada)", "url": "http://t.co/qoGEZeFwTe", "utc_offset": -18000}, "user_mentions": [{"id": 28397448, "name": "_", "screen_name": "stevejobs"}, {"id": 380749300, "name": "@apple", "screen_name": "Apple"}]}