{"created_at": "Sun Oct 16 23:54:03 +0000 2011", "favorited": false, "id": 125721197437648896, "lang": "en", "retweeted": false, "source": "<a href=\"http://www.apple.com\" rel=\"nofollow\">Safari on iOS</a>", "text": "What? Are we not buying enough iPads already @apple ? Give us a break while we learn to cope with a post Steve Apple http://t.co/w7GTxQZ0", "truncated": false, "urls": {"http://t.co/w7GTxQZ0": "http://www.slashgear.com/ios-5-gesture-bait-switch-frustrates-original-ipad-owners-14188068/"}, "user": {"created_at": "Mon Jan 28 21:42:39 +0000 2008", "favourites_count": 5, "followers_count": 160, "friends_count": 133, "geo_enabled": true, "id": 12802332, "lang": "en", "listed_count": 6, "location": "Nashville, TN", "name": "namlet", "profile_background_color": "ACDED6", "profile_background_image_url": "http://abs.twimg.com/images/themes/theme18/bg.gif", "profile_background_tile": false, "profile_image_url": "https://pbs.twimg.com/profile_images/449257056566927361/TYFPNGBM_normal.jpeg", "profile_link_color": "038543", "profile_sidebar_fill_color": "F6F6F6", "profile_text_color": "333333", "protected": false, "screen_name": "namlet", "statuses_count": 816, "time_zone": "Central Time (US & Canada)", "url": "http://t.co/eV3h3nUHNF", "utc_offset": -18000}, "user_mentions": [{"id": 380749300, "name": "@apple", "screen_name": "Apple"}]}