{"created_at": "Mon Oct 17 00:27:57 +0000 2011", "favorited": false, "id": 125729727653756928, "in_reply_to_screen_name": "Apple", "in_reply_to_user_id": 380749300, "lang": "en", "retweeted": false, "source": "<a href=\"http://twitter.com/download/iphone\" rel=\"nofollow\">Twitter for iPhone</a>", "text": "@apple  why don't you guys test your upgrades before you put them out. 15 1/2 hrs u guys wasted of my time yesterday. Thanks.", "truncated": false, "user": {"created_at": "Wed May 18 23:00:58 +0000 2011", "description": "Out in the cold, keeping you warm.", "favourites_count": 16, "followers_count": 86, "friends_count": 229, "geo_enabled": true, "id": 301130350, "lang": "en", "listed_count": 1, "location": "Holmfirth 01484 687997", "name": "Mark Antrobus", "profile_background_color": "C0DEED", "profile_background_image_url": "http://abs.twimg.com/images/themes/theme1/bg.png", "profile_background_tile": false, "profile_image_url": "https://pbs.twimg.com/profile_images/1492101916/image_normal.jpg", "profile_link_color": "0084B4", "profile_sidebar_fill_color": "DDEEF6", "profile_text_color": "333333", "protected": false, "screen_name": "millsideheating", "statuses_count": 176, "url": "http://t.co/SaiO5MkxCx"}, "user_mentions": [{"id": 380749300, "name": "@apple", "screen_name": "Apple"}]}