{"created_at": "Mon Oct 17 00:00:13 +0000 2011", "favorited": false, "id": 125722746100531200, "lang": "en", "retweeted": false, "source": "<a href=\"http://twitter.com/download/iphone\" rel=\"nofollow\">Twitter for iPhone</a>", "text": "Loving the new iPod update @apple", "truncated": false, "user": {"created_at": "Wed Jul 13 18:00:08 +0000 2011", "description": "Follower of Christ | Play Guitar | Love Coffee", "favourites_count": 690, "followers_count": 121, "friends_count": 209, "id": 334803350, "lang": "en", "listed_count": 1, "location": "Fresno, CA", "name": "Phillip Morgun", "profile_background_color": "131516", "profile_background_image_url": "http://abs.twimg.com/images/themes/theme14/bg.gif", "profile_background_tile": true, "profile_banner_url": "https://pbs.twimg.com/profile_banners/334803350/1389591889", "profile_image_url": "https://pbs.twimg.com/profile_images/378800000804384076/9719878c8f0339acf8c1d9cb1c0d4cac_normal.jpeg", "profile_link_color": "009999", "profile_sidebar_fill_color": "EFEFEF", "profile_text_color": "333333", "protected": false, "screen_name": "phillipmorgun", "statuses_count": 2402}, "user_mentions": [{"id": 380749300, "name": "@apple", "screen_name": "Apple"}]}