{"created_at": "Mon Oct 17 04:47:03 +0000 2011", "favorited": false, "hashtags": ["MakeMeProud"], "id": 125794931439702016, "lang": "en", "retweeted": false, "source": "<a href=\"http://twitter.com/download/iphone\" rel=\"nofollow\">Twitter for iPhone</a>", "text": "I must admit @apple has made me a very happy camper! I have text tones now! Lol! Ring tone: #MakeMeProud Drakes vers! Text tone: Nicki's", "truncated": false, "user": {"created_at": "Fri Apr 01 22:59:41 +0000 2011", "description": "I preform like Mike, any one Tyson, Jordan, Jackson! (Take me to the Hamptons Bugatti Veyron) The exceptional exception", "favourites_count": 3613, "followers_count": 1141, "friends_count": 412, "id": 275753498, "lang": "en", "listed_count": 4, "location": "Los Angeles", "name": "\u00c4'l\u0113 D\u00e8'L\u00e5ncr\u00e8t ", "profile_background_color": "C0DEED", "profile_background_image_url": "http://pbs.twimg.com/profile_background_images/328259265/securedownload.jpeg", "profile_background_tile": false, "profile_banner_url": "https://pbs.twimg.com/profile_banners/275753498/1388386180", "profile_image_url": "https://pbs.twimg.com/profile_images/378800000785539181/e26c8012c8fc5c6e797e78efd3772cad_normal.jpeg", "profile_link_color": "0084B4", "profile_sidebar_fill_color": "DDEEF6", "profile_text_color": "333333", "protected": false, "screen_name": "Boy_Gorgeous_", "statuses_count": 32422, "time_zone": "Pacific Time (US & Canada)", "utc_offset": -25200}, "user_mentions": [{"id": 380749300, "name": "@apple", "screen_name": "Apple"}]}