{"created_at": "Mon Oct 17 04:35:50 +0000 2011", "favorited": false, "hashtags": ["Siri", "Google", "Android", "justsaying"], "id": 125792107930714113, "in_reply_to_screen_name": "Apple", "in_reply_to_user_id": 380749300, "lang": "en", "retweeted": false, "source": "<a href=\"https://about.twitter.com/products/tweetdeck\" rel=\"nofollow\">TweetDeck</a>", "text": "@Apple's #Siri is great but #Google #Android always had that functionality youtu.be/gGbYVvU0Z5s #justsaying", "truncated": false, "user": {"created_at": "Thu Apr 30 05:44:40 +0000 2009", "description": "Ex PR flack, now a SEO & Digital manager at a bank questioning all things digital. Randomness includes technology, cars, cycling, marketing, travel and food.", "favourites_count": 61, "followers_count": 307, "friends_count": 385, "geo_enabled": true, "id": 36606803, "lang": "en", "listed_count": 14, "location": "Sydney", "name": "Kelvin Lee", "profile_background_color": "1A1B1F", "profile_background_image_url": "http://abs.twimg.com/images/themes/theme9/bg.gif", "profile_background_tile": false, "profile_banner_url": "https://pbs.twimg.com/profile_banners/36606803/1389870361", "profile_image_url": "https://pbs.twimg.com/profile_images/310492424/n567130491_5754_normal.jpg", "profile_link_color": "2FC2EF", "profile_sidebar_fill_color": "252429", "profile_text_color": "666666", "protected": false, "screen_name": "_kelvinlee", "statuses_count": 2240, "time_zone": "Sydney", "url": "http://t.co/jrnOQhIWZk", "utc_offset": 36000}, "user_mentions": [{"id": 380749300, "name": "@apple", "screen_name": "Apple"}]}