{"created_at": "Sun Oct 16 23:39:09 +0000 2011", "favorited": false, "hashtags": ["iPad", "iOS5"], "id": 125717447276904448, "in_reply_to_screen_name": "Apple", "in_reply_to_user_id": 380749300, "lang": "en", "retweeted": false, "source": "<a href=\"http://twitter.com\" rel=\"nofollow\">Twitter Web Client</a>", "text": "#iPad in perpetual restore loop after trying to upgrade to #iOS5 :(\n@apple sux without steve", "truncated": false, "user": {"created_at": "Mon Apr 27 10:17:36 +0000 2009", "description": "Lord give me patience.", "favourites_count": 8, "followers_count": 47, "friends_count": 3, "geo_enabled": true, "id": 35712081, "lang": "en", "location": "Singapore", "name": "i.hate.hypocricy", "profile_background_color": "EDECE9", "profile_background_image_url": "http://abs.twimg.com/images/themes/theme3/bg.gif", "profile_background_tile": false, "profile_image_url": "https://pbs.twimg.com/profile_images/530140437/meqoo_normal.jpg", "profile_link_color": "088253", "profile_sidebar_fill_color": "E3E2DE", "profile_text_color": "634047", "protected": false, "screen_name": "vktan", "statuses_count": 935, "time_zone": "Singapore", "url": "http://t.co/jo8dQ3bfnS", "utc_offset": 28800}, "user_mentions": [{"id": 380749300, "name": "@apple", "screen_name": "Apple"}]}