{"created_at": "Mon Oct 17 00:06:53 +0000 2011", "favorited": false, "id": 125724424774221826, "lang": "es", "retweeted": false, "source": "<a href=\"http://itunes.apple.com/us/app/twitter/id409789998?mt=12\" rel=\"nofollow\">Twitter for Mac</a>", "text": "Como puedo checar mi correo si tengo cuenta @apple.com?? :S osea no q onda con eso!! jajaja", "truncated": false, "user": {"created_at": "Mon Oct 19 07:17:58 +0000 2009", "description": "engineering student, cooking and tequila lover", "favourites_count": 8570, "followers_count": 461, "friends_count": 1196, "geo_enabled": true, "id": 83543989, "lang": "en", "listed_count": 6, "location": "M\u00e9rida Yuc. ", "name": "Brenda Andueza ", "profile_background_color": "0099B9", "profile_background_image_url": "http://pbs.twimg.com/profile_background_images/378800000032574720/3693fd3a239f308d473ee4afa8252852.jpeg", "profile_background_tile": true, "profile_banner_url": "https://pbs.twimg.com/profile_banners/83543989/1402258840", "profile_image_url": "https://pbs.twimg.com/profile_images/460502776246980608/T9ADHnD4_normal.jpeg", "profile_link_color": "0099B9", "profile_sidebar_fill_color": "95E8EC", "profile_text_color": "3C3940", "protected": false, "screen_name": "brendiuriix", "statuses_count": 87081, "time_zone": "Mexico City", "utc_offset": -18000}, "user_mentions": [{"id": 380749300, "name": "@apple", "screen_name": "Apple"}]}