{"created_at": "Sun Oct 16 23:38:01 +0000 2011", "favorited": false, "id": 125717161531551744, "lang": "en", "retweeted": false, "source": "<a href=\"http://twitter.com/download/iphone\" rel=\"nofollow\">Twitter for iPhone</a>", "text": "2nd @apple genius apptment running late 2nd day in row for 2nd dodgy iPod . You make mega $$$ hire some staff.", "truncated": false, "user": {"created_at": "Mon Apr 27 00:35:50 +0000 2009", "description": "Former @3AW693 police reporter.Radio & TV hack turned media liaison, helping old colleagues talk to new ones - Tweets are my views. Retweets are their views", "favourites_count": 190, "followers_count": 845, "friends_count": 318, "geo_enabled": true, "id": 35615040, "lang": "en", "listed_count": 11, "location": "Melbourne", "name": "Paul Bentley", "profile_background_color": "C0DEED", "profile_background_image_url": "http://abs.twimg.com/images/themes/theme1/bg.png", "profile_background_tile": false, "profile_image_url": "https://pbs.twimg.com/profile_images/2277624917/44jvtzx4e28ues533xuj_normal.jpeg", "profile_link_color": "0084B4", "profile_sidebar_fill_color": "DDEEF6", "profile_text_color": "333333", "protected": false, "screen_name": "paulbentleymelb", "statuses_count": 3943, "time_zone": "Melbourne", "utc_offset": 36000}, "user_mentions": [{"id": 380749300, "name": "@apple", "screen_name": "Apple"}]}