{"created_at": "Sun Oct 16 22:56:54 +0000 2011", "favorited": false, "id": 125706813583798274, "lang": "en", "retweeted": false, "source": "<a href=\"http://instagram.com\" rel=\"nofollow\">Instagram</a>", "text": "i love this. so much. thank you @apple.  http://t.co/Ui8lOEzX", "truncated": false, "urls": {"http://t.co/Ui8lOEzX": "http://instagr.am/p/Qaxom/"}, "user": {"created_at": "Fri Aug 15 18:25:44 +0000 2008", "favourites_count": 891, "followers_count": 802, "friends_count": 229, "geo_enabled": true, "id": 15865863, "lang": "en", "listed_count": 52, "location": "LA", "name": "tiphanie brooke", "profile_background_color": "FFFFFF", "profile_background_image_url": "http://pbs.twimg.com/profile_background_images/378800000166513850/z8zi5U3w.jpeg", "profile_background_tile": false, "profile_banner_url": "https://pbs.twimg.com/profile_banners/15865863/1383155884", "profile_image_url": "https://pbs.twimg.com/profile_images/439513939697598464/qR6d3yYv_normal.png", "profile_link_color": "FF0073", "profile_sidebar_fill_color": "FFFFFF", "profile_text_color": "000000", "protected": false, "screen_name": "iamantigirl", "statuses_count": 13344, "time_zone": "Pacific Time (US & Canada)", "url": "http://t.co/6pMRzHeDHB", "utc_offset": -25200}, "user_mentions": [{"id": 380749300, "name": "@apple", "screen_name": "Apple"}]}