{"created_at": "Mon Oct 17 06:31:30 +0000 2011", "favorited": false, "id": 125821218258550784, "in_reply_to_screen_name": "paulbentleymelb", "in_reply_to_status_id": 125717161531551744, "in_reply_to_user_id": 35615040, "lang": "en", "retweeted": false, "source": "<a href=\"http://twitter.com\" rel=\"nofollow\">Twitter Web Client</a>", "text": "@paulbentleymelb @apple I think they call that profit-making 'genius'", "truncated": false, "user": {"created_at": "Fri Sep 16 05:20:18 +0000 2011", "followers_count": 22, "friends_count": 33, "id": 374354931, "lang": "en", "name": "Susannah Wilson", "profile_background_color": "C0DEED", "profile_background_image_url": "http://abs.twimg.com/images/themes/theme1/bg.png", "profile_background_tile": false, "profile_image_url": "https://abs.twimg.com/sticky/default_profile_images/default_profile_6_normal.png", "profile_link_color": "0084B4", "profile_sidebar_fill_color": "DDEEF6", "profile_text_color": "333333", "protected": false, "screen_name": "suswilson77", "statuses_count": 42}, "user_mentions": [{"id": 35615040, "name": "Paul Bentley", "screen_name": "paulbentleymelb"}, {"id": 380749300, "name": "@apple", "screen_name": "Apple"}]}