{"created_at": "Mon Oct 17 06:47:42 +0000 2011", "favorited": false, "id": 125825293473685505, "in_reply_to_screen_name": "ferchowii", "in_reply_to_status_id": 125824992364601344, "in_reply_to_user_id": 206008630, "lang": "es", "place": {"attributes": {}, "bounding_box": {"coordinates": [[[-99.140238, 19.2846922], [-98.9606835, 19.2846922], [-98.9606835, 19.400885], [-99.140238, 19.400885]]], "type": "Polygon"}, "contained_within": [], "country": "M\u00e9xico", "country_code": "MX", "full_name": "Iztapalapa, Distrito Federal", "id": "6d31e9257b83e23c", "name": "Iztapalapa", "place_type": "city", "url": "https://api.twitter.com/1.1/geo/id/6d31e9257b83e23c.json"}, "retweeted": false, "source": "<a href=\"http://twitter.com\" rel=\"nofollow\">Twitter Web Client</a>", "text": "@ferchowii @Adr_Mart_Com @Apple no tengo", "truncated": false, "user": {"created_at": "Sun Oct 03 06:26:43 +0000 2010", "description": "IIinfinito RECS\r\nRap and R&B artist form Mexico City... \r\nSongs: http://t.co/snXfbDLeG2\r\nVideos: http://t.co/SzL2H9S7E1", "favourites_count": 1176, "followers_count": 77, "friends_count": 18, "geo_enabled": true, "id": 198054804, "lang": "es", "listed_count": 1, "location": "Mexico D.F", "name": "Versets ", "profile_background_color": "131516", "profile_background_image_url": "http://pbs.twimg.com/profile_background_images/868815558/e3f3ab5b287e0eb729827473a4a6d511.jpeg", "profile_background_tile": true, "profile_banner_url": "https://pbs.twimg.com/profile_banners/198054804/1377701756", "profile_image_url": "https://pbs.twimg.com/profile_images/378800000374971657/fb2d47e6b6fa6cc4aa67a4df9d50eb3a_normal.jpeg", "profile_link_color": "009999", "profile_sidebar_fill_color": "050000", "profile_text_color": "C90C12", "protected": false, "screen_name": "Versets", "statuses_count": 5613, "time_zone": "Mexico City", "url": "http://t.co/AEwSCIFc6W", "utc_offset": -18000}, "user_mentions": [{"id": 206008630, "name": "@Fer", "screen_name": "ferchowii"}, {"id": 380749300, "name": "@apple", "screen_name": "Apple"}]}