{"created_at": "Mon Oct 17 06:57:05 +0000 2011", "favorited": false, "id": 125827656238379008, "lang": "fr", "retweeted": false, "source": "<a href=\"http://tapbots.com/tweetbot\" rel=\"nofollow\">Tweetbot for iOS</a>", "text": "Hey @apple , je sais que tu es encore un peu remu\u00e9, mais tu pourrais ajouter le verbe avoir \u00e0 ton dictionnaire ?", "truncated": false, "user": {"created_at": "Sat Nov 06 00:30:56 +0000 2010", "description": "Je t'aime. Et toi ?", "favourites_count": 317, "followers_count": 1103, "friends_count": 305, "id": 212409521, "lang": "en", "listed_count": 59, "location": "Dans Ton Chenil", "name": "\u2800\u2800\u2800\u2800\u2800\u2800\u2800\u2800\u2800\u2800\u2800\u2800\u2800\u2800\u2800\u2800\u2800\u2800\u2800", "profile_background_color": "D3D9DB", "profile_background_image_url": "http://pbs.twimg.com/profile_background_images/236886150/xa1eefc2d7e94f6887fea12bf5f33b1b.jpg", "profile_background_tile": false, "profile_banner_url": "https://pbs.twimg.com/profile_banners/212409521/1401474762", "profile_image_url": "https://pbs.twimg.com/profile_images/472445515872108545/NdGKR-Ag_normal.jpeg", "profile_link_color": "DB6995", "profile_sidebar_fill_color": "2D1E29", "profile_text_color": "A177AB", "protected": false, "screen_name": "leGrosCon", "statuses_count": 56542, "url": "http://t.co/hzvHkzQjFP"}, "user_mentions": [{"id": 380749300, "name": "@apple", "screen_name": "Apple"}]}