{"created_at": "Mon Oct 17 10:34:55 +0000 2011", "favorited": false, "hashtags": ["apple", "iPhone"], "id": 125882473312817152, "lang": "en", "retweeted": false, "source": "<a href=\"http://twitter.com\" rel=\"nofollow\">Twitter Web Client</a>", "text": "Steve's last Design is apparently the @apple #apple #iPhone 5 | http://t.co/DIfQTmwm", "truncated": false, "urls": {"http://t.co/DIfQTmwm": "http://j.mp/q9vej3"}, "user": {"created_at": "Tue Feb 23 23:13:57 +0000 2010", "description": "I am the first of many but, as original as they come. Can keep up to 555 people happy at once. Share World rankings with The Wright Brothers. #Unofficial", "favourites_count": 12, "followers_count": 547, "friends_count": 506, "id": 116904625, "lang": "en", "listed_count": 4, "location": "LFBO | France", "name": "F-WWOW Airbus A380 ", "profile_background_color": "FFFFFF", "profile_background_image_url": "http://pbs.twimg.com/profile_background_images/312150293/screen_galaxy.jpg", "profile_background_tile": false, "profile_image_url": "https://pbs.twimg.com/profile_images/1655796677/A380_normal.jpg", "profile_link_color": "84BEC9", "profile_sidebar_fill_color": "EBF4FF", "profile_text_color": "000000", "protected": false, "screen_name": "F_WWOW", "statuses_count": 999, "time_zone": "Pretoria", "url": "http://t.co/0Wv1lVffU5", "utc_offset": 7200}, "user_mentions": [{"id": 380749300, "name": "@apple", "screen_name": "Apple"}]}