{"created_at": "Mon Oct 17 06:10:44 +0000 2011", "favorited": false, "id": 125815990620659713, "in_reply_to_screen_name": "Apple", "in_reply_to_user_id": 380749300, "lang": "en", "retweeted": false, "source": "<a href=\"http://twitter.com\" rel=\"nofollow\">Twitter Web Client</a>", "text": "@Apple needs to take down the Steve Jobs tribute and get back to promoting the brand - put the Cloud on the front page and start explaining", "truncated": false, "user": {"created_at": "Tue Feb 05 13:06:14 +0000 2008", "description": "International Media Relations & Chief Business Officer @HorseLifestyle. Opinions here are my own & RT \u2260 endorsement.", "favourites_count": 1838, "followers_count": 1151, "friends_count": 2001, "geo_enabled": true, "id": 13092002, "lang": "en", "listed_count": 26, "location": "New & Old Amsterdam ", "name": "Sarah A. Chase", "profile_background_color": "010B12", "profile_background_image_url": "http://pbs.twimg.com/profile_background_images/378800000165930766/hSurSSAr.jpeg", "profile_background_tile": true, "profile_banner_url": "https://pbs.twimg.com/profile_banners/13092002/1389633985", "profile_image_url": "https://pbs.twimg.com/profile_images/468451493704523777/R4NaT5fX_normal.jpeg", "profile_link_color": "E128EB", "profile_sidebar_fill_color": "1C1C1C", "profile_text_color": "5C91B9", "protected": false, "screen_name": "chasesa", "statuses_count": 19368, "time_zone": "Berlin", "url": "http://t.co/ixEQUcclQc", "utc_offset": 7200}, "user_mentions": [{"id": 380749300, "name": "@apple", "screen_name": "Apple"}]}