{"coordinates": {"coordinates": [-1.35810666, 50.965499], "type": "Point"}, "created_at": "Mon Oct 17 08:12:36 +0000 2011", "favorited": false, "geo": {"coordinates": [50.965499, -1.35810666], "type": "Point"}, "id": 125846659182764032, "lang": "en", "place": {"attributes": {}, "bounding_box": {"coordinates": [[[-1.399637, 50.840992], [-1.258169, 50.840992], [-1.258169, 51.004389], [-1.399637, 51.004389]]], "type": "Polygon"}, "contained_within": [], "country": "United Kingdom", "country_code": "GB", "full_name": "Eastleigh, Hampshire", "id": "ba7b1a0010231126", "name": "Eastleigh", "place_type": "city", "url": "https://api.twitter.com/1.1/geo/id/ba7b1a0010231126.json"}, "retweeted": false, "source": "<a href=\"http://twitter.com/download/android\" rel=\"nofollow\">Twitter for Android</a>", "text": "Just searching with my voice on my 2 year old nexus one @apple.", "truncated": false, "user": {"created_at": "Tue Jan 20 17:27:40 +0000 2009", "description": "Zany, crazy and your friend.", "favourites_count": 37, "followers_count": 200, "friends_count": 798, "geo_enabled": true, "id": 19246199, "lang": "en", "listed_count": 5, "location": "Uk, Southampton", "name": "Phil Morley", "profile_background_color": "9AE4E8", "profile_background_image_url": "http://pbs.twimg.com/profile_background_images/447561257/Twitter.jpg", "profile_background_tile": false, "profile_image_url": "https://pbs.twimg.com/profile_images/2182455185/twitter_normal.png", "profile_link_color": "0084B4", "profile_sidebar_fill_color": "DDFFCC", "profile_text_color": "333333", "protected": false, "screen_name": "LeChuckie", "statuses_count": 2895, "time_zone": "London", "utc_offset": 3600}, "user_mentions": [{"id": 380749300, "name": "@apple", "screen_name": "Apple"}]}