{"created_at": "Mon Oct 17 07:02:35 +0000 2011", "favorited": false, "hashtags": ["prodmgmt", "management", "innovation"], "id": 125829040740368384, "lang": "en", "retweeted": false, "source": "<a href=\"http://twitter.com\" rel=\"nofollow\">Twitter Web Client</a>", "text": "Say no to 1,000 things. What are you saying \"no\" to? 7 Rules of Success from Steve Jobs of @apple #prodmgmt #management #innovation", "truncated": false, "user": {"created_at": "Thu Mar 26 08:14:09 +0000 2009", "description": "Digital Product Developer, Marketing Strategist,Connector of ideas/opportunities/people. @Art_Center Product Design Instructor. CSPO. Founder Institute grad.", "favourites_count": 1177, "followers_count": 918, "friends_count": 1861, "id": 26710546, "lang": "en", "listed_count": 66, "location": "Los Angeles, CA", "name": "Rafael M Lopes", "profile_background_color": "6B6C84", "profile_background_image_url": "http://pbs.twimg.com/profile_background_images/810678888/d4914d8a595d195a8c6f8225bd93b46f.png", "profile_background_tile": false, "profile_banner_url": "https://pbs.twimg.com/profile_banners/26710546/1362874400", "profile_image_url": "https://pbs.twimg.com/profile_images/1343760099/IMG_0780_2_2_horz_right_small_normal.jpg", "profile_link_color": "8F9DA5", "profile_sidebar_fill_color": "D6B4B5", "profile_text_color": "E0A7B0", "protected": false, "screen_name": "RafaelMLopes", "statuses_count": 1270, "time_zone": "Tijuana", "url": "http://t.co/27vup6X7s3", "utc_offset": -25200}, "user_mentions": [{"id": 380749300, "name": "@apple", "screen_name": "Apple"}]}