{"created_at": "Mon Oct 17 08:43:29 +0000 2011", "favorited": false, "hashtags": ["Siri", "iPhone4S"], "id": 125854430171111424, "lang": "en", "retweeted": false, "source": "<a href=\"http://www.linkedin.com/\" rel=\"nofollow\">LinkedIn</a>", "text": "#Siri on @Apple #iPhone4S can allow unauthorized access to texts and emails, even when the phone is locked!! http://t.co/0q5dLt22", "truncated": false, "urls": {"http://t.co/0q5dLt22": "http://lnkd.in/fPscFr"}, "user": {"created_at": "Sat Sep 18 22:15:48 +0000 2010", "description": "Telecom and Technology Analyst with a passion for mobiles and other tech gizmos. Love football and cricket!", "followers_count": 224, "friends_count": 125, "geo_enabled": true, "id": 192351729, "lang": "en", "listed_count": 23, "location": "New Delhi, India", "name": "Katyayan Gupta", "profile_background_color": "ACDED6", "profile_background_image_url": "http://abs.twimg.com/images/themes/theme18/bg.gif", "profile_background_tile": false, "profile_image_url": "https://pbs.twimg.com/profile_images/2207480973/077_-_Compressed_normal.jpg", "profile_link_color": "038543", "profile_sidebar_fill_color": "F6F6F6", "profile_text_color": "333333", "protected": false, "screen_name": "Katyayangupta", "statuses_count": 760, "time_zone": "New Delhi", "utc_offset": 19800}, "user_mentions": [{"id": 380749300, "name": "@apple", "screen_name": "Apple"}]}