{"created_at": "Mon Oct 17 05:38:34 +0000 2011", "favorited": false, "id": 125807897568481280, "in_reply_to_screen_name": "twalve", "in_reply_to_status_id": 125806240138928128, "in_reply_to_user_id": 4928781, "lang": "en", "retweeted": false, "source": "<a href=\"http://twitter.com\" rel=\"nofollow\">Twitter Web Client</a>", "text": "@twalve too busy having slappy hissy-fits with Samsung? @Apple", "truncated": false, "user": {"created_at": "Wed Jun 18 04:15:56 +0000 2008", "description": "Ex-Pat Cornishman living in Sydney. Oxymoron at Atlassian. Not nearly as funny as I think I am.", "favourites_count": 184, "followers_count": 514, "friends_count": 518, "id": 15153951, "lang": "en", "listed_count": 41, "location": "Sydney", "name": "Mike Sharp", "profile_background_color": "E5DFD7", "profile_background_image_url": "http://pbs.twimg.com/profile_background_images/3405551/iceHot1a.jpg", "profile_background_tile": false, "profile_banner_url": "https://pbs.twimg.com/profile_banners/15153951/1367661518", "profile_image_url": "https://pbs.twimg.com/profile_images/1207204036/chocks_normal.jpg", "profile_link_color": "51473E", "profile_sidebar_fill_color": "B29A85", "profile_text_color": "55402A", "protected": false, "screen_name": "msharp", "statuses_count": 16546, "time_zone": "Sydney", "utc_offset": 36000}, "user_mentions": [{"id": 4928781, "name": "Craig Sharkie", "screen_name": "twalve"}, {"id": 380749300, "name": "@apple", "screen_name": "Apple"}]}