{"created_at": "Mon Oct 17 10:14:38 +0000 2011", "favorited": false, "id": 125877369796968448, "lang": "sl", "retweeted": false, "source": "<a href=\"http://twitter.com\" rel=\"nofollow\">Twitter Web Client</a>", "text": "Peder\u010dine umobolne, o\u0107u APDEJT ne FORMAT SVEGA ISUS VAM JEBO MATER @apple", "truncated": false, "user": {"created_at": "Tue Dec 28 14:09:45 +0000 2010", "description": "Hrvat.", "favourites_count": 5, "followers_count": 590, "friends_count": 13, "id": 231431141, "lang": "en", "listed_count": 20, "name": "Tviteras", "profile_background_color": "C0DEED", "profile_background_image_url": "http://abs.twimg.com/images/themes/theme1/bg.png", "profile_background_tile": false, "profile_banner_url": "https://pbs.twimg.com/profile_banners/231431141/1402165182", "profile_image_url": "https://pbs.twimg.com/profile_images/431736888559669248/cinhEqTS_normal.jpeg", "profile_link_color": "0084B4", "profile_sidebar_fill_color": "DDEEF6", "profile_text_color": "333333", "protected": false, "screen_name": "tviterash", "statuses_count": 16280, "time_zone": "Athens", "url": "http://t.co/TuOjprTYkW", "utc_offset": 10800}, "user_mentions": [{"id": 380749300, "name": "@apple", "screen_name": "Apple"}]}