{"created_at": "Mon Oct 17 11:12:22 +0000 2011", "favorited": false, "id": 125891898517889024, "lang": "en", "retweeted": false, "source": "<a href=\"http://www.echofon.com/\" rel=\"nofollow\">Echofon</a>", "text": "Talking @Apple keynotes over lunch with @yuvalariav. Challenged him to check something out ;-)", "truncated": false, "user": {"created_at": "Tue Mar 18 21:16:17 +0000 2008", "description": "A savvy marketer, looking for a job. Past: @justAdMobi, CMO for startups (advisor), @Onavo @IBM. B'ball player, husband, father, dog owner.", "favourites_count": 383, "followers_count": 3711, "friends_count": 3422, "geo_enabled": true, "id": 14172624, "lang": "en", "listed_count": 147, "location": "Tel Aviv, Israel", "name": "Dvir Reznik", "profile_background_color": "C0DEED", "profile_background_image_url": "http://abs.twimg.com/images/themes/theme1/bg.png", "profile_background_tile": false, "profile_image_url": "https://pbs.twimg.com/profile_images/1502486807/Dvir_Reznik_Photo_Box_normal.jpg", "profile_link_color": "0084B4", "profile_sidebar_fill_color": "DDEEF6", "profile_text_color": "333333", "protected": false, "screen_name": "dvirreznik", "statuses_count": 24967, "time_zone": "Jerusalem", "url": "http://t.co/muxsxka8cs", "utc_offset": 10800}, "user_mentions": [{"id": 380749300, "name": "@apple", "screen_name": "Apple"}, {"id": 267630025, "name": "Yuval Ariav", "screen_name": "yuvalariav"}]}