{"created_at": "Mon Oct 17 06:08:16 +0000 2011", "favorited": false, "id": 125815370513793024, "lang": "en", "retweeted": false, "source": "<a href=\"http://twitter.com/download/iphone\" rel=\"nofollow\">Twitter for iPhone</a>", "text": "Pondering the iOS update... From the sounds of @MikeFerri's difficulties, I may just hold off :/ @Apple, FIX IT!", "truncated": false, "user": {"created_at": "Mon May 03 20:11:07 +0000 2010", "description": "I love what I do. I hate what I do. I don't know what to do. I've yet to find a better use of my time.", "favourites_count": 121, "followers_count": 230, "friends_count": 945, "geo_enabled": true, "id": 139826611, "lang": "en", "listed_count": 1, "location": "Undetermined", "name": "Elysha Joss", "profile_background_color": "DBE9ED", "profile_background_image_url": "http://abs.twimg.com/images/themes/theme17/bg.gif", "profile_background_tile": false, "profile_banner_url": "https://pbs.twimg.com/profile_banners/139826611/1353096326", "profile_image_url": "https://pbs.twimg.com/profile_images/2724210985/195f197f91317ff40cde392eeeee8737_normal.jpeg", "profile_link_color": "CC3366", "profile_sidebar_fill_color": "E6F6F9", "profile_text_color": "333333", "protected": false, "screen_name": "ElyshaJoss", "statuses_count": 1949}, "user_mentions": [{"id": 15471060, "name": "MikeFerri", "screen_name": "MikeFerri"}, {"id": 380749300, "name": "@apple", "screen_name": "Apple"}]}