{"created_at": "Mon Oct 17 05:14:23 +0000 2011", "favorited": false, "id": 125801811817922561, "lang": "en", "retweeted": false, "source": "<a href=\"http://www.echofon.com/\" rel=\"nofollow\">Echofon</a>", "text": "Watching iGenius on @Discovery. Based on first 13 minutes, @Apple never should have gone public in 1980.", "truncated": false, "user": {"created_at": "Thu Jul 17 12:09:02 +0000 2008", "description": "I got a rock.", "favourites_count": 14, "followers_count": 103, "friends_count": 147, "id": 15466911, "lang": "en", "listed_count": 3, "location": "Houston, TX", "name": "Doug Curry", "profile_background_color": "9AE4E8", "profile_background_image_url": "http://pbs.twimg.com/profile_background_images/5139925/Smith_Fountain.jpg", "profile_background_tile": false, "profile_image_url": "https://pbs.twimg.com/profile_images/303342041/Old_man_EXTREME_CLOSE-UP_normal.jpg", "profile_link_color": "0084B4", "profile_sidebar_fill_color": "DDFFCC", "profile_text_color": "333333", "protected": false, "screen_name": "gdcurry", "statuses_count": 5760, "time_zone": "Central Time (US & Canada)", "utc_offset": -18000}, "user_mentions": [{"id": 17842366, "name": "Discovery", "screen_name": "Discovery"}, {"id": 380749300, "name": "@apple", "screen_name": "Apple"}]}