{"created_at": "Mon Oct 17 06:23:28 +0000 2011", "favorited": false, "id": 125819194049699840, "lang": "en", "retweeted": false, "source": "<a href=\"http://twitter.com\" rel=\"nofollow\">Twitter Web Client</a>", "text": "My schedule is 2 busy 2 spend UNquality time with @ATT @Apple 2 recover Iphone again-The mo' mobile I get the mo' immobile I is. Sync Not!", "truncated": false, "user": {"created_at": "Tue Jan 25 03:38:51 +0000 2011", "description": "Retired newspaper executive. Reinvention:Professional Organizer. Member National/S.A. chapters. Website pending. Cooking, Travel, Dancing, Fine Dining, Music", "favourites_count": 12, "followers_count": 880, "friends_count": 1998, "id": 242587047, "lang": "en", "listed_count": 24, "location": "San Antonio", "name": "Terri G. Wells", "profile_background_color": "C0DEED", "profile_background_image_url": "http://abs.twimg.com/images/themes/theme1/bg.png", "profile_background_tile": false, "profile_image_url": "https://pbs.twimg.com/profile_images/1225103672/photo.JPGter_normal.jpg", "profile_link_color": "0084B4", "profile_sidebar_fill_color": "DDEEF6", "profile_text_color": "333333", "protected": false, "screen_name": "OrganizeItAll", "statuses_count": 426}, "user_mentions": [{"id": 14620190, "name": "AT&T", "screen_name": "ATT"}, {"id": 380749300, "name": "@apple", "screen_name": "Apple"}]}