{"created_at": "Mon Oct 17 06:53:01 +0000 2011", "favorited": false, "id": 125826633713201152, "in_reply_to_screen_name": "chachasikes", "in_reply_to_status_id": 125824148579692544, "in_reply_to_user_id": 14353952, "lang": "en", "retweeted": false, "source": "<a href=\"http://twitter.com\" rel=\"nofollow\">Twitter Web Client</a>", "text": "@chachasikes @iphone @apple on the iphone4s???", "truncated": false, "user": {"created_at": "Sat Apr 02 09:58:20 +0000 2011", "description": "ThemeBrain -  A professional Drupal themes provider. We offer premium and free Drupal themes, a flexible and easy-to-use base theme.", "favourites_count": 67, "followers_count": 477, "friends_count": 593, "id": 275947404, "lang": "en", "listed_count": 33, "name": "Drupal Theming", "profile_background_color": "111111", "profile_background_image_url": "http://pbs.twimg.com/profile_background_images/754098068/0be63aa55f1533174011d8e8a5493fda.jpeg", "profile_background_tile": false, "profile_banner_url": "https://pbs.twimg.com/profile_banners/275947404/1371195779", "profile_image_url": "https://pbs.twimg.com/profile_images/1513979029/avatar_normal.jpg", "profile_link_color": "4488BB", "profile_sidebar_fill_color": "F8F8F8", "profile_text_color": "555555", "protected": false, "screen_name": "themebrain", "statuses_count": 781, "time_zone": "Pacific Time (US & Canada)", "url": "http://t.co/q4ODLle5rp", "utc_offset": -25200}, "user_mentions": [{"id": 14353952, "name": "chachasikes", "screen_name": "chachasikes"}, {"id": 159289267, "name": "Iphone", "screen_name": "Iphone"}, {"id": 380749300, "name": "@apple", "screen_name": "Apple"}]}