{"created_at": "Mon Oct 17 10:11:21 +0000 2011", "favorited": false, "id": 125876542600519681, "lang": "en", "retweeted": false, "source": "<a href=\"https://about.twitter.com/products/tweetdeck\" rel=\"nofollow\">TweetDeck</a>", "text": "I wish the Apple updater would stop trying to ram iTunes down my throat. I don't own a pissing iPhone @apple", "truncated": false, "user": {"created_at": "Mon Jan 10 09:16:46 +0000 2011", "description": "UX/UI Consultant & Front-end designer/developer, usability enthusiast. Keen photographer and gadget fan. Leicester Tigers & Welsh rugby supporter.", "favourites_count": 85, "followers_count": 301, "friends_count": 465, "geo_enabled": true, "id": 236316436, "lang": "en", "listed_count": 12, "location": "Lichfield", "name": "Darryl", "profile_background_color": "000000", "profile_background_image_url": "http://pbs.twimg.com/profile_background_images/554315205/6948580493_dd40b5437b_b.jpg", "profile_background_tile": false, "profile_banner_url": "https://pbs.twimg.com/profile_banners/236316436/1350987591", "profile_image_url": "https://pbs.twimg.com/profile_images/472325397279809536/2LMtRFi__normal.jpeg", "profile_link_color": "3C3C3C", "profile_sidebar_fill_color": "252429", "profile_text_color": "666666", "protected": false, "screen_name": "insidecentre", "statuses_count": 12256, "time_zone": "London", "utc_offset": 3600}, "user_mentions": [{"id": 380749300, "name": "@apple", "screen_name": "Apple"}]}