{"created_at": "Mon Oct 17 07:46:17 +0000 2011", "favorited": false, "id": 125840039031738368, "in_reply_to_screen_name": "Apple", "in_reply_to_user_id": 380749300, "lang": "en", "retweeted": false, "source": "<a href=\"http://www.snaptu.com\" rel=\"nofollow\">Snaptu</a>", "text": "@apple your simply the best.", "truncated": false, "user": {"created_at": "Sat Apr 23 15:07:24 +0000 2011", "description": "God . Style . Confidence . Success.", "favourites_count": 192, "followers_count": 219, "friends_count": 187, "geo_enabled": true, "id": 286714503, "lang": "en", "listed_count": 2, "location": "Around the airport near you.", "name": "Addicted To Flying. ", "profile_background_color": "0A0505", "profile_background_image_url": "http://pbs.twimg.com/profile_background_images/862761878/6b4ce1cab026f30265bb413b360741d0.jpeg", "profile_background_tile": false, "profile_banner_url": "https://pbs.twimg.com/profile_banners/286714503/1376930881", "profile_image_url": "https://pbs.twimg.com/profile_images/416324108511506432/YlWtKZUl_normal.jpeg", "profile_link_color": "0A32FA", "profile_sidebar_fill_color": "E6F6F9", "profile_text_color": "333333", "protected": false, "screen_name": "BlackeyePILOT", "statuses_count": 25335, "time_zone": "Nairobi", "url": "http://t.co/DSfBmON8wc", "utc_offset": 10800}, "user_mentions": [{"id": 380749300, "name": "@apple", "screen_name": "Apple"}]}