{"created_at": "Mon Oct 17 05:31:59 +0000 2011", "favorited": false, "id": 125806240138928128, "lang": "en", "retweeted": false, "source": "<a href=\"http://tapbots.com/tweetbot\" rel=\"nofollow\">Tweetbot for iOS</a>", "text": "Apparently @Apple genius training doesn't extend to clocks & service. They're half an hour late for my appointment and couldn't let me know?", "truncated": false, "user": {"created_at": "Mon Apr 16 23:22:56 +0000 2007", "description": "Father, husband, founder of @SydJS, jQuery: Novice to Ninja co-author, HTML5 devotee, developer advocate. And so, most often, unreasonably happy", "favourites_count": 516, "followers_count": 1683, "friends_count": 1985, "id": 4928781, "lang": "en", "listed_count": 128, "name": "Craig Sharkie", "profile_background_color": "C0DEED", "profile_background_image_url": "http://abs.twimg.com/images/themes/theme1/bg.png", "profile_background_tile": false, "profile_banner_url": "https://pbs.twimg.com/profile_banners/4928781/1379415766", "profile_image_url": "https://pbs.twimg.com/profile_images/1667488624/avatar_normal.png", "profile_link_color": "0084B4", "profile_sidebar_fill_color": "DDEEF6", "profile_text_color": "333333", "protected": false, "screen_name": "twalve", "statuses_count": 6922, "time_zone": "Sydney", "utc_offset": 36000}, "user_mentions": [{"id": 380749300, "name": "@apple", "screen_name": "Apple"}]}