{"created_at": "Mon Oct 17 05:21:23 +0000 2011", "favorited": false, "id": 125803571601080320, "lang": "en", "retweet_count": 2, "retweeted": false, "retweeted_status": {"created_at": "Mon Oct 17 05:20:56 +0000 2011", "favorited": false, "id": 125803457155301376, "lang": "en", "retweet_count": 2, "retweeted": false, "source": "<a href=\"http://twitter.com\" rel=\"nofollow\">Twitter Web Client</a>", "text": "Siri keeps trying to send me to escort services....is that legal? @Apple", "truncated": false, "user": {"created_at": "Sun Aug 30 21:04:12 +0000 2009", "description": "Student of theatre, Artist in the flesh", "favourites_count": 12402, "followers_count": 61467, "friends_count": 675, "geo_enabled": true, "id": 70213819, "lang": "en", "listed_count": 359, "location": "New York City", "name": "Marc", "profile_background_color": "181818", "profile_background_image_url": "http://pbs.twimg.com/profile_background_images/378800000167229398/7KWH-Mzb.png", "profile_background_tile": true, "profile_banner_url": "https://pbs.twimg.com/profile_banners/70213819/1389582549", "profile_image_url": "https://pbs.twimg.com/profile_images/474567617303543808/bckJc5Do_normal.jpeg", "profile_link_color": "5624A8", "profile_sidebar_fill_color": "FFFFFF", "profile_text_color": "7A7374", "protected": false, "screen_name": "MarcMonster", "statuses_count": 136136, "time_zone": "Alaska", "utc_offset": -28800}, "user_mentions": [{"id": 380749300, "name": "@apple", "screen_name": "Apple"}]}, "source": "<a href=\"http://twitter.com\" rel=\"nofollow\">Twitter Web Client</a>", "text": "RT @MarcMonster: Siri keeps trying to send me to escort services....is that legal? @Apple", "truncated": false, "user": {"created_at": "Sun Jun 07 12:10:34 +0000 2009", "description": "Im having a good life. Heres the proof. \u270c\ufe0f", "favourites_count": 73, "followers_count": 581, "friends_count": 84, "geo_enabled": true, "id": 45328589, "lang": "en", "listed_count": 9, "location": "Gold Coast, Australia", "name": "Lili Jean \u2693\ufe0f", "profile_background_color": "000000", "profile_background_image_url": "http://pbs.twimg.com/profile_background_images/378800000049806459/801fe10a3e2e49cc8acb513a2dd7b417.jpeg", "profile_background_tile": true, "profile_banner_url": "https://pbs.twimg.com/profile_banners/45328589/1389464053", "profile_image_url": "https://pbs.twimg.com/profile_images/473395598058467328/OFYl3xXG_normal.jpeg", "profile_link_color": "FF0099", "profile_sidebar_fill_color": "DA7CED", "profile_text_color": "000000", "protected": false, "screen_name": "lilijeanberry", "statuses_count": 38261, "time_zone": "Melbourne", "url": "http://t.co/x81pkWN55N", "utc_offset": 36000}, "user_mentions": [{"id": 70213819, "name": "Marc", "screen_name": "MarcMonster"}, {"id": 380749300, "name": "@apple", "screen_name": "Apple"}]}