{"coordinates": {"coordinates": [-60.17157076, 46.14109281], "type": "Point"}, "created_at": "Mon Oct 17 08:27:01 +0000 2011", "favorited": false, "geo": {"coordinates": [46.14109281, -60.17157076], "type": "Point"}, "hashtags": ["iPhone"], "id": 125850288488841217, "lang": "en", "place": {"attributes": {}, "bounding_box": {"coordinates": [[[-60.812036, 44.588424], [-57.845273, 44.588424], [-57.845273, 46.480853], [-60.812036, 46.480853]]], "type": "Polygon"}, "contained_within": [], "country": "Canada", "country_code": "CA", "full_name": "Cape Breton, Nova Esc\u00f3cia", "id": "7af099b79055bd77", "name": "Cape Breton", "place_type": "admin", "url": "https://api.twitter.com/1.1/geo/id/7af099b79055bd77.json"}, "retweeted": false, "source": "<a href=\"http://twitter.com/download/iphone\" rel=\"nofollow\">Twitter for iPhone</a>", "text": "Gone for a run, beautiful morning , man do I love iOS 5 @apple, #iPhone", "truncated": false, "user": {"created_at": "Sat Oct 23 00:18:38 +0000 2010", "favourites_count": 5, "followers_count": 248, "friends_count": 1379, "geo_enabled": true, "id": 206448689, "lang": "en", "location": "Cape Breton, Nova Scotia", "name": "Justin Weaver", "profile_background_color": "1A1B1F", "profile_background_image_url": "http://abs.twimg.com/images/themes/theme9/bg.gif", "profile_background_tile": false, "profile_image_url": "https://pbs.twimg.com/profile_images/1613731126/iphone_hidef_pics_012_normal.JPG", "profile_link_color": "2FC2EF", "profile_sidebar_fill_color": "252429", "profile_text_color": "666666", "protected": false, "screen_name": "justinsweaver", "statuses_count": 1491, "time_zone": "Atlantic Time (Canada)", "utc_offset": -10800}, "user_mentions": [{"id": 380749300, "name": "@apple", "screen_name": "Apple"}]}