{"created_at": "Mon Oct 17 09:15:57 +0000 2011", "favorited": false, "id": 125862601677737985, "lang": "ja", "retweeted": false, "source": "<a href=\"http://www.nibirutech.com\" rel=\"nofollow\">TwitBird</a>", "text": "\u8b1b\u7fd2\u4e2d@apple shop GINZA", "truncated": false, "user": {"created_at": "Wed Apr 21 15:58:59 +0000 2010", "description": "2014\u5e74\u3000My Keyword\n*\u6e1b\u9152\u6e1b\u98df/\u4f11\u809d\u65e5/\u30c0\u30a4\u30a8\u30c3\u30c8 \u30de\u30a4\u30ca\u30b95kg\n*Enjoy Music\n*\u65e9\u5bdd\n*Sparkling\u2728", "favourites_count": 920, "followers_count": 121, "friends_count": 365, "geo_enabled": true, "id": 135542486, "lang": "en", "listed_count": 1, "location": "Tokyo", "name": "MIKI", "profile_background_color": "C0DEED", "profile_background_image_url": "http://abs.twimg.com/images/themes/theme1/bg.png", "profile_background_tile": false, "profile_banner_url": "https://pbs.twimg.com/profile_banners/135542486/1398520004", "profile_image_url": "https://pbs.twimg.com/profile_images/3174020005/b27663f33697ddf3ed561d753dcaf724_normal.jpeg", "profile_link_color": "0084B4", "profile_sidebar_fill_color": "DDEEF6", "profile_text_color": "333333", "protected": false, "screen_name": "lavieenrose778", "statuses_count": 10055}, "user_mentions": [{"id": 380749300, "name": "@apple", "screen_name": "Apple"}]}