{"created_at": "Mon Oct 17 06:34:32 +0000 2011", "favorited": false, "hashtags": ["iphone4S", "Apple"], "id": 125821979797364736, "in_reply_to_screen_name": "BobMargolis", "in_reply_to_user_id": 77534897, "lang": "en", "retweeted": false, "source": "<a href=\"http://stone.com/Twittelator\" rel=\"nofollow\">Twittelator</a>", "text": "@nascarwriter right where I left it last week... #iphone4S #Apple @Apple  http://t.co/ksJh8BAS", "truncated": false, "urls": {"http://t.co/ksJh8BAS": "http://yfrog.com/hs85qixjj"}, "user": {"created_at": "Sat Apr 18 17:31:56 +0000 2009", "description": "Student Chef \u2022 Big Foodie \u2022 NASCAR Driver \u2022 Brand Ambassador \u2022 Fitness Freak \u2022 World Traveler \u2022 Thrill Seeker \u2022 Passion Spreader", "favourites_count": 4610, "followers_count": 11266, "friends_count": 1922, "id": 32950792, "lang": "en", "listed_count": 300, "location": "Charlotte, NC", "name": "Tim George Jr.", "profile_background_color": "000000", "profile_background_image_url": "http://pbs.twimg.com/profile_background_images/484015302/tg-twitterBG.jpg", "profile_background_tile": false, "profile_banner_url": "https://pbs.twimg.com/profile_banners/32950792/1400968832", "profile_image_url": "https://pbs.twimg.com/profile_images/470323486263881729/EHONbyxW_normal.jpeg", "profile_link_color": "CC0000", "profile_sidebar_fill_color": "EFEFEF", "profile_text_color": "333333", "protected": false, "screen_name": "TimGeorgeJr", "statuses_count": 19658, "time_zone": "Eastern Time (US & Canada)", "url": "http://t.co/6l73Dxn3Cy", "utc_offset": -14400, "verified": true}, "user_mentions": [{"id": 429175613, "name": "Bob Margolis", "screen_name": "nascarwriter"}, {"id": 380749300, "name": "@apple", "screen_name": "Apple"}]}