{"created_at": "Mon Oct 17 10:53:10 +0000 2011", "favorited": false, "id": 125887065861787648, "lang": "en", "retweeted": false, "source": "<a href=\"http://www.echofon.com/\" rel=\"nofollow\">Echofon</a>", "text": "Does the iPhone4S no longer have that stupid 'network lost' pop up - possibly the most annoying thing ever that you cannot turn off @apple ?", "truncated": false, "user": {"created_at": "Fri Jul 18 17:20:34 +0000 2008", "description": "Barely sentient whilst sober, considers self 'witty' when not. Appears to be 3rd person.", "favourites_count": 31, "followers_count": 180, "friends_count": 254, "id": 15483558, "lang": "en", "listed_count": 5, "location": "bronxton", "name": "paul ruggiero", "profile_background_color": "131516", "profile_background_image_url": "http://abs.twimg.com/images/themes/theme14/bg.gif", "profile_background_tile": true, "profile_image_url": "https://pbs.twimg.com/profile_images/2998319626/705a7a4b66a5872d13b691bcf1bbdd97_normal.jpeg", "profile_link_color": "009999", "profile_sidebar_fill_color": "EFEFEF", "profile_text_color": "333333", "protected": false, "screen_name": "p3uggiero", "statuses_count": 10099, "time_zone": "London", "utc_offset": 3600}, "user_mentions": [{"id": 380749300, "name": "@apple", "screen_name": "Apple"}]}