{"created_at": "Mon Oct 17 06:40:08 +0000 2011", "favorited": false, "id": 125823389804929024, "in_reply_to_screen_name": "Apple", "in_reply_to_user_id": 380749300, "lang": "en", "retweeted": false, "source": "<a href=\"http://twitter.com/download/iphone\" rel=\"nofollow\">Twitter for iPhone</a>", "text": "@apple stuck it to @amazon when it unveiled iCloud, showing that the placement of 'i' before the name of even a failed effort yields success", "truncated": false, "user": {"created_at": "Fri Jun 17 05:14:23 +0000 2011", "description": "normalizing perspective.", "favourites_count": 1, "followers_count": 28, "friends_count": 37, "id": 318864214, "lang": "en", "name": "ethan", "profile_background_color": "C0DEED", "profile_background_image_url": "http://abs.twimg.com/images/themes/theme1/bg.png", "profile_background_tile": false, "profile_image_url": "https://pbs.twimg.com/profile_images/1472788227/photo_normal.gif", "profile_link_color": "0084B4", "profile_sidebar_fill_color": "DDEEF6", "profile_text_color": "333333", "protected": false, "screen_name": "stavinfection", "statuses_count": 606, "time_zone": "Eastern Time (US & Canada)", "utc_offset": -14400}, "user_mentions": [{"id": 380749300, "name": "@apple", "screen_name": "Apple"}, {"id": 20793816, "name": "Amazon", "screen_name": "amazon"}]}