{"created_at": "Mon Oct 17 10:20:38 +0000 2011", "favorited": false, "id": 125878880916611072, "lang": "en", "retweeted": false, "source": "<a href=\"https://about.twitter.com/products/tweetdeck\" rel=\"nofollow\">TweetDeck</a>", "text": "OK @apple your accessories policy is out of hand. I need a powered line in to use the mic? Are you KIDDING ME?", "truncated": false, "user": {"created_at": "Thu Jul 03 09:14:22 +0000 2008", "description": "CEO at @foodtradeHQ. Venture communist. Relentless mission to civilise.", "favourites_count": 45, "followers_count": 1223, "friends_count": 660, "id": 15306510, "lang": "en", "listed_count": 64, "location": "Bristol, UK", "name": "Ed Dowding", "profile_background_color": "9AE4E8", "profile_background_image_url": "http://pbs.twimg.com/profile_background_images/3569331/twitbg.jpg", "profile_background_tile": false, "profile_banner_url": "https://pbs.twimg.com/profile_banners/15306510/1373147853", "profile_image_url": "https://pbs.twimg.com/profile_images/461816832156901377/HBL4lUrA_normal.png", "profile_link_color": "0084B4", "profile_sidebar_fill_color": "DDFFCC", "profile_text_color": "333333", "protected": false, "screen_name": "eddowding", "statuses_count": 5187, "time_zone": "Bern", "url": "http://t.co/YXdN1h1RtO", "utc_offset": 7200}, "user_mentions": [{"id": 380749300, "name": "@apple", "screen_name": "Apple"}]}