{"created_at": "Mon Oct 17 09:03:35 +0000 2011", "favorited": false, "hashtags": ["Win", "PampersHelloApps"], "id": 125859488728236032, "in_reply_to_screen_name": "Mommy_Gaga", "in_reply_to_user_id": 44436909, "lang": "en", "retweeted": false, "source": "<a href=\"http://twitter.com\" rel=\"nofollow\">Twitter Web Client</a>", "text": "@Mommy_gaga,  #Win an @Apple iPod Touch and get the @Pampers Hello World Baby Memories App! http://t.co/qEATNMpI #PampersHelloApps", "truncated": false, "urls": {"http://t.co/qEATNMpI": "http://bit.ly/p5FaLB"}, "user": {"created_at": "Tue Jul 21 01:50:26 +0000 2009", "description": "cat rescuer,advocate,tweeter!", "favourites_count": 200, "followers_count": 4376, "friends_count": 2603, "id": 58665328, "lang": "en", "listed_count": 220, "location": "Waterloo, Iowa", "name": "Ellen  Beck", "profile_background_color": "C0DEED", "profile_background_image_url": "http://abs.twimg.com/images/themes/theme1/bg.png", "profile_background_tile": false, "profile_image_url": "https://pbs.twimg.com/profile_images/1700833563/th_tanna_normal.jpg", "profile_link_color": "0084B4", "profile_sidebar_fill_color": "DDEEF6", "profile_text_color": "333333", "protected": false, "screen_name": "tannawings", "statuses_count": 361076, "time_zone": "Central Time (US & Canada)", "utc_offset": -18000}, "user_mentions": [{"id": 44436909, "name": "Deanna, mommyGAGA", "screen_name": "Mommy_Gaga"}, {"id": 380749300, "name": "@apple", "screen_name": "Apple"}, {"id": 54548089, "name": "Pampers", "screen_name": "Pampers"}]}