{"created_at": "Mon Oct 17 07:10:03 +0000 2011", "favorited": false, "id": 125830917578162176, "in_reply_to_screen_name": "Apple", "in_reply_to_user_id": 380749300, "lang": "en", "retweeted": false, "source": "<a href=\"https://dev.twitter.com/docs/tfw\" rel=\"nofollow\">Twitter for Websites</a>", "text": "@Apple Not Likely to Win Appstore Suit Case Against @Amazon http://t.co/GNcDGQsc", "truncated": false, "urls": {"http://t.co/GNcDGQsc": "http://www.mwdd.com/apps/shopping/apple-not-likely-to-win-appstore-suit-case-amazon/"}, "user": {"created_at": "Tue Jan 20 13:10:52 +0000 2009", "description": "Find me on Google+", "favourites_count": 9, "followers_count": 491, "friends_count": 603, "geo_enabled": true, "id": 19235255, "lang": "de", "listed_count": 8, "location": "Hamburg, Germany", "name": "Erwin Pridzuhn", "profile_background_color": "C6E2EE", "profile_background_image_url": "http://pbs.twimg.com/profile_background_images/459292208592470016/q5igvyCI.jpeg", "profile_background_tile": false, "profile_banner_url": "https://pbs.twimg.com/profile_banners/19235255/1398339004", "profile_image_url": "https://pbs.twimg.com/profile_images/1192255619/20090120-Mich20._Januar_2009_normal.jpg", "profile_link_color": "1F98C7", "profile_sidebar_fill_color": "DAECF4", "profile_text_color": "345CDF", "protected": false, "screen_name": "Scoopic", "statuses_count": 5808, "time_zone": "Berlin", "url": "http://t.co/kpB8Zizbwp", "utc_offset": 7200}, "user_mentions": [{"id": 380749300, "name": "@apple", "screen_name": "Apple"}, {"id": 20793816, "name": "Amazon", "screen_name": "amazon"}]}