{"created_at": "Mon Oct 17 06:35:04 +0000 2011", "favorited": false, "id": 125822115155947520, "lang": "en", "retweeted": false, "source": "<a href=\"http://twitter.com\" rel=\"nofollow\">Twitter Web Client</a>", "text": "but seriously @apple finance me a damn phone you greedy bastards! OR Santa...get your jolly ass in gear and get us a 4S - white plz", "truncated": false, "user": {"created_at": "Sun Apr 12 19:32:54 +0000 2009", "description": "My cats are stupid IG: @eggsandsalza", "favourites_count": 2768, "followers_count": 237, "friends_count": 1392, "id": 30705487, "lang": "en", "listed_count": 5, "location": "Real Housewife of KL", "name": "Michelle", "profile_background_color": "E8DCDC", "profile_background_image_url": "http://pbs.twimg.com/profile_background_images/80855998/rhinestonesbbbb.jpg", "profile_background_tile": true, "profile_banner_url": "https://pbs.twimg.com/profile_banners/30705487/1401076536", "profile_image_url": "https://pbs.twimg.com/profile_images/469566227502075904/U7pZ5BDI_normal.jpeg", "profile_link_color": "AB0DAB", "profile_sidebar_fill_color": "FFC9C9", "profile_text_color": "C79BC7", "protected": false, "screen_name": "eggsandsalza", "statuses_count": 9850, "time_zone": "Quito", "url": "http://t.co/rnaSCef7CK", "utc_offset": -18000}, "user_mentions": [{"id": 380749300, "name": "@apple", "screen_name": "Apple"}]}