{"created_at": "Mon Oct 17 06:43:09 +0000 2011", "favorited": false, "id": 125824148579692544, "lang": "en", "retweeted": false, "source": "<a href=\"http://twitter.com\" rel=\"nofollow\">Twitter Web Client</a>", "text": "I am very upset about and inconvenienced by this iphone update failed backup. @iphone @apple", "truncated": false, "user": {"created_at": "Thu Apr 10 18:47:41 +0000 2008", "description": "Programmer, Prototyper, Creative @CivicInsight @Lemonopoly \n@CodeforAmerica Alum 11 #opengov", "favourites_count": 1057, "followers_count": 1839, "friends_count": 856, "geo_enabled": true, "id": 14353952, "lang": "en", "listed_count": 182, "location": "Berkeley", "name": "chachasikes", "profile_background_color": "0099B9", "profile_background_image_url": "http://abs.twimg.com/images/themes/theme4/bg.gif", "profile_background_tile": false, "profile_banner_url": "https://pbs.twimg.com/profile_banners/14353952/1354660024", "profile_image_url": "https://pbs.twimg.com/profile_images/441841387953070081/KaXhejQ__normal.png", "profile_link_color": "0099B9", "profile_sidebar_fill_color": "95E8EC", "profile_text_color": "3C3940", "protected": false, "screen_name": "chachasikes", "statuses_count": 7970, "time_zone": "Pacific Time (US & Canada)", "url": "http://t.co/dC6CxIXbH4", "utc_offset": -25200}, "user_mentions": [{"id": 159289267, "name": "Iphone", "screen_name": "Iphone"}, {"id": 380749300, "name": "@apple", "screen_name": "Apple"}]}