{"created_at": "Mon Oct 17 09:30:55 +0000 2011", "favorited": false, "hashtags": ["consumer_demand", "steve_jobs"], "id": 125866368758333440, "in_reply_to_screen_name": "Apple", "in_reply_to_user_id": 380749300, "lang": "en", "retweeted": false, "source": "<a href=\"http://twitter.com\" rel=\"nofollow\">Twitter Web Client</a>", "text": "@Apple received 1m pre-orders in a single day for its new iPhone 4S #consumer_demand #steve_jobs", "truncated": false, "user": {"created_at": "Fri Sep 25 21:55:26 +0000 2009", "description": "\u0391\u03bb\u03c4! \u03a4\u03b9\u03c2 \u03c4\u03bf\u03c5\u03b9\u03c4\u03b5\u03b9;", "favourites_count": 438, "followers_count": 420, "friends_count": 673, "geo_enabled": true, "id": 77320890, "lang": "en", "listed_count": 11, "location": "London", "name": "Argy Emmanouilidis", "profile_background_color": "C0DEED", "profile_background_image_url": "http://pbs.twimg.com/profile_background_images/96786892/sun.jpg", "profile_background_tile": true, "profile_banner_url": "https://pbs.twimg.com/profile_banners/77320890/1348171273", "profile_image_url": "https://pbs.twimg.com/profile_images/846313836/enceladus_2_normal.jpg", "profile_link_color": "0084B4", "profile_sidebar_fill_color": "DDEEF6", "profile_text_color": "333333", "protected": false, "screen_name": "argyrio", "statuses_count": 9049, "time_zone": "London", "utc_offset": 3600}, "user_mentions": [{"id": 380749300, "name": "@apple", "screen_name": "Apple"}]}