{"created_at": "Mon Oct 17 06:18:35 +0000 2011", "favorited": false, "hashtags": ["SteveJobs", "Apple", "AppleStock"], "id": 125817967240949760, "lang": "en", "retweeted": false, "source": "<a href=\"https://about.twitter.com/products/tweetdeck\" rel=\"nofollow\">TweetDeck</a>", "text": "What's up with @apple stock going up after #SteveJobs death? #Apple #AppleStock", "truncated": false, "user": {"created_at": "Sun Dec 28 06:23:02 +0000 2008", "description": "Entrepreneur, Co-founder @centuryware, @getinteraction, Adviser/Cheif Ideator to @startupcove, hosts @twistartups Sri Lanka, Technology Lover and a Musician!", "favourites_count": 172, "followers_count": 850, "friends_count": 1120, "geo_enabled": true, "id": 18423283, "lang": "en", "listed_count": 13, "location": "United States", "name": "Sesiri Pathirane", "profile_background_color": "1A1B1F", "profile_background_image_url": "http://pbs.twimg.com/profile_background_images/509419227/Twitter-BG-New.jpg", "profile_background_tile": false, "profile_banner_url": "https://pbs.twimg.com/profile_banners/18423283/1398506789", "profile_image_url": "https://pbs.twimg.com/profile_images/2086862196/Sesiri-Headshot_normal.jpg", "profile_link_color": "2FC2EF", "profile_sidebar_fill_color": "252429", "profile_text_color": "666666", "protected": false, "screen_name": "Sesiri", "statuses_count": 2583, "time_zone": "Central Time (US & Canada)", "url": "http://t.co/4fLqxJfdaN", "utc_offset": -18000}, "user_mentions": [{"id": 380749300, "name": "@apple", "screen_name": "Apple"}]}