{"created_at": "Mon Oct 17 08:08:09 +0000 2011", "favorited": false, "hashtags": ["iOS5"], "id": 125845538926112768, "in_reply_to_screen_name": "Apple", "in_reply_to_user_id": 380749300, "lang": "en", "retweeted": false, "source": "<a href=\"http://twitter.com\" rel=\"nofollow\">Twitter Web Client</a>", "text": "@apple, your update server has been timing out for a week. i had to force a restore w/the new #iOS5 software. lost all my stuff. thanks!", "truncated": false, "user": {"created_at": "Sat Jul 24 18:47:31 +0000 2010", "description": "Managing the Sales of Things & Stuff @bugcrowd", "favourites_count": 13, "followers_count": 167, "friends_count": 259, "id": 170401408, "lang": "en", "listed_count": 1, "location": "San Francisco", "name": "Jason Pitzen", "profile_background_color": "131516", "profile_background_image_url": "http://abs.twimg.com/images/themes/theme14/bg.gif", "profile_background_tile": true, "profile_image_url": "https://pbs.twimg.com/profile_images/1348013731/image_normal.jpg", "profile_link_color": "009999", "profile_sidebar_fill_color": "EFEFEF", "profile_text_color": "333333", "protected": false, "screen_name": "JPHammer71", "statuses_count": 1251, "time_zone": "Lima", "url": "http://t.co/5gWLFpD8Ft", "utc_offset": -18000}, "user_mentions": [{"id": 380749300, "name": "@apple", "screen_name": "Apple"}]}