{"created_at": "Mon Oct 17 06:45:23 +0000 2011", "favorited": false, "id": 125824709421039616, "in_reply_to_screen_name": "Apple", "in_reply_to_user_id": 380749300, "lang": "en", "retweeted": false, "source": "<a href=\"http://twitter.com/download/iphone\" rel=\"nofollow\">Twitter for iPhone</a>", "text": "@apple and @nintendo need to partner up for the app store", "truncated": false, "user": {"created_at": "Thu May 20 17:21:32 +0000 2010", "description": "I've got a walnut brownie brain and molasses in my veins.", "favourites_count": 568, "followers_count": 70, "friends_count": 54, "geo_enabled": true, "id": 146128280, "lang": "en", "location": "St. Louis", "name": "Douglas H. Ames", "profile_background_color": "131516", "profile_background_image_url": "http://pbs.twimg.com/profile_background_images/226436543/x48e73cf94244fb9f80ee4f85df173b8.jpg", "profile_background_tile": true, "profile_banner_url": "https://pbs.twimg.com/profile_banners/146128280/1385438655", "profile_image_url": "https://pbs.twimg.com/profile_images/416110010293178368/4XHUOJeS_normal.jpeg", "profile_link_color": "E88D05", "profile_sidebar_fill_color": "807E80", "profile_text_color": "080808", "protected": false, "screen_name": "douglasamongus", "statuses_count": 3166}, "user_mentions": [{"id": 380749300, "name": "@apple", "screen_name": "Apple"}, {"id": 307902310, "name": "\u4efb\u5929\u5802\u682a\u5f0f\u4f1a\u793e", "screen_name": "Nintendo"}]}