{"created_at": "Mon Oct 17 08:54:09 +0000 2011", "favorited": false, "hashtags": ["epicfail"], "id": 125857117407166464, "lang": "nl", "retweeted": false, "source": "<a href=\"http://twitter.com\" rel=\"nofollow\">Twitter Web Client</a>", "text": "#epicfail @apple bij upgraden naar IOS5 instellingen kwijt en ebooks verloren. het kost me dus geld zo'n upgrade, WAARDELOOS!", "truncated": false, "user": {"created_at": "Sat Nov 08 19:50:08 +0000 2008", "description": "A Qualisoof=in love with the truth, has the will to improve people and his environment/Barendrecht/softw.testing/volleyball (st_wwwl) /Zeeuws-Vlaanderen/history", "favourites_count": 28, "followers_count": 1009, "friends_count": 2000, "geo_enabled": true, "id": 17258122, "lang": "nl", "listed_count": 19, "location": "Rotterdam, Holland", "name": "ard_kramer", "profile_background_color": "0099B9", "profile_background_image_url": "http://pbs.twimg.com/profile_background_images/712492524/f39732c1f47b3a2b81c35a189174ceb9.jpeg", "profile_background_tile": true, "profile_banner_url": "https://pbs.twimg.com/profile_banners/17258122/1401134720", "profile_image_url": "https://pbs.twimg.com/profile_images/3506480465/e443af4254e80b7b3695e226c15e7f65_normal.jpeg", "profile_link_color": "0099B9", "profile_sidebar_fill_color": "95E8EC", "profile_text_color": "3C3940", "protected": false, "screen_name": "ard_kramer", "statuses_count": 4827, "time_zone": "Amsterdam", "url": "http://t.co/riGGNosi1E", "utc_offset": 7200}, "user_mentions": [{"id": 380749300, "name": "@apple", "screen_name": "Apple"}]}