{"coordinates": {"coordinates": [151.1953023, -33.88764536], "type": "Point"}, "created_at": "Mon Oct 17 05:38:18 +0000 2011", "favorited": false, "geo": {"coordinates": [-33.88764536, 151.1953023], "type": "Point"}, "id": 125807830363156480, "in_reply_to_screen_name": "twalve", "in_reply_to_status_id": 125806240138928128, "in_reply_to_user_id": 4928781, "lang": "en", "retweeted": false, "source": "<a href=\"http://twitter.com/download/iphone\" rel=\"nofollow\">Twitter for iPhone</a>", "text": "@twalve @apple you know the issues they have with DST and alarms :p", "truncated": false, "user": {"created_at": "Thu Mar 26 01:49:14 +0000 2009", "description": "Geek. Generalist. Sycophant in 160 chars. Jsconf.au curator.", "favourites_count": 23, "followers_count": 1389, "friends_count": 442, "geo_enabled": true, "id": 26658319, "lang": "en", "listed_count": 91, "location": "With carmen sandiego.", "name": "Jared Wyles", "profile_background_color": "1A1B1F", "profile_background_image_url": "http://abs.twimg.com/images/themes/theme9/bg.gif", "profile_background_tile": false, "profile_image_url": "https://pbs.twimg.com/profile_images/1654909996/320850_10150320338437047_566152046_8441265_231400355_n_normal.jpg", "profile_link_color": "2FC2EF", "profile_sidebar_fill_color": "252429", "profile_text_color": "666666", "protected": false, "screen_name": "rioter", "statuses_count": 59582, "time_zone": "Sydney", "url": "http://t.co/syoQRMk8Nx", "utc_offset": 36000}, "user_mentions": [{"id": 4928781, "name": "Craig Sharkie", "screen_name": "twalve"}, {"id": 380749300, "name": "@apple", "screen_name": "Apple"}]}