{"created_at": "Mon Oct 17 06:51:32 +0000 2011", "favorited": false, "id": 125826259048607744, "lang": "en", "retweeted": false, "source": "<a href=\"http://twitter.com/download/iphone\" rel=\"nofollow\">Twitter for iPhone</a>", "text": "Thanks to a 90 minute wait on hold, half an hour actually talking to someone, the @Apple tech decides to send me an email to fix my phone", "truncated": false, "user": {"created_at": "Wed Feb 04 23:36:15 +0000 2009", "description": "Husband, Father, Dodgeballer", "favourites_count": 17, "followers_count": 48, "friends_count": 163, "geo_enabled": true, "id": 20106755, "lang": "en", "location": "Edmonton", "name": "Jon Vanderzyde", "profile_background_color": "C0DEED", "profile_background_image_url": "http://abs.twimg.com/images/themes/theme1/bg.png", "profile_background_tile": false, "profile_image_url": "https://pbs.twimg.com/profile_images/1590119215/jon_normal.jpg", "profile_link_color": "0084B4", "profile_sidebar_fill_color": "DDEEF6", "profile_text_color": "333333", "protected": false, "screen_name": "JonVanderzyde", "statuses_count": 457}, "user_mentions": [{"id": 380749300, "name": "@apple", "screen_name": "Apple"}]}