{"created_at": "Mon Oct 17 11:13:20 +0000 2011", "favorited": false, "id": 125892140940267522, "lang": "en", "retweeted": false, "source": "<a href=\"http://twitter.com\" rel=\"nofollow\">Twitter Web Client</a>", "text": "Cool @apple / Steve Jobs infographic http://t.co/Prb5yx4X @MickH87 - timeline history", "truncated": false, "urls": {"http://t.co/Prb5yx4X": "http://visual.ly/steve-jobs-timeline"}, "user": {"created_at": "Fri Jul 17 11:26:38 +0000 2009", "description": "Aston Villa fan, lover of all things digital, Digital Marketing Consultant @bloomagency, currently residing in Leeds. Wants to travel more.", "favourites_count": 77, "followers_count": 338, "friends_count": 481, "id": 57618569, "lang": "en", "listed_count": 15, "location": "Leeds", "name": "James ", "profile_background_color": "131516", "profile_background_image_url": "http://pbs.twimg.com/profile_background_images/414920336/banig1.jpg", "profile_background_tile": true, "profile_banner_url": "https://pbs.twimg.com/profile_banners/57618569/1375027149", "profile_image_url": "https://pbs.twimg.com/profile_images/378800000202954927/a1129e3c17d0b6c386d1d7cf6c5b91fe_normal.jpeg", "profile_link_color": "009999", "profile_sidebar_fill_color": "EFEFEF", "profile_text_color": "333333", "protected": false, "screen_name": "_JimLeo", "statuses_count": 3362, "time_zone": "London", "url": "http://t.co/nORk1off3Y", "utc_offset": 3600}, "user_mentions": [{"id": 380749300, "name": "@apple", "screen_name": "Apple"}, {"id": 213310405, "name": "Michael Hope", "screen_name": "MickH87"}]}