{"created_at": "Mon Oct 17 05:33:17 +0000 2011", "favorited": false, "hashtags": ["thanksfornothing"], "id": 125806568389361664, "lang": "en", "retweeted": false, "source": "<a href=\"http://twitter.com/download/iphone\" rel=\"nofollow\">Twitter for iPhone</a>", "text": "Why book @Apple Genius Bar if after 2.5 hours you still can't be served. Disappointing Apple Store Sydney. #thanksfornothing", "truncated": false, "user": {"created_at": "Fri May 29 23:20:17 +0000 2009", "description": "Follow your brain - your heart is stupid as shit", "favourites_count": 4, "followers_count": 69, "friends_count": 179, "id": 43433110, "lang": "en", "location": "Australia", "name": "Dean Smith", "profile_background_color": "9AE4E8", "profile_background_image_url": "http://pbs.twimg.com/profile_background_images/26120914/Deano_-_age3.jpg", "profile_background_tile": false, "profile_banner_url": "https://pbs.twimg.com/profile_banners/43433110/1359881030", "profile_image_url": "https://pbs.twimg.com/profile_images/2791711286/43df5f0283bf917d9287c258e09f0e20_normal.jpeg", "profile_link_color": "0084B4", "profile_sidebar_fill_color": "DDFFCC", "profile_text_color": "333333", "protected": false, "screen_name": "umaforce", "statuses_count": 1342, "time_zone": "Canberra", "utc_offset": 36000}, "user_mentions": [{"id": 380749300, "name": "@apple", "screen_name": "Apple"}]}