{"created_at": "Mon Oct 17 09:04:47 +0000 2011", "favorited": false, "id": 125859792802693120, "in_reply_to_screen_name": "Apple", "in_reply_to_user_id": 380749300, "lang": "en", "retweeted": false, "source": "<a href=\"http://twitter.com\" rel=\"nofollow\">Twitter Web Client</a>", "text": "@apple can you get your iphone to stop vibrating when you get a text?", "truncated": false, "user": {"created_at": "Mon Mar 02 05:38:48 +0000 2009", "description": "Mel.18yo. have the privilege of being a twin! #gocrows ***Be miserable. Or motivate yourself. Whatever has to be done, it's always your choice***", "favourites_count": 79, "followers_count": 871, "friends_count": 780, "id": 22456089, "lang": "en", "listed_count": 229, "location": "Adelaide, Australia", "name": "Mel", "profile_background_color": "0099B9", "profile_background_image_url": "http://pbs.twimg.com/profile_background_images/378800000017097870/fc85e3f29d69d919012b9d35a7d2ec36.jpeg", "profile_background_tile": true, "profile_banner_url": "https://pbs.twimg.com/profile_banners/22456089/1392546458", "profile_image_url": "https://pbs.twimg.com/profile_images/459530361525911553/MpmqcQV1_normal.jpeg", "profile_link_color": "0099B9", "profile_sidebar_fill_color": "95E8EC", "profile_text_color": "3C3940", "protected": false, "screen_name": "Mellz95", "statuses_count": 13196, "time_zone": "Hawaii", "utc_offset": -36000}, "user_mentions": [{"id": 380749300, "name": "@apple", "screen_name": "Apple"}]}