{"created_at": "Mon Oct 17 09:31:57 +0000 2011", "favorited": false, "hashtags": ["IP_wars"], "id": 125866627337162752, "lang": "en", "retweeted": false, "source": "<a href=\"http://twitter.com\" rel=\"nofollow\">Twitter Web Client</a>", "text": "A court in Sydney banned the sale of @Samsung 's Galaxy Tab in Australia over intellectual property infringement claims by @Apple  #IP_wars", "truncated": false, "user": {"created_at": "Fri Sep 25 21:55:26 +0000 2009", "description": "\u0391\u03bb\u03c4! \u03a4\u03b9\u03c2 \u03c4\u03bf\u03c5\u03b9\u03c4\u03b5\u03b9;", "favourites_count": 438, "followers_count": 420, "friends_count": 673, "geo_enabled": true, "id": 77320890, "lang": "en", "listed_count": 11, "location": "London", "name": "Argy Emmanouilidis", "profile_background_color": "C0DEED", "profile_background_image_url": "http://pbs.twimg.com/profile_background_images/96786892/sun.jpg", "profile_background_tile": true, "profile_banner_url": "https://pbs.twimg.com/profile_banners/77320890/1348171273", "profile_image_url": "https://pbs.twimg.com/profile_images/846313836/enceladus_2_normal.jpg", "profile_link_color": "0084B4", "profile_sidebar_fill_color": "DDEEF6", "profile_text_color": "333333", "protected": false, "screen_name": "argyrio", "statuses_count": 9049, "time_zone": "London", "utc_offset": 3600}, "user_mentions": [{"id": 97610612, "name": "samsung", "screen_name": "samsung"}, {"id": 380749300, "name": "@apple", "screen_name": "Apple"}]}