{"created_at": "Mon Oct 17 07:48:01 +0000 2011", "favorited": false, "hashtags": ["icloud"], "id": 125840474132066304, "lang": "en", "retweeted": false, "source": "<a href=\"http://twitter.com\" rel=\"nofollow\">Twitter Web Client</a>", "text": "If you sign up for iClould, will you also get iRain? @apple #icloud.", "truncated": false, "user": {"created_at": "Mon Apr 25 21:20:23 +0000 2011", "description": "Eyes over shoulders.", "favourites_count": 20, "followers_count": 127, "friends_count": 452, "id": 287883102, "lang": "en", "listed_count": 1, "location": "Chester, UK", "name": "Luis", "profile_background_color": "DADDC0", "profile_background_image_url": "http://pbs.twimg.com/profile_background_images/294451417/tweet.jpg", "profile_background_tile": false, "profile_banner_url": "https://pbs.twimg.com/profile_banners/287883102/1354887455", "profile_image_url": "https://pbs.twimg.com/profile_images/1705799161/luis_normal.jpg", "profile_link_color": "6C961C", "profile_sidebar_fill_color": "E2EAEF", "profile_text_color": "877F63", "protected": false, "screen_name": "Luisfdacunha", "statuses_count": 3253, "time_zone": "London", "utc_offset": 3600}, "user_mentions": [{"id": 380749300, "name": "@apple", "screen_name": "Apple"}]}