{"coordinates": {"coordinates": [-157.82800564, 21.27853632], "type": "Point"}, "created_at": "Mon Oct 17 06:08:03 +0000 2011", "favorited": false, "geo": {"coordinates": [21.27853632, -157.82800564], "type": "Point"}, "id": 125815316596002816, "lang": "ja", "place": {"attributes": {}, "bounding_box": {"coordinates": [[[-157.950476, 21.254837], [-157.648702, 21.254837], [-157.648702, 21.38505], [-157.950476, 21.38505]]], "type": "Polygon"}, "contained_within": [], "country": "United States", "country_code": "US", "full_name": "Honolulu, HI", "id": "c47c0bc571bf5427", "name": "Honolulu", "place_type": "city", "url": "https://api.twitter.com/1.1/geo/id/c47c0bc571bf5427.json"}, "retweeted": false, "source": "<a href=\"http://twitter.com/download/iphone\" rel=\"nofollow\">Twitter for iPhone</a>", "text": "\u8ffd\u60bc\u30b8\u30e7\u30d6\u30ba\u6c0f\u2026@Apple Store#fb  http://t.co/V07PBNdP", "truncated": false, "urls": {"http://t.co/V07PBNdP": "http://twitpic.com/71m3ku"}, "user": {"created_at": "Sat Nov 27 06:16:29 +0000 2010", "description": "\u6d77\u3092\u611b\u3059\u308b\u4eba\u3002\u590f\u30c0\u30a4\u30b9\u30ad\u2606\u5bd2\u3044\u306e\u5927\u306e\u82e6\u624b(-\u0414-)\u3067\u3082\u96ea\u5c71\u306f\u5927\u597d\u7269\u266a\u7652\u3055\u308c\u308b+\uff9f(\u00b4\u30fc`\u4eba)*.\uff61+ \u6a2a\u6d5c\u751f\u307e\u308c \u6a2a\u6d5c\u80b2\u3061\u3002\u751f\u7c8b\u306e\uff8a\uff8f\uff6f\uff7a\u3002\u751f\u7c8b\u306e\uff2f\u578b\u3002\uff8a\uff9f\uff8a\uff9f\uff65\uff8f\uff8f+\u72ac\u306f\u5ca9\u624b\u3078\u79fb\u4f4f\u3057\u3001\uff7d\uff9b\uff70\uff97\uff72\uff8c\u6e80\u55ab\u4e2d\u3002\r\n\u6771\u5317\uff97\uff8c\uff9e\u3002\u4e09\u9678\uff97\uff73\uff9e\u266a\u305d\u3057\u3066\u30a2\u30ca\u30b6\u30fc\u30b9\u30ab\u30a4\u2606\u3046\u3064\u304f\u3057\u307e\u798f\u5cf6(-\u2200-)\u2764", "favourites_count": 1, "followers_count": 64, "friends_count": 110, "geo_enabled": true, "id": 220251926, "lang": "ja", "listed_count": 5, "location": "yokohama", "name": "\uff23", "profile_background_color": "C0DEED", "profile_background_image_url": "http://pbs.twimg.com/profile_background_images/653161817/oaz7mmx4y228vmra8ueu.jpeg", "profile_background_tile": false, "profile_image_url": "https://pbs.twimg.com/profile_images/1494513396/icon13133126959341_normal.jpg", "profile_link_color": "0084B4", "profile_sidebar_fill_color": "DDEEF6", "profile_text_color": "333333", "protected": false, "screen_name": "VITAMIN403", "statuses_count": 1886, "time_zone": "Tokyo", "utc_offset": 32400}, "user_mentions": [{"id": 380749300, "name": "@apple", "screen_name": "Apple"}]}