{"created_at": "Mon Oct 17 05:54:39 +0000 2011", "favorited": false, "hashtags": ["app", "Ipad", "app"], "id": 125811943054393344, "lang": "en", "retweeted": false, "source": "<a href=\"http://twitter.com\" rel=\"nofollow\">Twitter Web Client</a>", "text": "This is better than *every* magazine having their own #app! @EatMagazine @Apple supports magazines. #Ipad upgrade adds \"Newsstand\" #app", "truncated": false, "user": {"created_at": "Fri Jul 17 22:55:09 +0000 2009", "description": "Top #health community & #nutrition #app powered by #fitness guru @TommyEurope http://t.co/Wl2cxVSVgW @TheFoodWiki http://t.co/LTb5RiwNxU", "favourites_count": 163, "followers_count": 22841, "friends_count": 18029, "id": 57782711, "lang": "en", "listed_count": 385, "location": "#Vancouver, BC", "name": "Got #CarrotLove?", "profile_background_color": "FFFFFF", "profile_background_image_url": "http://pbs.twimg.com/profile_background_images/788983196/f954da28628ce5c4b20b64d7b6d82fce.jpeg", "profile_background_tile": false, "profile_banner_url": "https://pbs.twimg.com/profile_banners/57782711/1387006564", "profile_image_url": "https://pbs.twimg.com/profile_images/3242717569/8908407ef59ed7faddaeba48481a5f03_normal.jpeg", "profile_link_color": "49C6B0", "profile_sidebar_fill_color": "FFFFFF", "profile_text_color": "333333", "protected": false, "screen_name": "CarrotLines", "statuses_count": 31609, "time_zone": "Pacific Time (US & Canada)", "url": "http://t.co/P3XLxhbFo4", "utc_offset": -25200}, "user_mentions": [{"id": 22671038, "name": "EAT Magazine", "screen_name": "EatMagazine"}, {"id": 380749300, "name": "@apple", "screen_name": "Apple"}]}