{"created_at": "Mon Oct 17 09:18:27 +0000 2011", "favorited": false, "hashtags": ["iPhone", "iOS"], "id": 125863232249405440, "lang": "en", "retweeted": false, "source": "<a href=\"http://twitter.com/download/iphone\" rel=\"nofollow\">Twitter for iPhone</a>", "text": "Is it me or does my #iPhone run slower since the #iOS 5 update? @apple @Verizon", "truncated": false, "user": {"created_at": "Sun Apr 19 17:32:53 +0000 2009", "description": "Th3 0fFiCiAl Tw!tT3r 0f R!cH3$", "favourites_count": 29, "followers_count": 184, "friends_count": 170, "geo_enabled": true, "id": 33256609, "lang": "en", "listed_count": 3, "location": "Corpus Christi, Texas", "name": "Rich M", "profile_background_color": "022330", "profile_background_image_url": "http://pbs.twimg.com/profile_background_images/101898537/twilk_background_4bef5a011ea0c.jpg", "profile_background_tile": false, "profile_banner_url": "https://pbs.twimg.com/profile_banners/33256609/1348492918", "profile_image_url": "https://pbs.twimg.com/profile_images/378800000760082113/4170546b0704222fdb476eb1f15ebfec_normal.jpeg", "profile_link_color": "0084B4", "profile_sidebar_fill_color": "C0DFEC", "profile_text_color": "333333", "protected": false, "screen_name": "Call_MeRich", "statuses_count": 10165, "time_zone": "Central Time (US & Canada)", "url": "http://t.co/kTdorbBsyE", "utc_offset": -18000}, "user_mentions": [{"id": 380749300, "name": "@apple", "screen_name": "Apple"}, {"id": 59602642, "name": "Verizon", "screen_name": "Verizon"}]}