{"created_at": "Mon Oct 17 05:26:59 +0000 2011", "favorited": false, "id": 125804983185719297, "lang": "es", "retweeted": false, "source": "<a href=\"http://twitter.com/download/iphone\" rel=\"nofollow\">Twitter for iPhone</a>", "text": "Fregon el nuevo facebook para iPod/iPhone haha alomejor ya tiene rato pero yo lo acabo de actualizar @apple", "truncated": false, "user": {"created_at": "Wed May 20 20:24:36 +0000 2009", "description": "Viviendo. No hay nada que me pueda detener, soy una frecuencia con un mill\u00f3n de megahertz.", "favourites_count": 85, "followers_count": 5269, "friends_count": 316, "geo_enabled": true, "id": 41441122, "lang": "en", "listed_count": 17, "location": "Monterrey, Nuevo Le\u00f3n", "name": "Frida Daniela", "profile_background_color": "EDECE9", "profile_background_image_url": "http://pbs.twimg.com/profile_background_images/459081544661860353/Aha8jEBN.png", "profile_background_tile": true, "profile_banner_url": "https://pbs.twimg.com/profile_banners/41441122/1400635911", "profile_image_url": "https://pbs.twimg.com/profile_images/468718239468355584/BwkOnSw1_normal.jpeg", "profile_link_color": "634047", "profile_sidebar_fill_color": "E3E2DE", "profile_text_color": "088253", "protected": false, "screen_name": "cosmicfrida", "statuses_count": 35584, "time_zone": "Monterrey", "url": "http://t.co/SnjgbTuP0R", "utc_offset": -18000}, "user_mentions": [{"id": 380749300, "name": "@apple", "screen_name": "Apple"}]}