{"created_at": "Mon Oct 17 14:08:53 +0000 2011", "favorited": false, "hashtags": ["IBM"], "id": 125936323273048065, "in_reply_to_screen_name": "iPhone4S", "in_reply_to_user_id": 157743304, "lang": "nl", "retweeted": false, "source": "<a href=\"http://twitter.com/download/iphone\" rel=\"nofollow\">Twitter for iPhone</a>", "text": "@iphone4S  #IBM @apple iphone4s. Siri is not Watson @IBMWatson", "truncated": false, "user": {"created_at": "Fri Apr 15 14:05:57 +0000 2011", "description": "Christian, Liberal, Techie, Political & News junkie. Music n Entertainment. Health Fanatic...Indie Acct. No affiliations, RT's are not endorsements.", "favourites_count": 22, "followers_count": 851, "friends_count": 858, "geo_enabled": true, "id": 282587437, "lang": "en", "listed_count": 6, "location": "USA", "name": "Babbi", "profile_background_color": "C0DEED", "profile_background_image_url": "http://pbs.twimg.com/profile_background_images/386697485/grounds_12_lg.jpg", "profile_background_tile": true, "profile_image_url": "https://pbs.twimg.com/profile_images/378800000398904304/a02d8ad02b4e0c8223fd79a5cc9e37a3_normal.jpeg", "profile_link_color": "0084B4", "profile_sidebar_fill_color": "DDEEF6", "profile_text_color": "333333", "protected": false, "screen_name": "babbi_r", "statuses_count": 5042, "time_zone": "Eastern Time (US & Canada)", "utc_offset": -14400}, "user_mentions": [{"id": 157743304, "name": "iPhone4S", "screen_name": "iPhone4S"}, {"id": 380749300, "name": "@apple", "screen_name": "Apple"}, {"id": 29735775, "name": "IBM Watson", "screen_name": "IBMWatson"}]}