{"created_at": "Mon Oct 17 13:38:22 +0000 2011", "favorited": false, "id": 125928640394432513, "in_reply_to_screen_name": "hervepierre", "in_reply_to_status_id": 125926795064250369, "in_reply_to_user_id": 47421671, "lang": "fr", "retweeted": false, "source": "<a href=\"http://www.hootsuite.com\" rel=\"nofollow\">Hootsuite</a>", "text": "@hervepierre mdr! ouais une mauvaise exp\u00e9rience avec les vendeurs @Apple store m'a fait hair l'iphone ;)", "truncated": false, "user": {"created_at": "Thu Jul 16 17:14:49 +0000 2009", "description": "#web #sem #sea #ppc #seo #webperformance #hightech", "favourites_count": 516, "followers_count": 129, "friends_count": 144, "geo_enabled": true, "id": 57386840, "lang": "en", "location": "Paris", "name": "Pham Thierry", "profile_background_color": "709397", "profile_background_image_url": "http://abs.twimg.com/images/themes/theme6/bg.gif", "profile_background_tile": false, "profile_banner_url": "https://pbs.twimg.com/profile_banners/57386840/1360576987", "profile_image_url": "https://pbs.twimg.com/profile_images/1142134806/illustration32_normal.jpg", "profile_link_color": "FF3300", "profile_sidebar_fill_color": "A0C5C7", "profile_text_color": "333333", "protected": false, "screen_name": "phamthierry", "statuses_count": 898, "time_zone": "Paris", "utc_offset": 7200}, "user_mentions": [{"id": 47421671, "name": "Herv\u00e9-Pierre Tahi", "screen_name": "hervepierre"}, {"id": 380749300, "name": "@apple", "screen_name": "Apple"}]}