{"created_at": "Mon Oct 17 14:42:48 +0000 2011", "favorited": false, "id": 125944856504827904, "lang": "en", "retweeted": false, "source": "<a href=\"http://ubersocial.com\" rel=\"nofollow\">UberSocial for BlackBerry</a>", "text": "Now who can guarantee that @apple hd nothing 2 do with @Blackberry RIM server failure?!Days after, over 4million iPhone 4S sold in 3days!?!", "truncated": false, "user": {"created_at": "Wed Apr 13 10:55:13 +0000 2011", "description": "Knee-deep in the Communications sector. Multilingual. Digital-Sage. Writer, Blogger, News Aficionado, Videographer & Photographer! We might have met hey :)", "favourites_count": 586, "followers_count": 1890, "friends_count": 1413, "geo_enabled": true, "id": 281476118, "lang": "en", "listed_count": 42, "location": "WORLDWIDE/CAPE TOWN/CITYOGOLD", "name": "Bheki D", "profile_background_color": "131516", "profile_background_image_url": "http://pbs.twimg.com/profile_background_images/378800000181363554/_Ouri3f5.jpeg", "profile_background_tile": true, "profile_banner_url": "https://pbs.twimg.com/profile_banners/281476118/1391522640", "profile_image_url": "https://pbs.twimg.com/profile_images/466499180211351552/IGVpbXsC_normal.jpeg", "profile_link_color": "827BEB", "profile_sidebar_fill_color": "EFEFEF", "profile_text_color": "333333", "protected": false, "screen_name": "B_K_chronicles", "statuses_count": 25541, "time_zone": "Harare", "url": "http://t.co/Ex1sZQBnrj", "utc_offset": 7200}, "user_mentions": [{"id": 380749300, "name": "@apple", "screen_name": "Apple"}, {"id": 14580438, "name": "BlackBerry", "screen_name": "BlackBerry"}]}