{"created_at": "Mon Oct 17 13:00:56 +0000 2011", "favorited": false, "id": 125919221845721090, "lang": "en", "retweeted": false, "source": "<a href=\"http://twitter.com\" rel=\"nofollow\">Twitter Web Client</a>", "text": "Really @Apple and @ATT - Removing the 3G/EDGE switch on iOS 5? You do realize that you work on the 3G network in places often, right?", "truncated": false, "user": {"created_at": "Sat Jan 31 17:53:58 +0000 2009", "favourites_count": 108, "followers_count": 223, "friends_count": 365, "geo_enabled": true, "id": 19823962, "lang": "en", "listed_count": 10, "location": "Bloomington, IL", "name": "Bill M", "profile_background_color": "709397", "profile_background_image_url": "http://pbs.twimg.com/profile_background_images/48296758/3059268155_aec27a690e_b.jpg", "profile_background_tile": true, "profile_image_url": "https://pbs.twimg.com/profile_images/2844793760/17719857d37998b5109c5f2eb98e266f_normal.jpeg", "profile_link_color": "FF3300", "profile_sidebar_fill_color": "A0C5C7", "profile_text_color": "333333", "protected": false, "screen_name": "ISURedbird07", "statuses_count": 4798, "time_zone": "Central Time (US & Canada)", "utc_offset": -18000}, "user_mentions": [{"id": 380749300, "name": "@apple", "screen_name": "Apple"}, {"id": 14620190, "name": "AT&T", "screen_name": "ATT"}]}