{"created_at": "Mon Oct 17 14:19:12 +0000 2011", "favorited": false, "id": 125938918540574720, "lang": "en", "retweeted": false, "source": "<a href=\"http://www.exacttarget.com/social\" rel=\"nofollow\">SocialEngage</a>", "text": "OH: Sales guy @BestBuy: \"I'm not selling or using any @apple products during my mourning period over Job's passing.\" hmmm..", "truncated": false, "user": {"created_at": "Mon Apr 13 02:53:55 +0000 2009", "description": "Formerly @AcappellaMedia now doing Digital Experience and UX for J.P. Morgan. My thoughts are my own.", "favourites_count": 87, "followers_count": 1457, "friends_count": 1910, "geo_enabled": true, "id": 30790751, "lang": "en", "listed_count": 98, "location": "Columbus, Ohio", "name": "John Hondroulis", "profile_background_color": "3B404E", "profile_background_image_url": "http://pbs.twimg.com/profile_background_images/52715707/twitter_bkgd.png", "profile_background_tile": true, "profile_banner_url": "https://pbs.twimg.com/profile_banners/30790751/1378662625", "profile_image_url": "https://pbs.twimg.com/profile_images/518409649/pro-profile__normal.png", "profile_link_color": "EB962F", "profile_sidebar_fill_color": "6B7699", "profile_text_color": "3B404E", "protected": false, "screen_name": "jhondroulis", "statuses_count": 4109, "time_zone": "Eastern Time (US & Canada)", "url": "http://t.co/IDNpbsn8W9", "utc_offset": -14400}, "user_mentions": [{"id": 17475575, "name": "Best Buy", "screen_name": "BestBuy"}, {"id": 380749300, "name": "@apple", "screen_name": "Apple"}]}