{"created_at": "Mon Oct 17 14:35:44 +0000 2011", "favorited": false, "id": 125943078837161984, "lang": "en", "retweeted": false, "source": "<a href=\"http://news360.com/\" rel=\"nofollow\">News360</a>", "text": "Ya hoo! @Apple sells 4 million iPhone 4S in 3 days http://t.co/rvdjSMMi (via @news360app) $AAPL", "truncated": false, "urls": {"http://t.co/rvdjSMMi": "http://n360.to/nJnNKF"}, "user": {"created_at": "Sun Mar 08 16:50:16 +0000 2009", "description": "SF Bay Area Interior Designer. I love designing homes and technology. Now I'm writing about both: Design Tech Tonics http://t.co/IFQJycFFdv", "favourites_count": 291, "followers_count": 1301, "friends_count": 585, "id": 23326045, "lang": "en", "listed_count": 105, "location": "San Francisco Bay Area", "name": "Beryn Hammil", "profile_background_color": "EBEBEB", "profile_background_image_url": "http://abs.twimg.com/images/themes/theme7/bg.gif", "profile_background_tile": false, "profile_image_url": "https://pbs.twimg.com/profile_images/537510927/Beryn_normal.jpg", "profile_link_color": "990000", "profile_sidebar_fill_color": "F3F3F3", "profile_text_color": "333333", "protected": false, "screen_name": "Beryn", "statuses_count": 10462, "time_zone": "Pacific Time (US & Canada)", "url": "http://t.co/ldtzDR8CxQ", "utc_offset": -25200}, "user_mentions": [{"id": 380749300, "name": "@apple", "screen_name": "Apple"}, {"id": 991368727, "name": "News360", "screen_name": "news360app"}]}