{"created_at": "Mon Oct 17 14:04:53 +0000 2011", "favorited": false, "id": 125935314878476289, "in_reply_to_screen_name": "Apple", "in_reply_to_user_id": 380749300, "lang": "en", "retweeted": false, "source": "<a href=\"http://twitter.com\" rel=\"nofollow\">Twitter Web Client</a>", "text": "@apple @iphone sold more because its in more retail duhhhh. Also woz is correct people dont want tech answer just simple child like ones ok!", "truncated": false, "user": {"created_at": "Tue Sep 27 00:50:55 +0000 2011", "description": "Hi,\r\n\r\ni feel like i need to be a 'techwatchtower', so from time to time i will make tech reviews, opinions, etc...\r\n\r\nbye\r\n\r\ntechwatchtower", "followers_count": 2, "friends_count": 21, "id": 380655265, "lang": "en", "name": "James Stein", "profile_background_color": "505657", "profile_background_image_url": "http://abs.twimg.com/images/themes/theme1/bg.png", "profile_background_tile": false, "profile_image_url": "https://pbs.twimg.com/profile_images/1589805612/stock-photo-circuit-board_normal.jpg", "profile_link_color": "FF3300", "profile_sidebar_fill_color": "030303", "profile_text_color": "F0E7F0", "protected": false, "screen_name": "techwatchtower", "statuses_count": 18}, "user_mentions": [{"id": 380749300, "name": "@apple", "screen_name": "Apple"}, {"id": 159289267, "name": "Iphone", "screen_name": "Iphone"}]}