{"created_at": "Mon Oct 17 14:22:50 +0000 2011", "favorited": false, "id": 125939833775460352, "lang": "en", "retweeted": false, "source": "<a href=\"https://dev.twitter.com/docs/tfw\" rel=\"nofollow\">Twitter for Websites</a>", "text": "Wow... @Apple sold 4 million iPhone 4S in a single weekend... http://t.co/WDLHZsza", "truncated": false, "urls": {"http://t.co/WDLHZsza": "http://thenextweb.com/apple/2011/10/17/apples-first-weekend-iphone-4s-sales-surpass-4-million/"}, "user": {"created_at": "Mon Aug 02 17:54:35 +0000 2010", "description": "@WorldBank financial inclusion analyst by day, UX/service designer and @districtkaraoke competitor by night. Also proud @CodeForDC and @DT_DC member.", "favourites_count": 874, "followers_count": 744, "friends_count": 244, "geo_enabled": true, "id": 173920995, "lang": "en", "listed_count": 51, "location": "Washington, DC", "name": "Sarah Fathallah", "profile_background_color": "000000", "profile_background_image_url": "http://pbs.twimg.com/profile_background_images/378800000111139730/a3fac403f9b55f4e4d22191a08cd4de0.jpeg", "profile_background_tile": true, "profile_banner_url": "https://pbs.twimg.com/profile_banners/173920995/1383828819", "profile_image_url": "https://pbs.twimg.com/profile_images/378800000706836473/92342dc4e2c6c53a9df5c8176a152df3_normal.png", "profile_link_color": "AD8C6F", "profile_sidebar_fill_color": "75655F", "profile_text_color": "332D23", "protected": false, "screen_name": "SFath", "statuses_count": 2613, "time_zone": "Quito", "url": "http://t.co/yTbQMcuWNb", "utc_offset": -18000}, "user_mentions": [{"id": 380749300, "name": "@apple", "screen_name": "Apple"}]}