{"created_at": "Mon Oct 17 13:44:20 +0000 2011", "favorited": false, "id": 125930143066759169, "in_reply_to_screen_name": "Apple", "in_reply_to_user_id": 380749300, "lang": "en", "retweeted": false, "source": "<a href=\"http://twitter.com/download/iphone\" rel=\"nofollow\">Twitter for iPhone</a>", "text": "@Apple very disappointed Hogwarts not choice on world clock on iPhone", "truncated": false, "user": {"created_at": "Mon Sep 01 18:03:35 +0000 2008", "description": "Domestic Goddess to a small community of 1 husband, 3 children and 2 dogs. A position that requires eating far less chocolate than I hoped.", "favourites_count": 374, "followers_count": 107, "friends_count": 202, "geo_enabled": true, "id": 16085657, "lang": "en", "listed_count": 6, "name": "craftybecky", "profile_background_color": "352726", "profile_background_image_url": "http://abs.twimg.com/images/themes/theme5/bg.gif", "profile_background_tile": false, "profile_image_url": "https://pbs.twimg.com/profile_images/3777358625/9830a86dd3c1a0c39dc08442cf5c7bd6_normal.jpeg", "profile_link_color": "D02B55", "profile_sidebar_fill_color": "99CC33", "profile_text_color": "3E4415", "protected": false, "screen_name": "craftybecky", "statuses_count": 5242, "time_zone": "Quito", "url": "http://t.co/WbembSvlGO", "utc_offset": -18000}, "user_mentions": [{"id": 380749300, "name": "@apple", "screen_name": "Apple"}]}