{"created_at": "Mon Oct 17 14:11:31 +0000 2011", "favorited": false, "hashtags": ["nowplaying"], "id": 125936985796919296, "in_reply_to_screen_name": "Apple", "in_reply_to_user_id": 380749300, "lang": "en", "retweeted": false, "source": "<a href=\"http://twitter.com/download/iphone\" rel=\"nofollow\">Twitter for iPhone</a>", "text": "@Apple main office is #nowplaying  \nA milli - Lil Wayne.", "truncated": false, "user": {"created_at": "Thu Mar 24 23:08:29 +0000 2011", "description": "!", "favourites_count": 30, "followers_count": 121, "friends_count": 51, "geo_enabled": true, "id": 271653707, "lang": "en", "name": "jose_ddotomen", "profile_background_color": "C0DEED", "profile_background_image_url": "http://pbs.twimg.com/profile_background_images/302842374/tumblr_lp9mhg7lFl1qjnsceo1_500.jpg", "profile_background_tile": true, "profile_image_url": "https://pbs.twimg.com/profile_images/1823817003/image_normal.jpg", "profile_link_color": "0084B4", "profile_sidebar_fill_color": "DDEEF6", "profile_text_color": "333333", "protected": false, "screen_name": "Jose_DdotOmen", "statuses_count": 14514, "time_zone": "Central Time (US & Canada)", "utc_offset": -18000}, "user_mentions": [{"id": 380749300, "name": "@apple", "screen_name": "Apple"}]}