{"created_at": "Mon Oct 17 14:24:42 +0000 2011", "favorited": false, "id": 125940300987371521, "lang": "en", "retweeted": false, "source": "<a href=\"http://twitter.com\" rel=\"nofollow\">Twitter Web Client</a>", "text": "dear invisible intern/assistant: please go pick up my computer from the @apple hospital so i can upgrade to iOS5. thanks!", "truncated": false, "user": {"created_at": "Mon Sep 22 18:03:21 +0000 2008", "description": "#advertising exec, whose tweets are his own, living the dream in #NYC. trust me, it's all ridiculous.", "favourites_count": 32, "followers_count": 192, "friends_count": 171, "id": 16406827, "lang": "en", "listed_count": 4, "location": "new york city", "name": "brian wright", "profile_background_color": "709397", "profile_background_image_url": "http://pbs.twimg.com/profile_background_images/87024006/midtown_skyline_new_york_city2.jpg", "profile_background_tile": false, "profile_banner_url": "https://pbs.twimg.com/profile_banners/16406827/1395876439", "profile_image_url": "https://pbs.twimg.com/profile_images/378800000264547367/0eaa6ae48450515c1302c3f49ff6dd7e_normal.jpeg", "profile_link_color": "FF3300", "profile_sidebar_fill_color": "A0C5C7", "profile_text_color": "333333", "protected": false, "screen_name": "brian_wright", "statuses_count": 3508, "time_zone": "Eastern Time (US & Canada)", "utc_offset": -14400}, "user_mentions": [{"id": 380749300, "name": "@apple", "screen_name": "Apple"}]}