{"created_at": "Mon Oct 17 13:31:58 +0000 2011", "favorited": false, "id": 125927032185044992, "lang": "en", "retweeted": false, "source": "<a href=\"http://www.hootsuite.com\" rel=\"nofollow\">Hootsuite</a>", "text": "RT @iancollinsuk: Apple have just announced they sold 4 million phones this weekend. Incredible. That recession continues to bite @Apple", "truncated": false, "user": {"created_at": "Sat Jun 30 13:37:09 +0000 2007", "description": "Sql server systems designer   tech blogger , network admin and author of Profile Trader CRM find me on rebelmouse http://t.co/o8ZDkj5L1s", "favourites_count": 573, "followers_count": 13056, "friends_count": 13855, "id": 7171192, "lang": "en", "listed_count": 414, "location": "Devizes", "name": "steven healey", "profile_background_color": "4DB6EB", "profile_background_image_url": "http://pbs.twimg.com/profile_background_images/393900167/IMG_0631.JPG", "profile_background_tile": false, "profile_banner_url": "https://pbs.twimg.com/profile_banners/7171192/1398779120", "profile_image_url": "https://pbs.twimg.com/profile_images/2496680965/wwha9v77fjvg1vy51vlf_normal.jpeg", "profile_link_color": "B1ADAA", "profile_sidebar_fill_color": "DFE4E8", "profile_text_color": "0E33EB", "protected": false, "screen_name": "stevenhealey", "statuses_count": 25583, "time_zone": "London", "url": "http://t.co/fl8HZjJ1T3", "utc_offset": 3600}, "user_mentions": [{"id": 95877096, "name": "Ian Collins", "screen_name": "iancollinsuk"}, {"id": 380749300, "name": "@apple", "screen_name": "Apple"}]}