{"created_at": "Mon Oct 17 13:41:22 +0000 2011", "favorited": false, "id": 125929395264299009, "in_reply_to_screen_name": "Apple", "in_reply_to_user_id": 380749300, "lang": "en", "retweeted": false, "source": "<a href=\"http://twitter.com/download/iphone\" rel=\"nofollow\">Twitter for iPhone</a>", "text": "@apple domain fail. Open 2 hrs late for walk in ppl. Store was empty and i only need a skin 4 my screen. You represent customer service FAIL", "truncated": false, "user": {"created_at": "Fri Jun 19 15:06:01 +0000 2009", "description": "Laser Focus. #DPS Academy July 2014", "favourites_count": 4, "followers_count": 354, "friends_count": 1159, "geo_enabled": true, "id": 48728872, "lang": "en", "listed_count": 2, "location": "Austin", "name": "Todd Outlaw", "profile_background_color": "1A1B1F", "profile_background_image_url": "http://pbs.twimg.com/profile_background_images/378800000162057046/pkNcj5sT.jpeg", "profile_background_tile": false, "profile_banner_url": "https://pbs.twimg.com/profile_banners/48728872/1388786312", "profile_image_url": "https://pbs.twimg.com/profile_images/447024515164282880/htu_iaKi_normal.jpeg", "profile_link_color": "2FC2EF", "profile_sidebar_fill_color": "252429", "profile_text_color": "666666", "protected": false, "screen_name": "CT_Outlaw", "statuses_count": 2379, "time_zone": "Central Time (US & Canada)", "utc_offset": -18000}, "user_mentions": [{"id": 380749300, "name": "@apple", "screen_name": "Apple"}]}