{"created_at": "Mon Oct 17 13:07:39 +0000 2011", "favorited": false, "id": 125920912171216896, "in_reply_to_screen_name": "BrianMincey", "in_reply_to_status_id": 125920716297211904, "in_reply_to_user_id": 17003256, "lang": "en", "retweeted": false, "source": "<a href=\"http://twitter.com/download/iphone\" rel=\"nofollow\">Twitter for iPhone</a>", "text": "@BrianMincey @apple the chipsets tear through battery life. Coworker has a htc thunderbolt that he gets about 3 hours of life.", "truncated": false, "user": {"created_at": "Sun Jul 01 23:08:29 +0000 2007", "description": "Just because it's an internal app doesn't mean it has to suck. People use the things we create, don't make it harder.", "favourites_count": 797, "followers_count": 405, "friends_count": 1095, "geo_enabled": true, "id": 7193212, "lang": "en", "listed_count": 22, "location": "iPhone: 39.143051,-84.602463", "name": "Brian Lewis \uf8ff", "profile_background_color": "9AE4E8", "profile_background_image_url": "http://pbs.twimg.com/profile_background_images/2694931/IMG_0406__1_.jpg", "profile_background_tile": true, "profile_banner_url": "https://pbs.twimg.com/profile_banners/7193212/1399771000", "profile_image_url": "https://pbs.twimg.com/profile_images/421076465082331137/tm4vqOau_normal.jpeg", "profile_link_color": "0000FF", "profile_sidebar_fill_color": "E0FF92", "profile_text_color": "000000", "protected": false, "screen_name": "bxlewi1", "statuses_count": 24489, "time_zone": "Quito", "utc_offset": -18000}, "user_mentions": [{"id": 17003256, "name": "Brian Mincey", "screen_name": "BrianMincey"}, {"id": 380749300, "name": "@apple", "screen_name": "Apple"}]}