{"created_at": "Mon Oct 17 11:46:32 +0000 2011", "favorited": false, "hashtags": ["ios5", "lovemyiphone"], "id": 125900497327636480, "lang": "en", "retweeted": false, "source": "<a href=\"http://twitter.com/download/iphone\" rel=\"nofollow\">Twitter for iPhone</a>", "text": "Love #ios5 Easter eggs. Pull down from middle top to bottom and see what pulls down. Awesome little feature! @apple #lovemyiphone", "truncated": false, "user": {"created_at": "Tue Jun 23 01:34:30 +0000 2009", "description": "Christian, Democrat, Cardinals fan", "favourites_count": 2, "followers_count": 53, "friends_count": 157, "geo_enabled": true, "id": 49842125, "lang": "en", "listed_count": 2, "location": "Chicago, IL", "name": "derek de jesus", "profile_background_color": "022330", "profile_background_image_url": "http://abs.twimg.com/images/themes/theme15/bg.png", "profile_background_tile": false, "profile_image_url": "https://pbs.twimg.com/profile_images/2662193227/627caa911114704de783e1cebb7d58f9_normal.jpeg", "profile_link_color": "0084B4", "profile_sidebar_fill_color": "C0DFEC", "profile_text_color": "333333", "protected": false, "screen_name": "MN2NOVA", "statuses_count": 1452, "time_zone": "Central Time (US & Canada)", "utc_offset": -18000}, "user_mentions": [{"id": 380749300, "name": "@apple", "screen_name": "Apple"}]}