{"created_at": "Mon Oct 17 14:25:04 +0000 2011", "favorited": false, "hashtags": ["appletv", "PrincessOfChina"], "id": 125940394566483968, "lang": "en", "retweeted": false, "source": "<a href=\"http://twitter.com/download/iphone\" rel=\"nofollow\">Twitter for iPhone</a>", "text": "God Bless @YouTube, @apple for  #appletv & our bad ass system. LOVING #PrincessOfChina. GB to @coldplay & @rihanna too :)", "truncated": false, "user": {"created_at": "Sat Jul 18 23:10:32 +0000 2009", "description": "Related to the cheshire cat.", "favourites_count": 106, "followers_count": 53, "friends_count": 205, "id": 58057735, "lang": "en", "location": "Richmond, VA", "name": "amanda featherstone", "profile_background_color": "BADFCD", "profile_background_image_url": "http://abs.twimg.com/images/themes/theme12/bg.gif", "profile_background_tile": false, "profile_image_url": "https://pbs.twimg.com/profile_images/1106159352/image_normal.jpg", "profile_link_color": "FF0000", "profile_sidebar_fill_color": "FFF7CC", "profile_text_color": "0C3E53", "protected": false, "screen_name": "alfnanoes", "statuses_count": 929, "time_zone": "Eastern Time (US & Canada)", "utc_offset": -14400}, "user_mentions": [{"id": 10228272, "name": "YouTube", "screen_name": "YouTube"}, {"id": 380749300, "name": "@apple", "screen_name": "Apple"}, {"id": 18863815, "name": "Coldplay", "screen_name": "coldplay"}, {"id": 79293791, "name": "Rihanna", "screen_name": "rihanna"}]}