{"created_at": "Mon Oct 17 13:13:58 +0000 2011", "favorited": false, "id": 125922500839342080, "lang": "en", "retweet_count": 1, "retweeted": false, "retweeted_status": {"created_at": "Mon Oct 17 12:08:09 +0000 2011", "favorited": false, "id": 125905936178089985, "lang": "en", "retweet_count": 1, "retweeted": false, "source": "<a href=\"http://twitter.com\" rel=\"nofollow\">Twitter Web Client</a>", "text": "Dear @Apple Can We Get Some Afro-American Emoticons? -Management", "truncated": false, "user": {"created_at": "Fri Feb 27 00:53:16 +0000 2009", "description": "African (Sierra Leone )\nVideographer  \nDirector \n#IAFilms \nContact Me \nialghali0488@gmail.com\nhttp://t.co/gzgjhFjh\n\nIG: talkyo_ISH", "favourites_count": 117, "followers_count": 1937, "friends_count": 841, "id": 22088017, "lang": "en", "listed_count": 11, "location": "Where Your Bitch At", "name": "Mandingo D'jango ", "profile_background_color": "ACDED6", "profile_background_image_url": "http://pbs.twimg.com/profile_background_images/347872493/x2_65e3138.jpg", "profile_background_tile": true, "profile_image_url": "https://pbs.twimg.com/profile_images/475974006756368384/py3wO68r_normal.jpeg", "profile_link_color": "038543", "profile_sidebar_fill_color": "F6F6F6", "profile_text_color": "333333", "protected": false, "screen_name": "talkyo_ISH", "statuses_count": 183870, "time_zone": "Eastern Time (US & Canada)", "utc_offset": -14400}, "user_mentions": [{"id": 380749300, "name": "@apple", "screen_name": "Apple"}]}, "source": "<a href=\"http://www.echofon.com/\" rel=\"nofollow\">Echofon</a>", "text": "RT @TalkYo_ISH: Dear @Apple Can We Get Some Afro-American Emoticons? -Management", "truncated": false, "user": {"created_at": "Sun Apr 12 19:37:06 +0000 2009", "description": "\u0493\u0251s\u029c\u1e2dons fade.. \u054f\uff85\u10e7\u2112\u0639 is eternal\n\u270c\ufe0f", "favourites_count": 10, "followers_count": 623, "friends_count": 316, "id": 30706225, "lang": "en", "listed_count": 11, "location": "\ue245 libra est. oct 1st", "name": "\u2606Kirsten Kardashian\u2606", "profile_background_color": "131516", "profile_background_image_url": "http://pbs.twimg.com/profile_background_images/57320667/barbie.jpg", "profile_background_tile": false, "profile_image_url": "https://pbs.twimg.com/profile_images/419471125358608384/jh9k9aWM_normal.jpeg", "profile_link_color": "009999", "profile_sidebar_fill_color": "EFEFEF", "profile_text_color": "333333", "protected": false, "screen_name": "MizzK10", "statuses_count": 46704, "time_zone": "Eastern Time (US & Canada)", "url": "http://t.co/StGcLX5RBA", "utc_offset": -14400}, "user_mentions": [{"id": 22088017, "name": "Mandingo D'jango ", "screen_name": "talkyo_ISH"}, {"id": 380749300, "name": "@apple", "screen_name": "Apple"}]}