{"created_at": "Mon Oct 17 12:20:06 +0000 2011", "favorited": false, "id": 125908946702696448, "in_reply_to_screen_name": "Apple", "in_reply_to_user_id": 380749300, "lang": "en", "retweeted": false, "source": "<a href=\"https://about.twitter.com/products/tweetdeck\" rel=\"nofollow\">TweetDeck</a>", "text": "@apple So why is Siri only available on the iPhone 4S ?   - http://t.co/QZuNgyLW", "truncated": false, "urls": {"http://t.co/QZuNgyLW": "http://bit.ly/odcqQ0"}, "user": {"created_at": "Tue Apr 03 00:34:46 +0000 2007", "description": "IT Pro, VMware Follower, and big MN Sports Follower.", "favourites_count": 169, "followers_count": 888, "friends_count": 169, "geo_enabled": true, "id": 3267661, "lang": "en", "listed_count": 53, "location": "Shakopee, Minnesota", "name": "davikes", "profile_background_color": "000000", "profile_background_image_url": "http://pbs.twimg.com/profile_background_images/827213370/ace1d5a9eb4abbb427da94b0890f954e.jpeg", "profile_background_tile": true, "profile_banner_url": "https://pbs.twimg.com/profile_banners/3267661/1398204862", "profile_image_url": "https://pbs.twimg.com/profile_images/3443502010/a09e62d965d8ee9775721aed3cacacca_normal.jpeg", "profile_link_color": "0F3A73", "profile_sidebar_fill_color": "FDB813", "profile_text_color": "000000", "protected": false, "screen_name": "davikes", "statuses_count": 10606, "time_zone": "Central Time (US & Canada)", "utc_offset": -18000}, "user_mentions": [{"id": 380749300, "name": "@apple", "screen_name": "Apple"}]}