{"created_at": "Mon Oct 17 12:45:00 +0000 2011", "favorited": false, "id": 125915210337890304, "lang": "en", "retweeted": false, "source": "<a href=\"http://www.hootsuite.com\" rel=\"nofollow\">Hootsuite</a>", "text": "Ever since I cleaned my Mighty Mouse ball with alcohol to get it rolling again, any time I click the ball it acts like a left click. @Apple", "truncated": false, "user": {"created_at": "Tue Sep 01 14:43:08 +0000 2009", "description": "Pro Freelance Photographer/Videographer; Vegan; Animal Rights Advocate, Bujinkan Ninja, New Yogi", "favourites_count": 40, "followers_count": 288, "friends_count": 284, "id": 70695430, "lang": "en", "listed_count": 27, "location": "NJ, USA", "name": "DIGImmortal Photo", "profile_background_color": "000000", "profile_background_image_url": "http://pbs.twimg.com/profile_background_images/34657251/digitwitter.jpg", "profile_background_tile": false, "profile_image_url": "https://pbs.twimg.com/profile_images/2579699876/ftltlm7syiwjwmt1u5cc_normal.jpeg", "profile_link_color": "D02B55", "profile_sidebar_fill_color": "99CC33", "profile_text_color": "3E4415", "protected": false, "screen_name": "DGPhotographer", "statuses_count": 6671, "time_zone": "Eastern Time (US & Canada)", "url": "http://t.co/9rBzk5Vxlb", "utc_offset": -14400}, "user_mentions": [{"id": 380749300, "name": "@apple", "screen_name": "Apple"}]}