{"created_at": "Mon Oct 17 13:06:55 +0000 2011", "favorited": false, "hashtags": ["apple", "siri", "iphone4S", "Ai"], "id": 125920725595983874, "lang": "it", "retweeted": false, "source": "<a href=\"https://about.twitter.com/products/tweetdeck\" rel=\"nofollow\">TweetDeck</a>", "text": "Video: SIRI also gets angry. http://t.co/Ku288WX6  @chrisvoss @apple #apple #siri #iphone4S #Ai", "truncated": false, "urls": {"http://t.co/Ku288WX6": "http://bit.ly/pcyBRt"}, "user": {"created_at": "Mon Jul 19 15:28:59 +0000 2010", "description": "game fan, professional artist.", "followers_count": 39, "friends_count": 43, "id": 168517406, "lang": "en", "location": "Ecuador", "name": "Ignacio Rodriguez", "profile_background_color": "C0DEED", "profile_background_image_url": "http://abs.twimg.com/images/themes/theme1/bg.png", "profile_background_tile": false, "profile_banner_url": "https://pbs.twimg.com/profile_banners/168517406/1398232689", "profile_image_url": "https://pbs.twimg.com/profile_images/1082476942/game_normal.jpg", "profile_link_color": "0084B4", "profile_sidebar_fill_color": "DDEEF6", "profile_text_color": "333333", "protected": false, "screen_name": "jplaygames", "statuses_count": 5588, "time_zone": "Quito", "url": "http://t.co/RIPnr5Phm5", "utc_offset": -18000}, "user_mentions": [{"id": 23172966, "name": "CHRIS VOSS", "screen_name": "CHRISVOSS"}, {"id": 380749300, "name": "@apple", "screen_name": "Apple"}]}