{"created_at": "Mon Oct 17 13:32:32 +0000 2011", "favorited": false, "id": 125927174514540544, "lang": "en", "retweeted": false, "source": "<a href=\"http://twitter.com\" rel=\"nofollow\">Twitter Web Client</a>", "text": "Great post on the upcoming Great Tech Wars of 2012! @amazon @apple @google @facebook http://t.co/OSeqhT7W via @cbillich", "truncated": false, "urls": {"http://t.co/OSeqhT7W": "http://bit.ly/oJf5Mx"}, "user": {"created_at": "Wed Mar 11 09:01:15 +0000 2009", "description": "Fixing the world. Founder @ Startups. Agent @\u00a0Change. Coach & Uncle @ Startupsauna. Tweets in #D #ENG #FIN #SWE", "favourites_count": 8, "followers_count": 2002, "friends_count": 740, "geo_enabled": true, "id": 23739706, "lang": "en", "listed_count": 64, "name": "Aape Pohjavirta", "profile_background_color": "CFCAC3", "profile_background_image_url": "http://pbs.twimg.com/profile_background_images/446033521098772480/I8F22G6j.jpeg", "profile_background_tile": false, "profile_banner_url": "https://pbs.twimg.com/profile_banners/23739706/1395176478", "profile_image_url": "https://pbs.twimg.com/profile_images/378800000289849456/d1f5608ff0093ecafa34a33c3b1959a0_normal.jpeg", "profile_link_color": "0099B9", "profile_sidebar_fill_color": "95E8EC", "profile_text_color": "3C3940", "protected": false, "screen_name": "aape", "statuses_count": 10763, "time_zone": "Helsinki", "utc_offset": 10800}, "user_mentions": [{"id": 20793816, "name": "Amazon", "screen_name": "amazon"}, {"id": 380749300, "name": "@apple", "screen_name": "Apple"}, {"id": 20536157, "name": "A Googler", "screen_name": "google"}, {"id": 2425151, "name": "Facebook", "screen_name": "facebook"}, {"id": 45575188, "name": "Christopher Billich", "screen_name": "cbillich"}]}