{"created_at": "Mon Oct 17 13:12:40 +0000 2011", "favorited": false, "hashtags": ["BreakingNews", "iPhone", "TrueStory"], "id": 125922174648324096, "lang": "en", "retweeted": false, "source": "<a href=\"http://www.apple.com\" rel=\"nofollow\">Safari on iOS</a>", "text": "#BreakingNews @Gizmodo reports: @Apple #iPhone 4S sold over $4 million over the weekend! #TrueStory\n  http://t.co/BEj32s6a", "truncated": false, "urls": {"http://t.co/BEj32s6a": "http://m.gizmodo.com/5850408/iphone-4s-sells-4-million-in-one-weekend"}, "user": {"created_at": "Fri May 29 15:46:37 +0000 2009", "description": "Tweet Jokes & Quotes. Laughter Is Our Hero, Follow Me & Be Saved. Teacher & Novelist/Poet", "favourites_count": 43, "followers_count": 327, "friends_count": 28, "id": 43353111, "lang": "en", "listed_count": 10, "location": "Brooklyn, New York", "name": "Jayson Hoffa", "profile_background_color": "C0DEED", "profile_background_image_url": "http://pbs.twimg.com/profile_background_images/91943040/Evans__22_.JPG", "profile_background_tile": true, "profile_banner_url": "https://pbs.twimg.com/profile_banners/43353111/1352827528", "profile_image_url": "https://pbs.twimg.com/profile_images/2159104493/image_normal.jpg", "profile_link_color": "0084B4", "profile_sidebar_fill_color": "DDEEF6", "profile_text_color": "333333", "protected": false, "screen_name": "JaysonHoffa", "statuses_count": 10569, "time_zone": "Eastern Time (US & Canada)", "utc_offset": -14400}, "user_mentions": [{"id": 2890961, "name": "Gizmodo", "screen_name": "Gizmodo"}, {"id": 380749300, "name": "@apple", "screen_name": "Apple"}]}