{"created_at": "Mon Oct 17 14:40:34 +0000 2011", "favorited": false, "hashtags": ["dbw", "metacon"], "id": 125944293671182336, "lang": "en", "retweet_count": 1, "retweeted": false, "retweeted_status": {"created_at": "Mon Oct 17 14:25:05 +0000 2011", "favorited": false, "hashtags": ["dbw", "metacon"], "id": 125940398915977217, "lang": "en", "retweet_count": 1, "retweeted": false, "source": "<a href=\"http://www.hootsuite.com\" rel=\"nofollow\">Hootsuite</a>", "text": "\"3 principal global players will be active in every market...@Amazon, @Apple, & @Kobo.\" @MikeShatzkin http://t.co/1ndxcMO1 #dbw #metacon", "truncated": false, "urls": {"http://t.co/1ndxcMO1": "http://ow.ly/6YVHp"}, "user": {"created_at": "Tue May 12 09:56:28 +0000 2009", "description": "Journalist in Publishing  | #PorterMeets @TheBookseller | Writing on the Ether @ThoughtCatalog | #EtherIssue @PubPerspectives | Formerly: CNN, Village Voice, UN", "followers_count": 9583, "friends_count": 1737, "id": 39469575, "lang": "en", "listed_count": 708, "name": "Porter Anderson", "profile_background_color": "1D0A07", "profile_background_image_url": "http://abs.twimg.com/images/themes/theme14/bg.gif", "profile_background_tile": true, "profile_banner_url": "https://pbs.twimg.com/profile_banners/39469575/1398204475", "profile_image_url": "https://pbs.twimg.com/profile_images/420354979094745088/MwNaNqJY_normal.jpeg", "profile_link_color": "1B0B07", "profile_sidebar_fill_color": "C4B989", "profile_text_color": "29B1C6", "protected": false, "screen_name": "Porter_Anderson", "statuses_count": 101863, "time_zone": "Eastern Time (US & Canada)", "url": "http://t.co/gO4iueqhlu", "utc_offset": -14400}, "user_mentions": [{"id": 20793816, "name": "Amazon", "screen_name": "amazon"}, {"id": 380749300, "name": "@apple", "screen_name": "Apple"}, {"id": 17348224, "name": "Kobo", "screen_name": "kobo"}, {"id": 19001065, "name": "Mike Shatzkin", "screen_name": "MikeShatzkin"}]}, "source": "<a href=\"http://twitter.com\" rel=\"nofollow\">Twitter Web Client</a>", "text": "RT @Porter_Anderson: \"3 principal global players will be active in every market...@Amazon, @Apple, & @Kobo.\" @MikeShatzkin http://t.co/1 ...", "truncated": false, "urls": {"http://t.co/1ndxcMO1": "http://ow.ly/6YVHp"}, "user": {"created_at": "Fri Feb 20 15:28:20 +0000 2009", "description": "CEO at @tspoetry @EDaypoems (Home of Oprah-Selected Title). Author 'Rumors of Water: Thoughts on Creativity & Writing' http://t.co/Jaw1ppHIjm", "favourites_count": 16, "followers_count": 1878, "friends_count": 975, "id": 21405047, "lang": "en", "listed_count": 126, "location": "NYC, or thereabouts", "name": "L.L. Barkat", "profile_background_color": "FFFFFF", "profile_background_image_url": "http://pbs.twimg.com/profile_background_images/342264239/golden_book.jpg", "profile_background_tile": false, "profile_image_url": "https://pbs.twimg.com/profile_images/80692382/Notre_Damesmallest_normal.jpg", "profile_link_color": "686B3C", "profile_sidebar_fill_color": "E7EDDF", "profile_text_color": "333333", "protected": false, "screen_name": "llbarkat", "statuses_count": 19531, "time_zone": "Central Time (US & Canada)", "url": "http://t.co/r3mliAGdLH", "utc_offset": -18000}, "user_mentions": [{"id": 39469575, "name": "Porter Anderson", "screen_name": "Porter_Anderson"}, {"id": 20793816, "name": "Amazon", "screen_name": "amazon"}, {"id": 380749300, "name": "@apple", "screen_name": "Apple"}, {"id": 17348224, "name": "Kobo", "screen_name": "kobo"}, {"id": 19001065, "name": "Mike Shatzkin", "screen_name": "MikeShatzkin"}]}