{"created_at": "Mon Oct 17 13:15:57 +0000 2011", "favorited": false, "hashtags": ["wow"], "id": 125922999651139584, "lang": "en", "retweeted": false, "source": "<a href=\"http://twitter.com\" rel=\"nofollow\">Twitter Web Client</a>", "text": "One word - #wow. RT @jldavid iPhone 4S First Weekend Sales Top Four Million: http://t.co/Zx5Pw0GT (via @apple)", "truncated": false, "urls": {"http://t.co/Zx5Pw0GT": "http://bit.ly/ogwntq"}, "user": {"created_at": "Tue Oct 13 14:37:33 +0000 2009", "description": "I take pictures around #Toronto & VENT about photography, marketing, pop culture, & media stuff in Canada. I sometimes help people with #SocialMedia design.", "favourites_count": 1063, "followers_count": 2471, "friends_count": 1797, "geo_enabled": true, "id": 82109274, "lang": "en", "listed_count": 169, "location": "Toronto", "name": "Richard Budman", "profile_background_color": "C0DEED", "profile_background_image_url": "http://pbs.twimg.com/profile_background_images/44739799/twit-shot7background2.jpg", "profile_background_tile": false, "profile_banner_url": "https://pbs.twimg.com/profile_banners/82109274/1399334668", "profile_image_url": "https://pbs.twimg.com/profile_images/1082909870/dick-TwitterPic2_normal.jpg", "profile_link_color": "0084B4", "profile_sidebar_fill_color": "DDEEF6", "profile_text_color": "333333", "protected": false, "screen_name": "shot7news", "statuses_count": 11029, "time_zone": "Quito", "url": "http://t.co/MZnfIsqFRL", "utc_offset": -18000}, "user_mentions": [{"id": 3415861, "name": "Jean-Luc David", "screen_name": "jldavid"}, {"id": 380749300, "name": "@apple", "screen_name": "Apple"}]}