{"created_at": "Mon Oct 17 12:57:50 +0000 2011", "favorited": false, "hashtags": ["apple", "iphone4S", "cameras"], "id": 125918441013133312, "lang": "en", "retweeted": false, "source": "<a href=\"https://about.twitter.com/products/tweetdeck\" rel=\"nofollow\">TweetDeck</a>", "text": "iPhone 4S 8MP camera : It\u00b4s a SONY. http://t.co/BIqBEhTb @sony @apple #apple #iphone4S #cameras", "truncated": false, "urls": {"http://t.co/BIqBEhTb": "http://bit.ly/opgzYa"}, "user": {"created_at": "Fri Jul 30 15:55:12 +0000 2010", "description": "blogger, CEO medicina natural MBA retired, jazz, artist painting and help", "followers_count": 91, "friends_count": 163, "id": 172779711, "lang": "es", "listed_count": 13, "location": "Ecuador", "name": "Francisco De Jes\u00fas", "profile_background_color": "C0DEED", "profile_background_image_url": "http://abs.twimg.com/images/themes/theme1/bg.png", "profile_background_tile": false, "profile_banner_url": "https://pbs.twimg.com/profile_banners/172779711/1398551992", "profile_image_url": "https://pbs.twimg.com/profile_images/427963941956751362/6_iBeNXN_normal.jpeg", "profile_link_color": "0084B4", "profile_sidebar_fill_color": "DDEEF6", "profile_text_color": "333333", "protected": false, "screen_name": "worldwidegadget", "statuses_count": 6528, "url": "http://t.co/ib4jzIZuBV"}, "user_mentions": [{"id": 34442404, "name": "Sony", "screen_name": "Sony"}, {"id": 380749300, "name": "@apple", "screen_name": "Apple"}]}