{"created_at": "Mon Oct 17 13:45:23 +0000 2011", "favorited": false, "id": 125930406125117440, "in_reply_to_screen_name": "Samsungindex", "in_reply_to_user_id": 87319324, "lang": "en", "retweeted": false, "source": "<a href=\"https://about.twitter.com/products/tweetdeck\" rel=\"nofollow\">TweetDeck</a>", "text": "@samsung, @apple, you do realise you're just really pissing off the customer base AS WELL AS looking petty.", "truncated": false, "user": {"created_at": "Sun Oct 25 21:28:04 +0000 2009", "description": "Strangely strange, but oddly normal. all views expressed are private and nowt to do with my employer.", "favourites_count": 268, "followers_count": 148, "friends_count": 89, "geo_enabled": true, "id": 85168793, "lang": "en", "listed_count": 9, "location": "All over the UK.", "name": "Son of Apathy", "profile_background_color": "DAC1EB", "profile_background_image_url": "http://pbs.twimg.com/profile_background_images/92091560/heated.jpg", "profile_background_tile": true, "profile_banner_url": "https://pbs.twimg.com/profile_banners/85168793/1348500092", "profile_image_url": "https://pbs.twimg.com/profile_images/378800000469160209/bdd6aaa8a784f382e492f1e70bbfbcdf_normal.jpeg", "profile_link_color": "8F00B3", "profile_sidebar_fill_color": "DDEEF6", "profile_text_color": "333333", "protected": false, "screen_name": "tjz1100", "statuses_count": 20477, "time_zone": "London", "utc_offset": 3600}, "user_mentions": [{"id": 97610612, "name": "samsung", "screen_name": "samsung"}, {"id": 380749300, "name": "@apple", "screen_name": "Apple"}]}