{"created_at": "Mon Oct 17 13:15:54 +0000 2011", "favorited": false, "id": 125922989844856833, "lang": "de", "retweet_count": 3, "retweeted": false, "retweeted_status": {"created_at": "Mon Oct 17 13:09:34 +0000 2011", "favorited": false, "id": 125921393350160384, "lang": "de", "retweet_count": 3, "retweeted": false, "source": "<a href=\"http://bitly.com\" rel=\"nofollow\">bitly bitlink</a>", "text": "iPhone 4S First Weekend Sales Top Four Million: http://t.co/O7zqnY7K (via @apple)", "truncated": false, "urls": {"http://t.co/O7zqnY7K": "http://bit.ly/ogwntq"}, "user": {"created_at": "Wed Apr 04 12:27:02 +0000 2007", "description": "@googleglass Explorer | Founder @getalertly | Ex-@microsoft | Canadian | Developer | Growth Hacker | Tech Evangelist | Author | Social Media", "favourites_count": 225, "followers_count": 6478, "friends_count": 6708, "geo_enabled": true, "id": 3415861, "lang": "en", "listed_count": 432, "location": "Toronto | SF | NYC", "name": "Jean-Luc David", "profile_background_color": "000000", "profile_background_image_url": "http://pbs.twimg.com/profile_background_images/458929747691454464/oK1Q0ucJ.jpeg", "profile_background_tile": true, "profile_banner_url": "https://pbs.twimg.com/profile_banners/3415861/1398252035", "profile_image_url": "https://pbs.twimg.com/profile_images/3783386650/95321b920157fa27a1f90f9f5406362e_normal.png", "profile_link_color": "3485D1", "profile_sidebar_fill_color": "EFEFEF", "profile_text_color": "1A1A1A", "protected": false, "screen_name": "jldavid", "statuses_count": 23287, "time_zone": "Eastern Time (US & Canada)", "url": "http://t.co/lVwuxsHcsQ", "utc_offset": -14400}, "user_mentions": [{"id": 380749300, "name": "@apple", "screen_name": "Apple"}]}, "source": "<a href=\"https://about.twitter.com/products/tweetdeck\" rel=\"nofollow\">TweetDeck</a>", "text": "RT @jldavid: iPhone 4S First Weekend Sales Top Four Million: http://t.co/O7zqnY7K (via @apple)", "truncated": false, "urls": {"http://t.co/O7zqnY7K": "http://bit.ly/ogwntq"}, "user": {"created_at": "Sun Apr 05 17:34:17 +0000 2009", "description": "System Center Cloud and Datacenter Management MVP | MCT | MCSE: Private Cloud | Alter Ego of @rbuike | Powered by Azure", "favourites_count": 6, "followers_count": 559, "friends_count": 150, "geo_enabled": true, "id": 29024169, "lang": "en", "listed_count": 39, "location": "Canada", "name": "TheLazyAdm", "profile_background_color": "131516", "profile_background_image_url": "http://abs.twimg.com/images/themes/theme14/bg.gif", "profile_background_tile": true, "profile_image_url": "https://pbs.twimg.com/profile_images/122824531/tlalogo_normal.jpg", "profile_link_color": "009999", "profile_sidebar_fill_color": "EFEFEF", "profile_text_color": "333333", "protected": false, "screen_name": "TheLazyAdm", "statuses_count": 4900, "time_zone": "Eastern Time (US & Canada)", "url": "http://t.co/YjfTa0iQwd", "utc_offset": -14400}, "user_mentions": [{"id": 3415861, "name": "Jean-Luc David", "screen_name": "jldavid"}, {"id": 380749300, "name": "@apple", "screen_name": "Apple"}]}