{"coordinates": {"coordinates": [-87.65827465, 41.98999977], "type": "Point"}, "created_at": "Mon Oct 17 13:06:52 +0000 2011", "favorited": false, "geo": {"coordinates": [41.98999977, -87.65827465], "type": "Point"}, "id": 125920716297211904, "in_reply_to_screen_name": "bxlewi1", "in_reply_to_status_id": 125919322978779136, "in_reply_to_user_id": 7193212, "lang": "en", "place": {"attributes": {}, "bounding_box": {"coordinates": [[[-87.940033, 41.644102], [-87.52401, 41.644102], [-87.52401, 42.0230669], [-87.940033, 42.0230669]]], "type": "Polygon"}, "contained_within": [], "country": "United States", "country_code": "US", "full_name": "Chicago, IL", "id": "1d9a5370a355ab0c", "name": "Chicago", "place_type": "city", "url": "https://api.twitter.com/1.1/geo/id/1d9a5370a355ab0c.json"}, "retweeted": false, "source": "<a href=\"http://www.twitter.com\" rel=\"nofollow\">Twitter for Windows Phone</a>", "text": "@bxlewi1 hey...do you know why @Apple hasn't added 4G support yet? Seems like an odd omission for such an advanced device.", "truncated": false, "user": {"created_at": "Mon Oct 27 18:00:40 +0000 2008", "description": "I'm the indefinate article.", "favourites_count": 153, "followers_count": 302, "friends_count": 154, "geo_enabled": true, "id": 17003256, "lang": "en", "listed_count": 5, "location": "Illinois, Edgewater", "name": "Brian Mincey", "profile_background_color": "078700", "profile_background_image_url": "http://pbs.twimg.com/profile_background_images/142514553/Rainbow72.jpg", "profile_background_tile": false, "profile_banner_url": "https://pbs.twimg.com/profile_banners/17003256/1393679795", "profile_image_url": "https://pbs.twimg.com/profile_images/465290724762595328/_-ipXK91_normal.jpeg", "profile_link_color": "12B300", "profile_sidebar_fill_color": "FFA8F9", "profile_text_color": "261426", "protected": false, "screen_name": "BrianMincey", "statuses_count": 7598, "time_zone": "Central Time (US & Canada)", "url": "http://t.co/aQj1TZgXSy", "utc_offset": -18000}, "user_mentions": [{"id": 7193212, "name": "Brian Lewis \uf8ff", "screen_name": "bxlewi1"}, {"id": 380749300, "name": "@apple", "screen_name": "Apple"}]}