{"created_at": "Mon Oct 17 11:53:42 +0000 2011", "favorited": false, "hashtags": ["ios5"], "id": 125902301931126785, "lang": "en", "retweet_count": 1, "retweeted": false, "retweeted_status": {"created_at": "Mon Oct 17 11:49:20 +0000 2011", "favorited": false, "hashtags": ["ios5"], "id": 125901202591461376, "lang": "en", "retweet_count": 1, "retweeted": false, "source": "<a href=\"http://twitter.com/download/iphone\" rel=\"nofollow\">Twitter for iPhone</a>", "text": "Love ios5 Easter eggs. Pull down from middle top to bottom and see what pulls down. Awesome little feature! #ios5 @apple", "truncated": false, "user": {"created_at": "Tue Jun 23 01:34:30 +0000 2009", "description": "Christian, Democrat, Cardinals fan", "favourites_count": 2, "followers_count": 53, "friends_count": 157, "geo_enabled": true, "id": 49842125, "lang": "en", "listed_count": 2, "location": "Chicago, IL", "name": "derek de jesus", "profile_background_color": "022330", "profile_background_image_url": "http://abs.twimg.com/images/themes/theme15/bg.png", "profile_background_tile": false, "profile_image_url": "https://pbs.twimg.com/profile_images/2662193227/627caa911114704de783e1cebb7d58f9_normal.jpeg", "profile_link_color": "0084B4", "profile_sidebar_fill_color": "C0DFEC", "profile_text_color": "333333", "protected": false, "screen_name": "MN2NOVA", "statuses_count": 1452, "time_zone": "Central Time (US & Canada)", "utc_offset": -18000}, "user_mentions": [{"id": 380749300, "name": "@apple", "screen_name": "Apple"}]}, "source": "<a href=\"http://twitter.com/download/iphone\" rel=\"nofollow\">Twitter for iPhone</a>", "text": "RT @MN2NOVA: Love ios5 Easter eggs. Pull down from middle top to bottom and see what pulls down. Awesome little feature! #ios5 @apple", "truncated": false, "user": {"created_at": "Tue Jun 09 14:52:44 +0000 2009", "description": "Comedian/writer from Edinburgh. I have a telescope. Also 1/3 of @livroompodcast", "favourites_count": 1892, "followers_count": 1030, "friends_count": 481, "id": 45853060, "lang": "en", "listed_count": 15, "location": "Edinburgh", "name": "Gareth Waugh", "profile_background_color": "9AE4E8", "profile_background_image_url": "http://pbs.twimg.com/profile_background_images/17333969/comedystar.jpg", "profile_background_tile": true, "profile_banner_url": "https://pbs.twimg.com/profile_banners/45853060/1348240606", "profile_image_url": "https://pbs.twimg.com/profile_images/435979613517656064/c0Rb98Ij_normal.jpeg", "profile_link_color": "0084B4", "profile_sidebar_fill_color": "DDFFCC", "profile_text_color": "333333", "protected": false, "screen_name": "GarethWaugh", "statuses_count": 9309, "time_zone": "Edinburgh", "url": "http://t.co/YnM0dV3TWt", "utc_offset": 3600}, "user_mentions": [{"id": 49842125, "name": "derek de jesus", "screen_name": "MN2NOVA"}, {"id": 380749300, "name": "@apple", "screen_name": "Apple"}]}