{"created_at": "Mon Oct 17 12:14:53 +0000 2011", "favorited": false, "id": 125907633466130432, "lang": "en", "retweeted": false, "source": "<a href=\"http://ubersocial.com\" rel=\"nofollow\">UberSocial for BlackBerry</a>", "text": "Lol and what do those look like? RT @TalkYo_ISH: Dear @Apple Can We Get Some Afro-American Emoticons? -Management", "truncated": false, "user": {"created_at": "Wed Mar 31 02:52:20 +0000 2010", "description": "Shoot for the moon. Even if you miss, you'll land among the stars.", "followers_count": 520, "friends_count": 238, "id": 128096709, "lang": "en", "listed_count": 8, "location": " At the end of the Rainbow. ", "name": "\u2606SHY\u2606", "profile_background_color": "EFDFF2", "profile_background_image_url": "http://pbs.twimg.com/profile_background_images/87719719/retro-1.jpg", "profile_background_tile": true, "profile_image_url": "https://pbs.twimg.com/profile_images/3299934801/abf407b0d1ba9a265389e3c01e10c0de_normal.jpeg", "profile_link_color": "CF29C7", "profile_sidebar_fill_color": "EBCAE4", "profile_text_color": "333333", "protected": false, "screen_name": "LoveAlways_SHY", "statuses_count": 17066, "time_zone": "Central Time (US & Canada)", "utc_offset": -18000}, "user_mentions": [{"id": 22088017, "name": "Mandingo D'jango ", "screen_name": "talkyo_ISH"}, {"id": 380749300, "name": "@apple", "screen_name": "Apple"}]}