{"created_at": "Mon Oct 17 13:58:11 +0000 2011", "favorited": false, "id": 125933630613766144, "lang": "en", "retweeted": false, "source": "<a href=\"http://seesmic.com/\" rel=\"nofollow\">Seesmic</a>", "text": "Is at the @apple store waiting for a poorly iMac to be seen by a genius. Hopefully this will be painless. Not too bad in here.", "truncated": false, "user": {"created_at": "Tue May 27 01:33:45 +0000 2008", "description": "Grade A Girl Geek and all around tinkerer. Technical Project Manager @WSUPress. Tigers / Red Wings fan. More curious than a cat. Opinions are mine only.", "favourites_count": 1298, "followers_count": 2489, "friends_count": 2303, "id": 14915466, "lang": "en", "listed_count": 136, "location": "Detroit Rock City", "name": "Bonnie", "profile_background_color": "001A45", "profile_background_image_url": "http://pbs.twimg.com/profile_background_images/19538978/Twitter_cropped.jpg", "profile_background_tile": true, "profile_banner_url": "https://pbs.twimg.com/profile_banners/14915466/1398261869", "profile_image_url": "https://pbs.twimg.com/profile_images/431482979060183040/fW_PUZ9N_normal.jpeg", "profile_link_color": "014F9D", "profile_sidebar_fill_color": "61C2FE", "profile_text_color": "363636", "protected": false, "screen_name": "bjr70", "statuses_count": 87236}, "user_mentions": [{"id": 380749300, "name": "@apple", "screen_name": "Apple"}]}