{"created_at": "Mon Oct 17 13:43:22 +0000 2011", "favorited": false, "id": 125929899071516676, "in_reply_to_screen_name": "Apple", "in_reply_to_user_id": 380749300, "lang": "en", "retweeted": false, "source": "<a href=\"http://adium.im\" rel=\"nofollow\">Adium</a>", "text": "@Apple - why do I have to have apps I am updating in their original 'folder' location? That was painful.", "truncated": false, "user": {"created_at": "Tue May 05 15:42:21 +0000 2009", "description": "Sometimes I do stuff, and sometimes I do other stuff.", "favourites_count": 1, "followers_count": 103, "friends_count": 97, "id": 37948939, "lang": "en", "listed_count": 1, "location": "DC Area", "name": "Derek Gabbard", "profile_background_color": "C0DEED", "profile_background_image_url": "http://abs.twimg.com/images/themes/theme1/bg.png", "profile_background_tile": false, "profile_banner_url": "https://pbs.twimg.com/profile_banners/37948939/1353095836", "profile_image_url": "https://pbs.twimg.com/profile_images/1626482332/fender_strat-401011304341749542_normal.jpg", "profile_link_color": "0084B4", "profile_sidebar_fill_color": "DDEEF6", "profile_text_color": "333333", "protected": false, "screen_name": "dgabbard", "statuses_count": 292, "time_zone": "Quito", "url": "http://t.co/VAA1Ga9uEn", "utc_offset": -18000}, "user_mentions": [{"id": 380749300, "name": "@apple", "screen_name": "Apple"}]}