{"created_at": "Mon Oct 17 14:06:10 +0000 2011", "favorited": false, "id": 125935636300570624, "lang": "en", "retweet_count": 1, "retweeted": false, "retweeted_status": {"created_at": "Mon Oct 17 14:05:38 +0000 2011", "favorited": false, "id": 125935503752171520, "lang": "en", "retweet_count": 1, "retweeted": false, "source": "<a href=\"http://twitter.com\" rel=\"nofollow\">Twitter Web Client</a>", "text": "Is leaving Steve's photo on the @apple home page what he would really want? In his honor...let's get back to innovation!  Eh, @mark_newton?", "truncated": false, "user": {"created_at": "Thu Jun 12 18:17:16 +0000 2008", "description": "speaker, blogger, consultant on #PerformanceHabits, president at irunurun, husband and father of 5", "favourites_count": 19, "followers_count": 1003, "friends_count": 1944, "geo_enabled": true, "id": 15099327, "lang": "en", "listed_count": 16, "location": "Atlanta, GA", "name": "Travis Dommert", "profile_background_color": "C0DEED", "profile_background_image_url": "http://pbs.twimg.com/profile_background_images/170721942/irunurun-logo_tagline-darkreverse-rgb-01_web_small.jpg", "profile_background_tile": true, "profile_banner_url": "https://pbs.twimg.com/profile_banners/15099327/1398285718", "profile_image_url": "https://pbs.twimg.com/profile_images/378800000669419194/67d893ded8c2cc0d8d438897a4902ee9_normal.jpeg", "profile_link_color": "0084B4", "profile_sidebar_fill_color": "DDEEF6", "profile_text_color": "333333", "protected": false, "screen_name": "TravisDommert", "statuses_count": 1264, "time_zone": "Eastern Time (US & Canada)", "url": "http://t.co/ajEFotD66j", "utc_offset": -14400}, "user_mentions": [{"id": 380749300, "name": "@apple", "screen_name": "Apple"}, {"id": 46424620, "name": "Mark Newton", "screen_name": "mark_newton"}]}, "source": "<a href=\"http://twitter.com\" rel=\"nofollow\">Twitter Web Client</a>", "text": "RT @TravisDommert: Is leaving Steve's photo on the @apple home page what he would really want? In his honor...let's get back to innovati ...", "truncated": false, "user": {"created_at": "Thu Jun 11 16:27:31 +0000 2009", "description": "Christian, husband, father of 4, traveler, Founder of @irunurun", "favourites_count": 10, "followers_count": 989, "friends_count": 719, "id": 46424620, "lang": "en", "listed_count": 24, "location": "Atlanta, GA", "name": "Mark Newton", "profile_background_color": "C0DEED", "profile_background_image_url": "http://pbs.twimg.com/profile_background_images/199033849/irunurun-logo_tagline-darkreverse-rgb-01.png", "profile_background_tile": true, "profile_banner_url": "https://pbs.twimg.com/profile_banners/46424620/1357853628", "profile_image_url": "https://pbs.twimg.com/profile_images/3436209948/4169cef1cfb6fa5a895ded935077be6c_normal.jpeg", "profile_link_color": "0084B4", "profile_sidebar_fill_color": "DDEEF6", "profile_text_color": "333333", "protected": false, "screen_name": "mark_newton", "statuses_count": 2488, "time_zone": "Eastern Time (US & Canada)", "url": "http://t.co/j3w7uLVKAX", "utc_offset": -14400}, "user_mentions": [{"id": 15099327, "name": "Travis Dommert", "screen_name": "TravisDommert"}, {"id": 380749300, "name": "@apple", "screen_name": "Apple"}, {"id": 46424620, "name": "Mark Newton", "screen_name": "mark_newton"}]}