{"created_at": "Mon Oct 17 13:06:55 +0000 2011", "favorited": false, "hashtags": ["apple", "siri", "iphone4S", "Ai"], "id": 125920729194704896, "lang": "it", "retweeted": false, "source": "<a href=\"https://about.twitter.com/products/tweetdeck\" rel=\"nofollow\">TweetDeck</a>", "text": "Video: SIRI also gets angry. http://t.co/ksX2XZoR  @chrisvoss @apple #apple #siri #iphone4S #Ai", "truncated": false, "urls": {"http://t.co/ksX2XZoR": "http://bit.ly/pcyBRt"}, "user": {"created_at": "Thu Oct 21 03:20:27 +0000 2010", "description": "Aficionado a la lectura", "followers_count": 26, "friends_count": 69, "id": 205547383, "lang": "es", "listed_count": 6, "location": "USA", "name": "Roberto G\u00f3mez", "profile_background_color": "0099B9", "profile_background_image_url": "http://abs.twimg.com/images/themes/theme1/bg.png", "profile_background_tile": true, "profile_banner_url": "https://pbs.twimg.com/profile_banners/205547383/1398665827", "profile_image_url": "https://pbs.twimg.com/profile_images/1149206079/brilliant_normal.jpg", "profile_link_color": "0099B9", "profile_sidebar_fill_color": "95E8EC", "profile_text_color": "3C3940", "protected": false, "screen_name": "smart_writting", "statuses_count": 4599, "time_zone": "Central Time (US & Canada)", "utc_offset": -18000}, "user_mentions": [{"id": 23172966, "name": "CHRIS VOSS", "screen_name": "CHRISVOSS"}, {"id": 380749300, "name": "@apple", "screen_name": "Apple"}]}