{"created_at": "Mon Oct 17 13:21:42 +0000 2011", "favorited": false, "id": 125924446430183425, "lang": "en", "retweeted": false, "source": "<a href=\"http://twitter.com/download/iphone\" rel=\"nofollow\">Twitter for iPhone</a>", "text": "Thank you @Apple iOS 5 for email pop up on the lock screen and opening it when unlocking.", "truncated": false, "user": {"created_at": "Tue Nov 04 03:13:06 +0000 2008", "favourites_count": 3, "followers_count": 153, "friends_count": 85, "id": 17147626, "lang": "en", "listed_count": 2, "location": "Evansville, IN", "name": "bbarnard", "profile_background_color": "131516", "profile_background_image_url": "http://abs.twimg.com/images/themes/theme14/bg.gif", "profile_background_tile": true, "profile_image_url": "https://pbs.twimg.com/profile_images/1544657748/image_normal.jpg", "profile_link_color": "009999", "profile_sidebar_fill_color": "EFEFEF", "profile_text_color": "333333", "protected": false, "screen_name": "bbarnard", "statuses_count": 1092, "time_zone": "Central Time (US & Canada)", "utc_offset": -18000}, "user_mentions": [{"id": 380749300, "name": "@apple", "screen_name": "Apple"}]}