{"created_at": "Mon Oct 17 14:12:29 +0000 2011", "favorited": false, "hashtags": ["itjustworks"], "id": 125937228328341504, "in_reply_to_screen_name": "jane73", "in_reply_to_status_id": 125930666222301184, "in_reply_to_user_id": 12259402, "lang": "en", "retweeted": false, "source": "<a href=\"http://www.echofon.com/\" rel=\"nofollow\">Echofon</a>", "text": "@jane73 @Gazmaz hopefully it's a small bug @Apple must be fixing it. RIGHT  APPLE }:0( \n#itjustworks", "truncated": false, "user": {"created_at": "Thu Jan 29 11:27:24 +0000 2009", "description": "Hi my name is Mike and I am a amateur photographer and Apple fan.", "favourites_count": 2, "followers_count": 176, "friends_count": 149, "geo_enabled": true, "id": 19706691, "lang": "en", "listed_count": 13, "location": "Torpoint Cornwall UK", "name": "\uf8ff brightphotos ", "profile_background_color": "8B542B", "profile_background_image_url": "http://abs.twimg.com/images/themes/theme7/bg.gif", "profile_background_tile": true, "profile_banner_url": "https://pbs.twimg.com/profile_banners/19706691/1381584885", "profile_image_url": "https://pbs.twimg.com/profile_images/378800000584833595/8434cdf05065e7da0776c542b8b0db36_normal.jpeg", "profile_link_color": "9D582E", "profile_sidebar_fill_color": "EADEAA", "profile_text_color": "333333", "protected": false, "screen_name": "brightphotos", "statuses_count": 5556, "time_zone": "London", "url": "http://t.co/EAt71ui12z", "utc_offset": 3600}, "user_mentions": [{"id": 12259402, "name": "Jane Griffiths", "screen_name": "jane73"}, {"id": 7559322, "name": "Gazmaz", "screen_name": "Gazmaz"}, {"id": 380749300, "name": "@apple", "screen_name": "Apple"}]}