{"created_at": "Mon Oct 17 14:22:57 +0000 2011", "favorited": false, "hashtags": ["Siri", "iPhone4S", "iPhone5"], "id": 125939862078619648, "lang": "en", "retweeted": false, "source": "<a href=\"http://twitter.com/download/iphone\" rel=\"nofollow\">Twitter for iPhone</a>", "text": "#Siri I could have done with out its not that great #iPhone4S I hear the #iPhone5 is coming out #2013 @apple.inc", "truncated": false, "user": {"created_at": "Thu Dec 16 04:31:57 +0000 2010", "favourites_count": 75, "followers_count": 166, "friends_count": 765, "geo_enabled": true, "id": 227186763, "lang": "en", "listed_count": 4, "location": "detroit, michigan", "name": "Mr.lovely sabatage", "profile_background_color": "1A1B1F", "profile_background_image_url": "http://abs.twimg.com/images/themes/theme9/bg.gif", "profile_background_tile": false, "profile_banner_url": "https://pbs.twimg.com/profile_banners/227186763/1369155745", "profile_image_url": "https://pbs.twimg.com/profile_images/378800000028806134/aa1d5d4dfbe0a3b58e26fa6da2744bc4_normal.jpeg", "profile_link_color": "2FC2EF", "profile_sidebar_fill_color": "252429", "profile_text_color": "666666", "protected": false, "screen_name": "Tjay1992", "statuses_count": 4000}, "user_mentions": [{"id": 380749300, "name": "@apple", "screen_name": "Apple"}]}