{"created_at": "Mon Oct 17 14:35:53 +0000 2011", "favorited": false, "hashtags": ["SOCAPac11"], "id": 125943115449253888, "lang": "en", "retweeted": false, "source": "<a href=\"https://about.twitter.com/products/tweetdeck\" rel=\"nofollow\">TweetDeck</a>", "text": "RT @bsdalton: @apple underplayed the power of the iPad via @mitchjoel &lt;yup #SOCAPac11", "truncated": false, "user": {"created_at": "Fri Oct 02 03:09:36 +0000 2009", "description": "Passionate listener and leader.Emphasis on digital marketing, customer experience and technology.Lifelong learner.", "favourites_count": 3, "followers_count": 161, "friends_count": 101, "id": 79079755, "lang": "en", "listed_count": 10, "name": "Jared Romanski", "profile_background_color": "C0DEED", "profile_background_image_url": "http://abs.twimg.com/images/themes/theme1/bg.png", "profile_background_tile": false, "profile_image_url": "https://pbs.twimg.com/profile_images/448049078/jared_cropped_normal.JPG", "profile_link_color": "0084B4", "profile_sidebar_fill_color": "DDEEF6", "profile_text_color": "333333", "protected": false, "screen_name": "JaredRSr", "statuses_count": 2607, "time_zone": "Hawaii", "utc_offset": -36000}, "user_mentions": [{"id": 38577703, "name": "Barry Dalton", "screen_name": "bsdalton"}, {"id": 380749300, "name": "@apple", "screen_name": "Apple"}, {"id": 792907, "name": "Mitch Joel", "screen_name": "mitchjoel"}]}