{"created_at": "Mon Oct 17 13:33:26 +0000 2011", "favorited": false, "hashtags": ["recession"], "id": 125927399010467840, "lang": "en", "retweet_count": 15, "retweeted": false, "retweeted_status": {"created_at": "Mon Oct 17 13:30:21 +0000 2011", "favorite_count": 1, "favorited": false, "hashtags": ["recession"], "id": 125926624930693121, "lang": "en", "retweet_count": 15, "retweeted": false, "source": "<a href=\"http://twitter.com\" rel=\"nofollow\">Twitter Web Client</a>", "text": "Apple have just announced they sold 4 million phones this weekend. Incredible. That recession continues to bite @apple #recession", "truncated": false, "user": {"created_at": "Thu Dec 10 10:57:29 +0000 2009", "description": "I work for the best radio station on the planet: LBC. Member of the Westminster Press Gallery. Pops up on telly, writes stuff etc. Personal views etc.", "favourites_count": 110, "followers_count": 36047, "friends_count": 436, "id": 95877096, "lang": "en", "listed_count": 286, "location": "London", "name": "Ian Collins", "profile_background_color": "1C1A1F", "profile_background_image_url": "http://pbs.twimg.com/profile_background_images/216946869/twilk_background_4d7c8cf66b6a0.jpg", "profile_background_tile": true, "profile_banner_url": "https://pbs.twimg.com/profile_banners/95877096/1371407962", "profile_image_url": "https://pbs.twimg.com/profile_images/1891866792/IMG_0544_normal.JPG", "profile_link_color": "396FF7", "profile_sidebar_fill_color": "1A03AD", "profile_text_color": "D6D6D6", "protected": false, "screen_name": "iancollinsuk", "statuses_count": 26442, "time_zone": "London", "url": "http://t.co/OcoqN7BnlZ", "utc_offset": 3600}, "user_mentions": [{"id": 380749300, "name": "@apple", "screen_name": "Apple"}]}, "source": "<a href=\"http://www.echofon.com/\" rel=\"nofollow\">Echofon</a>", "text": "RT @iancollinsuk: Apple have just announced they sold 4 million phones this weekend. Incredible. That recession continues to bite @apple ...", "truncated": false, "user": {"created_at": "Sat Jan 22 14:59:31 +0000 2011", "description": "Winners never quit.\nWhether you believe you can or can not you are correct. \nWhile you were waiting for the good things I'm going out to get them.", "favourites_count": 1, "followers_count": 129, "friends_count": 373, "geo_enabled": true, "id": 241551338, "lang": "en", "listed_count": 3, "location": "Norwich", "name": "Daniel", "profile_background_color": "C0DEED", "profile_background_image_url": "http://abs.twimg.com/images/themes/theme1/bg.png", "profile_background_tile": false, "profile_image_url": "https://pbs.twimg.com/profile_images/1724386287/IMG_4043_normal.JPG", "profile_link_color": "0084B4", "profile_sidebar_fill_color": "DDEEF6", "profile_text_color": "333333", "protected": false, "screen_name": "DLittlesod", "statuses_count": 2410, "time_zone": "London", "url": "https://t.co/4cOaR5YhtT", "utc_offset": 3600}, "user_mentions": [{"id": 95877096, "name": "Ian Collins", "screen_name": "iancollinsuk"}, {"id": 380749300, "name": "@apple", "screen_name": "Apple"}]}