{"created_at": "Mon Oct 17 14:36:14 +0000 2011", "favorited": false, "id": 125943204943114240, "in_reply_to_screen_name": "Apple", "in_reply_to_user_id": 380749300, "lang": "en", "retweeted": false, "source": "<a href=\"http://twitter.com/download/iphone\" rel=\"nofollow\">Twitter for iPhone</a>", "text": "@apple does iOS 5 rape your battery life? or am I just using my phone a lot since getting it", "truncated": false, "user": {"created_at": "Sat Jun 18 16:04:20 +0000 2011", "description": "Retired porn star, now I'm an expert photocopier repair man, plumber, and pool cleaner. I don't like oysters", "favourites_count": 21, "followers_count": 90, "friends_count": 175, "geo_enabled": true, "id": 319710116, "lang": "en", "location": "Manchester, UK", "name": "James McSweeney", "profile_background_color": "C0DEED", "profile_background_image_url": "http://abs.twimg.com/images/themes/theme1/bg.png", "profile_background_tile": false, "profile_banner_url": "https://pbs.twimg.com/profile_banners/319710116/1376550186", "profile_image_url": "https://pbs.twimg.com/profile_images/378800000300973384/902cf365b65588f0bc368f8f179661be_normal.jpeg", "profile_link_color": "0084B4", "profile_sidebar_fill_color": "DDEEF6", "profile_text_color": "333333", "protected": false, "screen_name": "jimmymcsween", "statuses_count": 1459}, "user_mentions": [{"id": 380749300, "name": "@apple", "screen_name": "Apple"}]}