{"coordinates": {"coordinates": [-80.1244763, 41.866589], "type": "Point"}, "created_at": "Mon Oct 17 12:53:09 +0000 2011", "favorited": false, "geo": {"coordinates": [41.866589, -80.1244763], "type": "Point"}, "hashtags": ["StudentDiscounts"], "id": 125917264267579393, "in_reply_to_screen_name": "BestBuy", "in_reply_to_user_id": 17475575, "lang": "en", "place": {"attributes": {}, "bounding_box": {"coordinates": [[[-80.519851, 39.719801], [-74.689517, 39.719801], [-74.689517, 42.516072], [-80.519851, 42.516072]]], "type": "Polygon"}, "contained_within": [], "country": "United States", "country_code": "US", "full_name": "Pensilv\u00e2nia, USA", "id": "dd9c503d6c35364b", "name": "Pensilv\u00e2nia", "place_type": "admin", "url": "https://api.twitter.com/1.1/geo/id/dd9c503d6c35364b.json"}, "retweeted": false, "source": "<a href=\"http://twitter.com/download/android\" rel=\"nofollow\">Twitter for Android</a>", "text": "@Bestbuy or @Apple to purchase my imac, iPad, and printer? #StudentDiscounts?", "truncated": false, "user": {"created_at": "Thu Feb 25 15:32:31 +0000 2010", "description": "Graphic designer, red headed Gryffindor, & part merman.", "favourites_count": 36, "followers_count": 133, "friends_count": 276, "id": 117439867, "lang": "en", "listed_count": 4, "location": "Adrian, PA", "name": "Josh Yockey", "profile_background_color": "022330", "profile_background_image_url": "http://abs.twimg.com/images/themes/theme15/bg.png", "profile_background_tile": false, "profile_banner_url": "https://pbs.twimg.com/profile_banners/117439867/1354190790", "profile_image_url": "https://pbs.twimg.com/profile_images/378800000053478392/23432e1a4268b3d78ca475a4bee5bc39_normal.jpeg", "profile_link_color": "0084B4", "profile_sidebar_fill_color": "C0DFEC", "profile_text_color": "333333", "protected": false, "screen_name": "JayYock", "statuses_count": 2330, "time_zone": "Central Time (US & Canada)", "url": "http://t.co/RgvexbIe", "utc_offset": -18000}, "user_mentions": [{"id": 17475575, "name": "Best Buy", "screen_name": "BestBuy"}, {"id": 380749300, "name": "@apple", "screen_name": "Apple"}]}