{"created_at": "Mon Oct 17 13:30:21 +0000 2011", "favorite_count": 1, "favorited": false, "hashtags": ["recession"], "id": 125926624930693121, "lang": "en", "retweet_count": 15, "retweeted": false, "source": "<a href=\"http://twitter.com\" rel=\"nofollow\">Twitter Web Client</a>", "text": "Apple have just announced they sold 4 million phones this weekend. Incredible. That recession continues to bite @apple #recession", "truncated": false, "user": {"created_at": "Thu Dec 10 10:57:29 +0000 2009", "description": "I work for the best radio station on the planet: LBC. Member of the Westminster Press Gallery. Pops up on telly, writes stuff etc. Personal views etc.", "favourites_count": 110, "followers_count": 36047, "friends_count": 436, "id": 95877096, "lang": "en", "listed_count": 286, "location": "London", "name": "Ian Collins", "profile_background_color": "1C1A1F", "profile_background_image_url": "http://pbs.twimg.com/profile_background_images/216946869/twilk_background_4d7c8cf66b6a0.jpg", "profile_background_tile": true, "profile_banner_url": "https://pbs.twimg.com/profile_banners/95877096/1371407962", "profile_image_url": "https://pbs.twimg.com/profile_images/1891866792/IMG_0544_normal.JPG", "profile_link_color": "396FF7", "profile_sidebar_fill_color": "1A03AD", "profile_text_color": "D6D6D6", "protected": false, "screen_name": "iancollinsuk", "statuses_count": 26442, "time_zone": "London", "url": "http://t.co/OcoqN7BnlZ", "utc_offset": 3600}, "user_mentions": [{"id": 380749300, "name": "@apple", "screen_name": "Apple"}]}