{"created_at": "Mon Oct 17 14:35:30 +0000 2011", "favorited": false, "hashtags": ["SOCAPac11"], "id": 125943020767019008, "in_reply_to_screen_name": "Apple", "in_reply_to_user_id": 380749300, "lang": "en", "retweeted": false, "source": "<a href=\"http://www.hootsuite.com\" rel=\"nofollow\">Hootsuite</a>", "text": "@apple underplayed the power of the iPad via @mitchjoel &lt;yup #SOCAPac11", "truncated": false, "user": {"created_at": "Fri May 08 01:51:13 +0000 2009", "description": "#custserv, leadership, #crm, #scrm #socbiz & enterprise collaboration. Host of @SMAddicts podcast w @sethgoldstein. Views are my own. RTs are not endorsements.", "favourites_count": 50, "followers_count": 6650, "friends_count": 6039, "id": 38577703, "lang": "en", "listed_count": 414, "location": "USA", "name": "Barry Dalton", "profile_background_color": "131516", "profile_background_image_url": "http://abs.twimg.com/images/themes/theme14/bg.gif", "profile_background_tile": true, "profile_banner_url": "https://pbs.twimg.com/profile_banners/38577703/1391221552", "profile_image_url": "https://pbs.twimg.com/profile_images/599005746/headshot4_normal.jpeg", "profile_link_color": "009999", "profile_sidebar_fill_color": "EFEFEF", "profile_text_color": "333333", "protected": false, "screen_name": "bsdalton", "statuses_count": 12234, "time_zone": "Eastern Time (US & Canada)", "url": "http://t.co/0aLyccMNhr", "utc_offset": -14400}, "user_mentions": [{"id": 380749300, "name": "@apple", "screen_name": "Apple"}, {"id": 792907, "name": "Mitch Joel", "screen_name": "mitchjoel"}]}