{"created_at": "Mon Oct 17 13:26:21 +0000 2011", "favorited": false, "id": 125925618486489088, "lang": "en", "retweeted": false, "source": "<a href=\"http://twitter.com/download/iphone\" rel=\"nofollow\">Twitter for iPhone</a>", "text": "Been off twitter for a few days as I smashed my iPhone but @apple were very nice and gave me a new one :)", "truncated": false, "user": {"created_at": "Wed Mar 18 10:10:09 +0000 2009", "description": "Resident dj for We Love Fundays and Dont Talk Dance @ Saint Judes.", "favourites_count": 81, "followers_count": 357, "friends_count": 471, "id": 25052362, "lang": "en", "listed_count": 1, "location": "sunny glasgow", "name": "Chris We\u2764Fundays", "profile_background_color": "EDECE9", "profile_background_image_url": "http://pbs.twimg.com/profile_background_images/43499497/music.jpg", "profile_background_tile": true, "profile_banner_url": "https://pbs.twimg.com/profile_banners/25052362/1353934237", "profile_image_url": "https://pbs.twimg.com/profile_images/3239371468/02593fafb36189f57d26044de38acfbc_normal.jpeg", "profile_link_color": "000000", "profile_sidebar_fill_color": "E3E2DE", "profile_text_color": "000000", "protected": false, "screen_name": "Boxocubius", "statuses_count": 7206, "time_zone": "Amsterdam", "url": "http://t.co/L3BTw1ZnJh", "utc_offset": 7200}, "user_mentions": [{"id": 380749300, "name": "@apple", "screen_name": "Apple"}]}