{"coordinates": {"coordinates": [-74.857068, 40.184224], "type": "Point"}, "created_at": "Mon Oct 17 13:43:46 +0000 2011", "favorited": false, "geo": {"coordinates": [40.184224, -74.857068], "type": "Point"}, "hashtags": ["siri"], "id": 125930002607906816, "lang": "en", "place": {"attributes": {}, "bounding_box": {"coordinates": [[[-74.871397, 40.165669], [-74.830062, 40.165669], [-74.830062, 40.190632], [-74.871397, 40.190632]]], "type": "Polygon"}, "contained_within": [], "country": "United States", "country_code": "US", "full_name": "Fairless Hills, PA", "id": "19a96d6874c66a82", "name": "Fairless Hills", "place_type": "city", "url": "https://api.twitter.com/1.1/geo/id/19a96d6874c66a82.json"}, "retweeted": false, "source": "<a href=\"http://www.handmark.com\" rel=\"nofollow\">TweetCaster for iOS</a>", "text": "Great video @apple 1987 predicting tablets & a form of #siri at the end of this article RT @jedsinger: (cont) http://t.co/RDBeuCtt", "truncated": false, "urls": {"http://t.co/RDBeuCtt": "http://tl.gd/dm4339"}, "user": {"created_at": "Wed Dec 02 16:43:20 +0000 2009", "description": "marketing + design guy", "favourites_count": 25, "followers_count": 522, "friends_count": 686, "geo_enabled": true, "id": 94124767, "lang": "en", "listed_count": 25, "location": "philadelphia", "name": "Robert Norton", "profile_background_color": "FFFFFF", "profile_background_image_url": "http://pbs.twimg.com/profile_background_images/703399590/9e8aef0eb6048949d5609aa102f7e6b0.jpeg", "profile_background_tile": true, "profile_banner_url": "https://pbs.twimg.com/profile_banners/94124767/1362245782", "profile_image_url": "https://pbs.twimg.com/profile_images/469576660665114625/0sj8vf2X_normal.jpeg", "profile_link_color": "00A29C", "profile_sidebar_fill_color": "E6F6F9", "profile_text_color": "333333", "protected": false, "screen_name": "bobbyisfresh", "statuses_count": 4891, "time_zone": "Central Time (US & Canada)", "url": "http://t.co/VVwPSBHiY1", "utc_offset": -18000}, "user_mentions": [{"id": 380749300, "name": "@apple", "screen_name": "Apple"}, {"id": 15244821, "name": "Jed C. Singer", "screen_name": "jedsinger"}]}