{"created_at": "Mon Oct 17 13:06:54 +0000 2011", "favorited": false, "hashtags": ["apple", "siri", "iphone4S", "Ai"], "id": 125920721200361472, "lang": "en", "retweeted": false, "source": "<a href=\"https://about.twitter.com/products/tweetdeck\" rel=\"nofollow\">TweetDeck</a>", "text": "Video: SIRI also gets angry. http://t.co/Xx1chZbN  @chrisvoss @apple #apple #siri #iphone4S #Ai", "truncated": false, "urls": {"http://t.co/Xx1chZbN": "http://bit.ly/pcyBRt"}, "user": {"created_at": "Fri Mar 13 15:17:48 +0000 2009", "description": "MBA, CEO of Medicina Natural", "followers_count": 207, "friends_count": 174, "id": 24187284, "lang": "en", "listed_count": 13, "location": "USA", "name": "Francisco De Jes\u00fas", "profile_background_color": "0099B9", "profile_background_image_url": "http://abs.twimg.com/images/themes/theme4/bg.gif", "profile_background_tile": false, "profile_banner_url": "https://pbs.twimg.com/profile_banners/24187284/1399603730", "profile_image_url": "https://pbs.twimg.com/profile_images/804837580/photo1_normal.jpg", "profile_link_color": "0099B9", "profile_sidebar_fill_color": "95E8EC", "profile_text_color": "3C3940", "protected": false, "screen_name": "aquitayo", "statuses_count": 15980, "time_zone": "Pacific Time (US & Canada)", "url": "http://t.co/PfochDbQBT", "utc_offset": -25200}, "user_mentions": [{"id": 23172966, "name": "CHRIS VOSS", "screen_name": "CHRISVOSS"}, {"id": 380749300, "name": "@apple", "screen_name": "Apple"}]}