{"created_at": "Mon Oct 17 14:06:07 +0000 2011", "favorited": false, "hashtags": ["innov"], "id": 125935627056324609, "lang": "en", "retweeted": false, "source": "<a href=\"http://twitterfeed.com\" rel=\"nofollow\">twitterfeed</a>", "text": "RT @TravisDommert:Is leaving Steve's photo on the @apple home page what he would really want? In his honor...let's get back to #innov...", "truncated": false, "user": {"created_at": "Sun Dec 28 23:10:50 +0000 2008", "description": "Always looking for new discoveries, innovation, and interesting people.", "favourites_count": 10, "followers_count": 8766, "friends_count": 5570, "id": 18436433, "lang": "en", "listed_count": 258, "location": "Online", "name": "Creativitybot", "profile_background_color": "022330", "profile_background_image_url": "http://pbs.twimg.com/profile_background_images/724665509/24488bd6b5ba3010bdb5bab93e04fb5f.jpeg", "profile_background_tile": false, "profile_image_url": "https://pbs.twimg.com/profile_images/2911262356/ee0ec8be8ae72d15856ee4c5c8665c13_normal.jpeg", "profile_link_color": "0084B4", "profile_sidebar_fill_color": "FFF7CC", "profile_text_color": "0C3E53", "protected": false, "screen_name": "TweetDiscovered", "statuses_count": 105758, "time_zone": "Central Time (US & Canada)", "url": "http://t.co/5J0teFLL4H", "utc_offset": -18000}, "user_mentions": [{"id": 15099327, "name": "Travis Dommert", "screen_name": "TravisDommert"}, {"id": 380749300, "name": "@apple", "screen_name": "Apple"}]}